R,lim,r,p,q,N,N_mod5,sigma_abs,r_sigma,c0,c1,c2,c3
44.8913,45.0,0.000000,0,0,0,0,0.000000,0.000000,0,0,0,0
40.6982,45.0,122.991869,4181,6765,1,1,0.008131,1.000000,0,550,340,550
40.6982,45.0,122.991869,4181,6765,1,1,0.008131,1.000000,550,-550,0,-890
40.6982,45.0,122.991869,4181,6765,1,1,0.008131,1.000000,-890,340,-340,890
40.6982,45.0,122.991869,4181,6765,1,1,0.008131,1.000000,890,0,550,-550
40.6982,45.0,122.991869,4181,6765,1,1,0.008131,1.000000,-550,-340,-550,0
40.6982,45.0,189.820967,9959,16114,11,1,0.017472,3.316625,1100,340,890,-340
40.6982,45.0,189.820967,9959,16114,11,1,0.017472,3.316625,1440,-340,680,-1230
40.6982,45.0,189.820967,9959,16114,11,1,0.017472,3.316625,-1100,760,-210,1440
40.6982,45.0,189.820967,9959,16114,11,1,0.017472,3.316625,-340,-760,-680,-550
40.6982,45.0,189.820967,9959,16114,11,1,0.017472,3.316625,-550,890,210,1230
40.6982,45.0,189.820967,9959,16114,11,1,0.017472,3.316625,340,-890,-340,-1100
40.6982,45.0,189.820967,9959,16114,11,1,0.017472,3.316625,550,680,760,340
40.6982,45.0,189.820967,9959,16114,11,1,0.017472,3.316625,1230,-680,340,-1440
40.6982,45.0,189.820967,9959,16114,11,1,0.017472,3.316625,-1230,-210,-890,550
40.6982,45.0,189.820967,9959,16114,11,1,0.017472,3.316625,-1440,210,-760,1100
37.8276,45.0,46.978714,610,987,1,1,0.021286,1.000000,0,-210,-130,-210
37.8276,45.0,46.978714,610,987,1,1,0.021286,1.000000,210,130,210,0
37.8276,45.0,46.978714,610,987,1,1,0.021286,1.000000,-340,0,-210,210
37.8276,45.0,46.978714,610,987,1,1,0.021286,1.000000,340,-130,130,-340
37.8276,45.0,46.978714,610,987,1,1,0.021286,1.000000,-210,210,0,340
6.5378,45.0,17.944272,89,144,1,1,0.055728,1.000000,130,0,80,-80
6.5378,45.0,17.944272,89,144,1,1,0.055728,1.000000,0,80,50,80
6.5378,45.0,17.944272,89,144,1,1,0.055728,1.000000,-130,50,-50,130
6.5378,45.0,17.944272,89,144,1,1,0.055728,1.000000,-80,-50,-80,0
6.5378,45.0,17.944272,89,144,1,1,0.055728,1.000000,80,-80,0,-130
6.5378,45.0,27.694506,212,343,11,1,0.119757,3.316625,80,100,110,50
6.5378,45.0,27.694506,212,343,11,1,0.119757,3.316625,160,50,130,-50
6.5378,45.0,27.694506,212,343,11,1,0.119757,3.316625,-210,30,-110,160
6.5378,45.0,27.694506,212,343,11,1,0.119757,3.316625,-180,-30,-130,80
6.5378,45.0,27.694506,212,343,11,1,0.119757,3.316625,50,-130,-50,-160
6.5378,45.0,27.694506,212,343,11,1,0.119757,3.316625,180,-100,50,-210
6.5378,45.0,27.694506,212,343,11,1,0.119757,3.316625,210,-50,100,-180
6.5378,45.0,27.694506,212,343,11,1,0.119757,3.316625,-160,110,-30,210
6.5378,45.0,27.694506,212,343,11,1,0.119757,3.316625,-80,130,30,180
6.5378,45.0,27.694506,212,343,11,1,0.119757,3.316625,-50,-110,-100,-80
6.5378,45.0,34.132033,322,521,5,0,0.065512,2.236068,260,-50,130,-210
6.5378,45.0,34.132033,322,521,5,0,0.065512,2.236068,-210,130,-50,260
6.5378,45.0,34.132033,322,521,5,0,0.065512,2.236068,210,-130,50,-260
6.5378,45.0,34.132033,322,521,5,0,0.065512,2.236068,210,50,160,-80
6.5378,45.0,34.132033,322,521,5,0,0.065512,2.236068,-210,-50,-160,80
6.5378,45.0,34.132033,322,521,5,0,0.065512,2.236068,80,130,130,80
6.5378,45.0,34.132033,322,521,5,0,0.065512,2.236068,-80,160,50,210
6.5378,45.0,34.132033,322,521,5,0,0.065512,2.236068,-80,-130,-130,-80
6.5378,45.0,34.132033,322,521,5,0,0.065512,2.236068,-260,50,-130,210
6.5378,45.0,34.132033,322,521,5,0,0.065512,2.236068,80,-160,-50,-210
6.5378,45.0,38.561543,411,665,11,1,0.086009,3.316625,210,-160,30,-290
6.5378,45.0,38.561543,411,665,11,1,0.086009,3.316625,-290,80,-130,260
6.5378,45.0,38.561543,411,665,11,1,0.086009,3.316625,-210,-80,-180,50
6.5378,45.0,38.561543,411,665,11,1,0.086009,3.316625,-130,-130,-160,-50
6.5378,45.0,38.561543,411,665,11,1,0.086009,3.316625,-260,130,-80,290
6.5378,45.0,38.561543,411,665,11,1,0.086009,3.316625,130,-180,-30,-260
6.5378,45.0,38.561543,411,665,11,1,0.086009,3.316625,50,160,130,130
6.5378,45.0,38.561543,411,665,11,1,0.086009,3.316625,260,30,180,-130
6.5378,45.0,38.561543,411,665,11,1,0.086009,3.316625,-50,180,80,210
6.5378,45.0,38.561543,411,665,11,1,0.086009,3.316625,290,-30,160,-210
6.5378,45.0,51.497459,733,1186,31,1,0.108117,5.567764,-390,100,-180,340
6.5378,45.0,51.497459,733,1186,31,1,0.108117,5.567764,390,-50,210,-290
6.5378,45.0,51.497459,733,1186,31,1,0.108117,5.567764,-340,180,-100,390
6.5378,45.0,51.497459,733,1186,31,1,0.108117,5.567764,80,210,180,160
6.5378,45.0,51.497459,733,1186,31,1,0.108117,5.567764,-80,240,100,290
6.5378,45.0,51.497459,733,1186,31,1,0.108117,5.567764,340,50,240,-160
6.5378,45.0,51.497459,733,1186,31,1,0.108117,5.567764,160,-240,-50,-340
6.5378,45.0,51.497459,733,1186,31,1,0.108117,5.567764,-290,-100,-240,80
6.5378,45.0,51.497459,733,1186,31,1,0.108117,5.567764,290,-210,50,-390
6.5378,45.0,51.497459,733,1186,31,1,0.108117,5.567764,-160,-180,-210,-80
6.5378,45.0,55.226790,843,1364,5,0,0.040489,2.236068,340,80,260,-130
6.5378,45.0,55.226790,843,1364,5,0,0.040489,2.236068,420,-80,210,-340
6.5378,45.0,55.226790,843,1364,5,0,0.040489,2.236068,130,210,210,130
6.5378,45.0,55.226790,843,1364,5,0,0.040489,2.236068,-340,-80,-260,130
6.5378,45.0,55.226790,843,1364,5,0,0.040489,2.236068,-130,260,80,340
6.5378,45.0,55.226790,843,1364,5,0,0.040489,2.236068,-340,210,-80,420
6.5378,45.0,55.226790,843,1364,5,0,0.040489,2.236068,130,-260,-80,-340
6.5378,45.0,55.226790,843,1364,5,0,0.040489,2.236068,-130,-210,-210,-130
6.5378,45.0,55.226790,843,1364,5,0,0.040489,2.236068,-420,80,-210,340
6.5378,45.0,55.226790,843,1364,5,0,0.040489,2.236068,340,-210,80,-420
6.5378,45.0,58.068884,932,1508,16,1,0.068884,4.000000,420,0,260,-260
6.5378,45.0,58.068884,932,1508,16,1,0.068884,4.000000,0,260,160,260
6.5378,45.0,58.068884,932,1508,16,1,0.068884,4.000000,-420,160,-160,420
6.5378,45.0,58.068884,932,1508,16,1,0.068884,4.000000,-260,-160,-260,0
6.5378,45.0,58.068884,932,1508,16,1,0.068884,4.000000,260,-260,0,-420
6.5378,45.0,61.781745,1055,1707,61,1,0.126417,7.810250,-370,240,-80,470
6.5378,45.0,61.781745,1055,1707,61,1,0.126417,7.810250,470,-100,230,-390
6.5378,45.0,61.781745,1055,1707,61,1,0.126417,7.810250,-390,-80,-290,160
6.5378,45.0,61.781745,1055,1707,61,1,0.126417,7.810250,-470,80,-240,370
6.5378,45.0,61.781745,1055,1707,61,1,0.126417,7.810250,390,-230,100,-470
6.5378,45.0,61.781745,1055,1707,61,1,0.126417,7.810250,370,100,290,-130
6.5378,45.0,61.781745,1055,1707,61,1,0.126417,7.810250,160,230,240,130
6.5378,45.0,61.781745,1055,1707,61,1,0.126417,7.810250,130,-290,-100,-370
6.5378,45.0,61.781745,1055,1707,61,1,0.126417,7.810250,-160,290,80,390
6.5378,45.0,61.781745,1055,1707,61,1,0.126417,7.810250,-130,-240,-230,-160
6.5378,45.0,64.922986,1165,1885,25,0,0.077014,5.000000,470,-180,180,-470
6.5378,45.0,64.922986,1165,1885,25,0,0.077014,5.000000,0,-290,-180,-290
6.5378,45.0,64.922986,1165,1885,25,0,0.077014,5.000000,-290,290,0,470
6.5378,45.0,64.922986,1165,1885,25,0,0.077014,5.000000,290,180,290,0
6.5378,45.0,64.922986,1165,1885,25,0,0.077014,5.000000,-470,0,-290,290
6.5378,45.0,64.922986,1165,1885,25,0,0.077014,5.000000,-470,180,-180,470
6.5378,45.0,64.922986,1165,1885,25,0,0.077014,5.000000,-290,-180,-290,0
6.5378,45.0,64.922986,1165,1885,25,0,0.077014,5.000000,470,0,290,-290
6.5378,45.0,64.922986,1165,1885,25,0,0.077014,5.000000,290,-290,0,-470
6.5378,45.0,64.922986,1165,1885,25,0,0.077014,5.000000,0,290,180,290
6.5378,45.0,67.357189,1254,2029,41,1,0.095062,6.403124,-260,310,30,470
6.5378,45.0,67.357189,1254,2029,41,1,0.095062,6.403124,-500,30,-290,340
6.5378,45.0,67.357189,1254,2029,41,1,0.095062,6.403124,-470,-30,-310,260
6.5378,45.0,67.357189,1254,2029,41,1,0.095062,6.403124,470,-210,160,-500
6.5378,45.0,67.357189,1254,2029,41,1,0.095062,6.403124,50,-310,-160,-340
6.5378,45.0,67.357189,1254,2029,41,1,0.095062,6.403124,-340,290,-30,500
6.5378,45.0,67.357189,1254,2029,41,1,0.095062,6.403124,500,-160,210,-470
6.5378,45.0,67.357189,1254,2029,41,1,0.095062,6.403124,260,210,290,50
6.5378,45.0,67.357189,1254,2029,41,1,0.095062,6.403124,340,160,310,-50
6.5378,45.0,67.357189,1254,2029,41,1,0.095062,6.403124,-50,-290,-210,-260
6.5378,45.0,72.505158,1453,2351,11,1,0.045743,3.316625,-470,260,-130,550
6.5378,45.0,72.505158,1453,2351,11,1,0.045743,3.316625,130,290,260,210
6.5378,45.0,72.505158,1453,2351,11,1,0.045743,3.316625,-420,-130,-340,130
6.5378,45.0,72.505158,1453,2351,11,1,0.045743,3.316625,550,-80,290,-420
6.5378,45.0,72.505158,1453,2351,11,1,0.045743,3.316625,-210,-260,-290,-130
6.5378,45.0,72.505158,1453,2351,11,1,0.045743,3.316625,470,80,340,-210
6.5378,45.0,72.505158,1453,2351,11,1,0.045743,3.316625,-550,130,-260,470
6.5378,45.0,72.505158,1453,2351,11,1,0.045743,3.316625,420,-290,80,-550
6.5378,45.0,72.505158,1453,2351,11,1,0.045743,3.316625,-130,340,130,420
6.5378,45.0,72.505158,1453,2351,11,1,0.045743,3.316625,210,-340,-80,-470
6.5378,45.0,73.348414,1487,2406,55,0,0.101109,7.416198,390,-310,50,-550
6.5378,45.0,73.348414,1487,2406,55,0,0.101109,7.416198,-260,-240,-310,-80
6.5378,45.0,73.348414,1487,2406,55,0,0.101109,7.416198,-500,240,-160,550
6.5378,45.0,73.348414,1487,2406,55,0,0.101109,7.416198,500,50,340,-260
6.5378,45.0,73.348414,1487,2406,55,0,0.101109,7.416198,260,-340,-50,-500
6.5378,45.0,73.348414,1487,2406,55,0,0.101109,7.416198,80,310,240,260
6.5378,45.0,73.348414,1487,2406,55,0,0.101109,7.416198,-550,160,-240,500
6.5378,45.0,73.348414,1487,2406,55,0,0.101109,7.416198,-80,340,160,390
6.5378,45.0,73.348414,1487,2406,55,0,0.101109,7.416198,550,-50,310,-390
6.5378,45.0,73.348414,1487,2406,55,0,0.101109,7.416198,-390,-160,-340,80
6.5378,45.0,80.137342,1775,2872,41,1,0.079902,6.403124,420,180,370,-80
6.5378,45.0,80.137342,1775,2872,41,1,0.079902,6.403124,600,-180,260,-550
6.5378,45.0,80.137342,1775,2872,41,1,0.079902,6.403124,-80,-340,-260,-290
6.5378,45.0,80.137342,1775,2872,41,1,0.079902,6.403124,550,-260,180,-600
6.5378,45.0,80.137342,1775,2872,41,1,0.079902,6.403124,-420,340,-50,600
6.5378,45.0,80.137342,1775,2872,41,1,0.079902,6.403124,-550,-50,-370,290
6.5378,45.0,80.137342,1775,2872,41,1,0.079902,6.403124,290,260,340,80
6.5378,45.0,80.137342,1775,2872,41,1,0.079902,6.403124,-290,370,50,550
6.5378,45.0,80.137342,1775,2872,41,1,0.079902,6.403124,-600,50,-340,420
6.5378,45.0,80.137342,1775,2872,41,1,0.079902,6.403124,80,-370,-180,-420
6.5378,45.0,82.867258,1898,3071,121,1,0.132742,11.000000,-630,110,-320,500
6.5378,45.0,82.867258,1898,3071,121,1,0.132742,11.000000,210,310,320,180
6.5378,45.0,82.867258,1898,3071,121,1,0.132742,11.000000,630,-130,310,-520
6.5378,45.0,82.867258,1898,3071,121,1,0.132742,11.000000,-520,-110,-390,210
6.5378,45.0,82.867258,1898,3071,121,1,0.132742,11.000000,520,-310,130,-630
6.5378,45.0,82.867258,1898,3071,121,1,0.132742,11.000000,-180,-320,-310,-210
6.5378,45.0,82.867258,1898,3071,121,1,0.132742,11.000000,-500,320,-110,630
6.5378,45.0,82.867258,1898,3071,121,1,0.132742,11.000000,180,-390,-130,-500
6.5378,45.0,82.867258,1898,3071,121,1,0.132742,11.000000,500,130,390,-180
6.5378,45.0,82.867258,1898,3071,121,1,0.132742,11.000000,-210,390,110,520
6.5378,45.0,85.234925,2008,3249,55,0,0.087009,7.416198,-630,30,-370,420
6.5378,45.0,85.234925,2008,3249,55,0,0.087009,7.416198,-340,390,30,600
6.5378,45.0,85.234925,2008,3249,55,0,0.087009,7.416198,600,-260,210,-630
6.5378,45.0,85.234925,2008,3249,55,0,0.087009,7.416198,50,-390,-210,-420
6.5378,45.0,85.234925,2008,3249,55,0,0.087009,7.416198,-420,370,-30,630
6.5378,45.0,85.234925,2008,3249,55,0,0.087009,7.416198,340,260,370,50
6.5378,45.0,85.234925,2008,3249,55,0,0.087009,7.416198,-50,-370,-260,-340
6.5378,45.0,85.234925,2008,3249,55,0,0.087009,7.416198,420,210,390,-50
6.5378,45.0,85.234925,2008,3249,55,0,0.087009,7.416198,630,-210,260,-600
6.5378,45.0,85.234925,2008,3249,55,0,0.087009,7.416198,-600,-30,-390,340
6.5378,45.0,85.234925,2008,3249,55,0,0.087009,7.416198,-630,210,-260,600
6.5378,45.0,85.234925,2008,3249,55,0,0.087009,7.416198,600,30,390,-340
6.5378,45.0,85.234925,2008,3249,55,0,0.087009,7.416198,50,370,260,340
6.5378,45.0,85.234925,2008,3249,55,0,0.087009,7.416198,-50,390,210,420
6.5378,45.0,85.234925,2008,3249,55,0,0.087009,7.416198,-340,-260,-370,-50
6.5378,45.0,85.234925,2008,3249,55,0,0.087009,7.416198,-600,260,-210,630
6.5378,45.0,85.234925,2008,3249,55,0,0.087009,7.416198,340,-390,-30,-600
6.5378,45.0,85.234925,2008,3249,55,0,0.087009,7.416198,630,-30,370,-420
6.5378,45.0,85.234925,2008,3249,55,0,0.087009,7.416198,420,-370,30,-630
6.5378,45.0,85.234925,2008,3249,55,0,0.087009,7.416198,-420,-210,-390,50
6.5378,45.0,87.103326,2097,3393,81,1,0.103326,9.000000,-630,0,-390,390
6.5378,45.0,87.103326,2097,3393,81,1,0.103326,9.000000,390,240,390,0
6.5378,45.0,87.103326,2097,3393,81,1,0.103326,9.000000,-390,390,0,630
6.5378,45.0,87.103326,2097,3393,81,1,0.103326,9.000000,0,-390,-240,-390
6.5378,45.0,87.103326,2097,3393,81,1,0.103326,9.000000,630,-240,240,-630
6.5378,45.0,89.358824,2207,3571,5,0,0.025023,2.236068,680,-130,340,-550
6.5378,45.0,89.358824,2207,3571,5,0,0.025023,2.236068,550,130,420,-210
6.5378,45.0,89.358824,2207,3571,5,0,0.025023,2.236068,550,-340,130,-680
6.5378,45.0,89.358824,2207,3571,5,0,0.025023,2.236068,-680,130,-340,550
6.5378,45.0,89.358824,2207,3571,5,0,0.025023,2.236068,210,340,340,210
6.5378,45.0,89.358824,2207,3571,5,0,0.025023,2.236068,-550,340,-130,680
6.5378,45.0,89.358824,2207,3571,5,0,0.025023,2.236068,-210,-340,-340,-210
6.5378,45.0,89.358824,2207,3571,5,0,0.025023,2.236068,210,-420,-130,-550
6.5378,45.0,89.358824,2207,3571,5,0,0.025023,2.236068,-210,420,130,550
6.5378,45.0,89.358824,2207,3571,5,0,0.025023,2.236068,-550,-130,-420,210
6.5378,45.0,91.142725,2296,3715,31,1,0.061088,5.567764,-630,290,-210,680
6.5378,45.0,91.142725,2296,3715,31,1,0.061088,5.567764,680,-50,390,-470
6.5378,45.0,91.142725,2296,3715,31,1,0.061088,5.567764,470,-390,50,-680
6.5378,45.0,91.142725,2296,3715,31,1,0.061088,5.567764,-470,-210,-420,80
6.5378,45.0,91.142725,2296,3715,31,1,0.061088,5.567764,80,390,290,340
6.5378,45.0,91.142725,2296,3715,31,1,0.061088,5.567764,-680,210,-290,630
6.5378,45.0,91.142725,2296,3715,31,1,0.061088,5.567764,-340,-290,-390,-80
6.5378,45.0,91.142725,2296,3715,31,1,0.061088,5.567764,630,50,420,-340
6.5378,45.0,91.142725,2296,3715,31,1,0.061088,5.567764,340,-420,-50,-630
6.5378,45.0,91.142725,2296,3715,31,1,0.061088,5.567764,-80,420,210,470
6.5378,45.0,93.552045,2419,3914,131,1,0.122344,11.445523,710,-110,370,-550
6.5378,45.0,93.552045,2419,3914,131,1,0.122344,11.445523,600,110,440,-260
6.5378,45.0,93.552045,2419,3914,131,1,0.122344,11.445523,-600,340,-160,710
6.5378,45.0,93.552045,2419,3914,131,1,0.122344,11.445523,260,-440,-110,-600
6.5378,45.0,93.552045,2419,3914,131,1,0.122344,11.445523,-180,440,160,550
6.5378,45.0,93.552045,2419,3914,131,1,0.122344,11.445523,-260,-340,-370,-180
6.5378,45.0,93.552045,2419,3914,131,1,0.122344,11.445523,550,-370,110,-710
6.5378,45.0,93.552045,2419,3914,131,1,0.122344,11.445523,180,370,340,260
6.5378,45.0,93.552045,2419,3914,131,1,0.122344,11.445523,-710,160,-340,600
6.5378,45.0,93.552045,2419,3914,131,1,0.122344,11.445523,-550,-160,-440,180
6.5378,45.0,100.955430,2817,4558,11,1,0.032852,3.316625,-680,-80,-470,340
6.5378,45.0,100.955430,2817,4558,11,1,0.032852,3.316625,760,-210,340,-680
6.5378,45.0,100.955430,2817,4558,11,1,0.032852,3.316625,-760,80,-420,550
6.5378,45.0,100.955430,2817,4558,11,1,0.032852,3.316625,680,-340,210,-760
6.5378,45.0,100.955430,2817,4558,11,1,0.032852,3.316625,550,210,470,-130
6.5378,45.0,100.955430,2817,4558,11,1,0.032852,3.316625,130,-470,-210,-550
6.5378,45.0,100.955430,2817,4558,11,1,0.032852,3.316625,-340,470,80,680
6.5378,45.0,100.955430,2817,4558,11,1,0.032852,3.316625,-130,-420,-340,-340
6.5378,45.0,100.955430,2817,4558,11,1,0.032852,3.316625,-550,420,-80,760
6.5378,45.0,100.955430,2817,4558,11,1,0.032852,3.316625,340,340,420,130
6.5378,45.0,103.135773,2940,4757,131,1,0.110975,11.445523,-420,-310,-450,-50
6.5378,45.0,103.135773,2940,4757,131,1,0.110975,11.445523,-50,470,260,500
6.5378,45.0,103.135773,2940,4757,131,1,0.110975,11.445523,420,-470,-30,-730
6.5378,45.0,103.135773,2940,4757,131,1,0.110975,11.445523,-760,260,-310,730
6.5378,45.0,103.135773,2940,4757,131,1,0.110975,11.445523,760,-30,450,-500
6.5378,45.0,103.135773,2940,4757,131,1,0.110975,11.445523,730,30,470,-420
6.5378,45.0,103.135773,2940,4757,131,1,0.110975,11.445523,-730,310,-260,760
6.5378,45.0,103.135773,2940,4757,131,1,0.110975,11.445523,50,450,310,420
6.5378,45.0,103.135773,2940,4757,131,1,0.110975,11.445523,500,-450,30,-760
6.5378,45.0,103.135773,2940,4757,131,1,0.110975,11.445523,-500,-260,-470,50
6.5378,45.0,105.047597,3050,4935,25,0,0.047597,5.000000,-760,290,-290,760
6.5378,45.0,105.047597,3050,4935,25,0,0.047597,5.000000,760,0,470,-470
6.5378,45.0,105.047597,3050,4935,25,0,0.047597,5.000000,-470,-290,-470,0
6.5378,45.0,105.047597,3050,4935,25,0,0.047597,5.000000,470,-470,0,-760
6.5378,45.0,105.047597,3050,4935,25,0,0.047597,5.000000,0,470,290,470
6.5378,45.0,105.047597,3050,4935,25,0,0.047597,5.000000,0,-470,-290,-470
6.5378,45.0,105.047597,3050,4935,25,0,0.047597,5.000000,760,-290,290,-760
6.5378,45.0,105.047597,3050,4935,25,0,0.047597,5.000000,-470,470,0,760
6.5378,45.0,105.047597,3050,4935,25,0,0.047597,5.000000,-760,0,-470,470
6.5378,45.0,105.047597,3050,4935,25,0,0.047597,5.000000,470,290,470,0
6.5378,45.0,106.569201,3139,5079,61,1,0.073288,7.810250,-630,-180,-500,210
6.5378,45.0,106.569201,3139,5079,61,1,0.073288,7.810250,290,-500,-130,-680
6.5378,45.0,106.569201,3139,5079,61,1,0.073288,7.810250,-680,390,-180,810
6.5378,45.0,106.569201,3139,5079,61,1,0.073288,7.810250,-810,180,-390,680
6.5378,45.0,106.569201,3139,5079,61,1,0.073288,7.810250,680,130,500,-290
6.5378,45.0,106.569201,3139,5079,61,1,0.073288,7.810250,-210,500,180,630
6.5378,45.0,106.569201,3139,5079,61,1,0.073288,7.810250,-290,-390,-420,-210
6.5378,45.0,106.569201,3139,5079,61,1,0.073288,7.810250,630,-420,130,-810
6.5378,45.0,106.569201,3139,5079,61,1,0.073288,7.810250,810,-130,420,-630
6.5378,45.0,106.569201,3139,5079,61,1,0.073288,7.810250,210,420,390,290
6.5378,45.0,110.453580,3372,5456,80,0,0.080978,8.944272,840,-160,420,-680
6.5378,45.0,110.453580,3372,5456,80,0,0.080978,8.944272,-680,-160,-520,260
6.5378,45.0,110.453580,3372,5456,80,0,0.080978,8.944272,-260,-420,-420,-260
6.5378,45.0,110.453580,3372,5456,80,0,0.080978,8.944272,680,160,520,-260
6.5378,45.0,110.453580,3372,5456,80,0,0.080978,8.944272,-680,420,-160,840
6.5378,45.0,110.453580,3372,5456,80,0,0.080978,8.944272,680,-420,160,-840
6.5378,45.0,110.453580,3372,5456,80,0,0.080978,8.944272,260,-520,-160,-680
6.5378,45.0,110.453580,3372,5456,80,0,0.080978,8.944272,260,420,420,260
6.5378,45.0,110.453580,3372,5456,80,0,0.080978,8.944272,-840,160,-420,680
6.5378,45.0,110.453580,3372,5456,80,0,0.080978,8.944272,-260,520,160,680
6.5378,45.0,111.901699,3461,5600,121,1,0.098301,11.000000,760,80,520,-390
6.5378,45.0,111.901699,3461,5600,121,1,0.098301,11.000000,-390,-370,-470,-130
6.5378,45.0,111.901699,3461,5600,121,1,0.098301,11.000000,840,-80,470,-600
6.5378,45.0,111.901699,3461,5600,121,1,0.098301,11.000000,-600,-240,-520,130
6.5378,45.0,111.901699,3461,5600,121,1,0.098301,11.000000,130,470,370,390
6.5378,45.0,111.901699,3461,5600,121,1,0.098301,11.000000,-760,370,-240,840
6.5378,45.0,111.901699,3461,5600,121,1,0.098301,11.000000,-840,240,-370,760
6.5378,45.0,111.901699,3461,5600,121,1,0.098301,11.000000,600,-470,80,-840
6.5378,45.0,111.901699,3461,5600,121,1,0.098301,11.000000,390,-520,-80,-760
6.5378,45.0,111.901699,3461,5600,121,1,0.098301,11.000000,-130,520,240,600
6.5378,45.0,111.901699,3461,5600,121,1,0.098301,11.000000,0,-500,-310,-500
6.5378,45.0,111.901699,3461,5600,121,1,0.098301,11.000000,810,-310,310,-810
6.5378,45.0,111.901699,3461,5600,121,1,0.098301,11.000000,-500,500,0,810
6.5378,45.0,111.901699,3461,5600,121,1,0.098301,11.000000,-810,0,-500,500
6.5378,45.0,111.901699,3461,5600,121,1,0.098301,11.000000,500,310,500,0
6.5378,45.0,116.991393,3783,6121,191,1,0.118131,13.820275,-890,160,-450,710
6.5378,45.0,116.991393,3783,6121,191,1,0.118131,13.820275,710,180,550,-260
6.5378,45.0,116.991393,3783,6121,191,1,0.118131,13.820275,890,-180,440,-730
6.5378,45.0,116.991393,3783,6121,191,1,0.118131,13.820275,-730,-160,-550,290
6.5378,45.0,116.991393,3783,6121,191,1,0.118131,13.820275,-260,-450,-440,-290
6.5378,45.0,116.991393,3783,6121,191,1,0.118131,13.820275,290,440,450,260
6.5378,45.0,116.991393,3783,6121,191,1,0.118131,13.820275,260,-550,-180,-710
6.5378,45.0,116.991393,3783,6121,191,1,0.118131,13.820275,-290,550,160,730
6.5378,45.0,116.991393,3783,6121,191,1,0.118131,13.820275,-710,450,-160,890
6.5378,45.0,116.991393,3783,6121,191,1,0.118131,13.820275,730,-440,180,-890
6.5378,45.0,118.680226,3893,6299,55,0,0.062489,7.416198,810,80,550,-420
6.5378,45.0,118.680226,3893,6299,55,0,0.062489,7.416198,-420,-390,-500,-130
6.5378,45.0,118.680226,3893,6299,55,0,0.062489,7.416198,890,-80,500,-630
6.5378,45.0,118.680226,3893,6299,55,0,0.062489,7.416198,-630,-260,-550,130
6.5378,45.0,118.680226,3893,6299,55,0,0.062489,7.416198,130,500,390,420
6.5378,45.0,118.680226,3893,6299,55,0,0.062489,7.416198,-810,390,-260,890
6.5378,45.0,118.680226,3893,6299,55,0,0.062489,7.416198,-890,260,-390,810
6.5378,45.0,118.680226,3893,6299,55,0,0.062489,7.416198,630,-500,80,-890
6.5378,45.0,118.680226,3893,6299,55,0,0.062489,7.416198,420,-550,-80,-810
6.5378,45.0,118.680226,3893,6299,55,0,0.062489,7.416198,-130,550,260,630
6.5378,45.0,118.680226,3893,6299,55,0,0.062489,7.416198,-810,-80,-550,420
6.5378,45.0,118.680226,3893,6299,55,0,0.062489,7.416198,130,-550,-260,-630
6.5378,45.0,118.680226,3893,6299,55,0,0.062489,7.416198,810,-390,260,-890
6.5378,45.0,118.680226,3893,6299,55,0,0.062489,7.416198,630,260,550,-130
6.5378,45.0,118.680226,3893,6299,55,0,0.062489,7.416198,890,-260,390,-810
6.5378,45.0,118.680226,3893,6299,55,0,0.062489,7.416198,-130,-500,-390,-420
6.5378,45.0,118.680226,3893,6299,55,0,0.062489,7.416198,-420,550,80,810
6.5378,45.0,118.680226,3893,6299,55,0,0.062489,7.416198,-630,500,-80,890
6.5378,45.0,118.680226,3893,6299,55,0,0.062489,7.416198,-890,80,-500,630
6.5378,45.0,118.680226,3893,6299,55,0,0.062489,7.416198,420,390,500,130
6.5378,45.0,120.029134,3982,6443,101,1,0.083729,10.049876,80,-550,-290,-600
6.5378,45.0,120.029134,3982,6443,101,1,0.083729,10.049876,840,-370,290,-890
6.5378,45.0,120.029134,3982,6443,101,1,0.083729,10.049876,-470,550,50,840
6.5378,45.0,120.029134,3982,6443,101,1,0.083729,10.049876,-890,50,-520,600
6.5378,45.0,120.029134,3982,6443,101,1,0.083729,10.049876,470,370,520,80
6.5378,45.0,120.029134,3982,6443,101,1,0.083729,10.049876,-80,-520,-370,-470
6.5378,45.0,120.029134,3982,6443,101,1,0.083729,10.049876,600,290,550,-80
6.5378,45.0,120.029134,3982,6443,101,1,0.083729,10.049876,890,-290,370,-840
6.5378,45.0,120.029134,3982,6443,101,1,0.083729,10.049876,-600,520,-50,890
6.5378,45.0,120.029134,3982,6443,101,1,0.083729,10.049876,-840,-50,-550,470
6.5378,45.0,123.490857,4215,6820,125,0,0.090536,11.180340,760,180,580,-290
6.5378,45.0,123.490857,4215,6820,125,0,0.090536,11.180340,940,-180,470,-760
6.5378,45.0,123.490857,4215,6820,125,0,0.090536,11.180340,-760,470,-180,940
6.5378,45.0,123.490857,4215,6820,125,0,0.090536,11.180340,-290,-470,-470,-290
6.5378,45.0,123.490857,4215,6820,125,0,0.090536,11.180340,-290,580,180,760
6.5378,45.0,123.490857,4215,6820,125,0,0.090536,11.180340,290,-580,-180,-760
6.5378,45.0,123.490857,4215,6820,125,0,0.090536,11.180340,290,470,470,290
6.5378,45.0,123.490857,4215,6820,125,0,0.090536,11.180340,760,-470,180,-940
6.5378,45.0,123.490857,4215,6820,125,0,0.090536,11.180340,-760,-180,-580,290
6.5378,45.0,123.490857,4215,6820,125,0,0.090536,11.180340,-940,180,-470,760
6.5378,45.0,124.787775,4304,6964,176,1,0.106312,13.266499,840,100,580,-420
6.5378,45.0,124.787775,4304,6964,176,1,0.106312,13.266499,-420,-420,-520,-160
6.5378,45.0,124.787775,4304,6964,176,1,0.106312,13.266499,940,-100,520,-680
6.5378,45.0,124.787775,4304,6964,176,1,0.106312,13.266499,-680,-260,-580,160
6.5378,45.0,124.787775,4304,6964,176,1,0.106312,13.266499,160,520,420,420
6.5378,45.0,124.787775,4304,6964,176,1,0.106312,13.266499,-840,420,-260,940
6.5378,45.0,124.787775,4304,6964,176,1,0.106312,13.266499,-940,260,-420,840
6.5378,45.0,124.787775,4304,6964,176,1,0.106312,13.266499,680,-520,100,-940
6.5378,45.0,124.787775,4304,6964,176,1,0.106312,13.266499,420,-580,-100,-840
6.5378,45.0,124.787775,4304,6964,176,1,0.106312,13.266499,-160,580,260,680
6.5378,45.0,127.640102,4503,7286,71,1,0.066015,8.426150,810,160,600,-340
6.5378,45.0,127.640102,4503,7286,71,1,0.066015,8.426150,970,-160,500,-760
6.5378,45.0,127.640102,4503,7286,71,1,0.066015,8.426150,-810,470,-210,970
6.5378,45.0,127.640102,4503,7286,71,1,0.066015,8.426150,-340,-470,-500,-260
6.5378,45.0,127.640102,4503,7286,71,1,0.066015,8.426150,-260,600,210,760
6.5378,45.0,127.640102,4503,7286,71,1,0.066015,8.426150,340,-600,-160,-810
6.5378,45.0,127.640102,4503,7286,71,1,0.066015,8.426150,260,500,470,340
6.5378,45.0,127.640102,4503,7286,71,1,0.066015,8.426150,760,-500,160,-970
6.5378,45.0,127.640102,4503,7286,71,1,0.066015,8.426150,-760,-210,-600,260
6.5378,45.0,127.640102,4503,7286,71,1,0.066015,8.426150,-970,210,-470,810
6.5378,45.0,132.124908,4825,7807,151,1,0.093004,12.288206,50,-600,-340,-630
6.5378,45.0,132.124908,4825,7807,151,1,0.093004,12.288206,940,-390,340,-970
6.5378,45.0,132.124908,4825,7807,151,1,0.093004,12.288206,-550,600,30,940
6.5378,45.0,132.124908,4825,7807,151,1,0.093004,12.288206,-970,30,-580,630
6.5378,45.0,132.124908,4825,7807,151,1,0.093004,12.288206,550,390,580,50
6.5378,45.0,132.124908,4825,7807,151,1,0.093004,12.288206,-50,-580,-390,-550
6.5378,45.0,132.124908,4825,7807,151,1,0.093004,12.288206,630,340,600,-50
6.5378,45.0,132.124908,4825,7807,151,1,0.093004,12.288206,970,-340,390,-940
6.5378,45.0,132.124908,4825,7807,151,1,0.093004,12.288206,-630,580,-30,970
6.5378,45.0,132.124908,4825,7807,151,1,0.093004,12.288206,-940,-30,-600,550
6.5378,45.0,134.822099,5024,8129,31,1,0.041297,5.567764,-1020,130,-550,760
6.5378,45.0,134.822099,5024,8129,31,1,0.041297,5.567764,760,260,630,-210
6.5378,45.0,134.822099,5024,8129,31,1,0.041297,5.567764,1020,-260,470,-890
6.5378,45.0,134.822099,5024,8129,31,1,0.041297,5.567764,-890,-130,-630,420
6.5378,45.0,134.822099,5024,8129,31,1,0.041297,5.567764,-210,-550,-470,-420
6.5378,45.0,134.822099,5024,8129,31,1,0.041297,5.567764,420,470,550,210
6.5378,45.0,134.822099,5024,8129,31,1,0.041297,5.567764,210,-630,-260,-760
6.5378,45.0,134.822099,5024,8129,31,1,0.041297,5.567764,-420,630,130,890
6.5378,45.0,134.822099,5024,8129,31,1,0.041297,5.567764,-760,550,-130,1020
6.5378,45.0,134.822099,5024,8129,31,1,0.041297,5.567764,890,-470,260,-1020
6.5378,45.0,136.462402,5147,8328,241,1,0.113762,15.524175,940,80,630,-500
6.5378,45.0,136.462402,5147,8328,241,1,0.113762,15.524175,-500,-440,-580,-130
6.5378,45.0,136.462402,5147,8328,241,1,0.113762,15.524175,1020,-80,580,-710
6.5378,45.0,136.462402,5147,8328,241,1,0.113762,15.524175,-710,-310,-630,130
6.5378,45.0,136.462402,5147,8328,241,1,0.113762,15.524175,130,580,440,500
6.5378,45.0,136.462402,5147,8328,241,1,0.113762,15.524175,-940,440,-310,1020
6.5378,45.0,136.462402,5147,8328,241,1,0.113762,15.524175,-1020,310,-440,940
6.5378,45.0,136.462402,5147,8328,241,1,0.113762,15.524175,710,-580,80,-1020
6.5378,45.0,136.462402,5147,8328,241,1,0.113762,15.524175,500,-630,-80,-940
6.5378,45.0,136.462402,5147,8328,241,1,0.113762,15.524175,-130,630,310,710
6.5378,45.0,137.913006,5257,8506,55,0,0.053774,7.416198,80,600,420,550
6.5378,45.0,137.913006,5257,8506,55,0,0.053774,7.416198,680,-600,50,-1020
6.5378,45.0,137.913006,5257,8506,55,0,0.053774,7.416198,-1020,340,-420,970
6.5378,45.0,137.913006,5257,8506,55,0,0.053774,7.416198,1020,-50,600,-680
6.5378,45.0,137.913006,5257,8506,55,0,0.053774,7.416198,550,-630,-50,-970
6.5378,45.0,137.913006,5257,8506,55,0,0.053774,7.416198,970,50,630,-550
6.5378,45.0,137.913006,5257,8506,55,0,0.053774,7.416198,-550,-420,-600,-80
6.5378,45.0,137.913006,5257,8506,55,0,0.053774,7.416198,-80,630,340,680
6.5378,45.0,137.913006,5257,8506,55,0,0.053774,7.416198,-680,-340,-630,80
6.5378,45.0,137.913006,5257,8506,55,0,0.053774,7.416198,-970,420,-340,1020
6.5378,45.0,137.913006,5257,8506,55,0,0.053774,7.416198,80,-630,-340,-680
6.5378,45.0,137.913006,5257,8506,55,0,0.053774,7.416198,970,-420,340,-1020
6.5378,45.0,137.913006,5257,8506,55,0,0.053774,7.416198,-550,630,50,970
6.5378,45.0,137.913006,5257,8506,55,0,0.053774,7.416198,-1020,50,-600,680
6.5378,45.0,137.913006,5257,8506,55,0,0.053774,7.416198,550,420,600,80
6.5378,45.0,137.913006,5257,8506,55,0,0.053774,7.416198,-80,-600,-420,-550
6.5378,45.0,137.913006,5257,8506,55,0,0.053774,7.416198,680,340,630,-80
6.5378,45.0,137.913006,5257,8506,55,0,0.053774,7.416198,1020,-340,420,-970
6.5378,45.0,137.913006,5257,8506,55,0,0.053774,7.416198,-680,600,-50,1020
6.5378,45.0,137.913006,5257,8506,55,0,0.053774,7.416198,-970,-50,-630,550
6.5378,45.0,140.666210,5469,8849,341,1,0.131277,18.466185,890,180,660,-370
6.5378,45.0,140.666210,5469,8849,341,1,0.131277,18.466185,1070,-180,550,-840
6.5378,45.0,140.666210,5469,8849,341,1,0.131277,18.466185,-890,520,-230,1070
6.5378,45.0,140.666210,5469,8849,341,1,0.131277,18.466185,-370,-520,-550,-290
6.5378,45.0,140.666210,5469,8849,341,1,0.131277,18.466185,-290,660,230,840
6.5378,45.0,140.666210,5469,8849,341,1,0.131277,18.466185,370,-660,-180,-890
6.5378,45.0,140.666210,5469,8849,341,1,0.131277,18.466185,290,550,520,370
6.5378,45.0,140.666210,5469,8849,341,1,0.131277,18.466185,840,-550,180,-1070
6.5378,45.0,140.666210,5469,8849,341,1,0.131277,18.466185,-840,-230,-660,290
6.5378,45.0,140.666210,5469,8849,341,1,0.131277,18.466185,-1070,230,-520,890
6.5378,45.0,143.202618,5668,9171,211,1,0.101436,14.525839,50,630,420,600
6.5378,45.0,143.202618,5668,9171,211,1,0.101436,14.525839,680,-630,30,-1050
6.5378,45.0,143.202618,5668,9171,211,1,0.101436,14.525839,-1050,370,-420,1020
6.5378,45.0,143.202618,5668,9171,211,1,0.101436,14.525839,1050,-30,630,-680
6.5378,45.0,143.202618,5668,9171,211,1,0.101436,14.525839,600,-650,-30,-1020
6.5378,45.0,143.202618,5668,9171,211,1,0.101436,14.525839,1020,30,650,-600
6.5378,45.0,143.202618,5668,9171,211,1,0.101436,14.525839,-600,-420,-630,-50
6.5378,45.0,143.202618,5668,9171,211,1,0.101436,14.525839,-50,650,370,680
6.5378,45.0,143.202618,5668,9171,211,1,0.101436,14.525839,-680,-370,-650,50
6.5378,45.0,143.202618,5668,9171,211,1,0.101436,14.525839,-1020,420,-370,1050
6.5378,45.0,144.585614,5778,9349,5,0,0.015465,2.236068,890,210,680,-340
6.5378,45.0,144.585614,5778,9349,5,0,0.015465,2.236068,1100,-210,550,-890
6.5378,45.0,144.585614,5778,9349,5,0,0.015465,2.236068,-890,550,-210,1100
6.5378,45.0,144.585614,5778,9349,5,0,0.015465,2.236068,-340,-550,-550,-340
6.5378,45.0,144.585614,5778,9349,5,0,0.015465,2.236068,-340,680,210,890
6.5378,45.0,144.585614,5778,9349,5,0,0.015465,2.236068,340,-680,-210,-890
6.5378,45.0,144.585614,5778,9349,5,0,0.015465,2.236068,340,550,550,340
6.5378,45.0,144.585614,5778,9349,5,0,0.015465,2.236068,890,-550,210,-1100
6.5378,45.0,144.585614,5778,9349,5,0,0.015465,2.236068,-890,-210,-680,340
6.5378,45.0,144.585614,5778,9349,5,0,0.015465,2.236068,-1100,210,-550,890
6.5378,45.0,145.694875,5867,9493,71,1,0.057834,8.426150,970,130,680,-470
6.5378,45.0,145.694875,5867,9493,71,1,0.057834,8.426150,-470,-500,-600,-210
6.5378,45.0,145.694875,5867,9493,71,1,0.057834,8.426150,1100,-130,600,-810
6.5378,45.0,145.694875,5867,9493,71,1,0.057834,8.426150,-810,-290,-680,210
6.5378,45.0,145.694875,5867,9493,71,1,0.057834,8.426150,210,600,500,470
6.5378,45.0,145.694875,5867,9493,71,1,0.057834,8.426150,-970,500,-290,1100
6.5378,45.0,145.694875,5867,9493,71,1,0.057834,8.426150,-1100,290,-500,970
6.5378,45.0,145.694875,5867,9493,71,1,0.057834,8.426150,810,-600,130,-1100
6.5378,45.0,145.694875,5867,9493,71,1,0.057834,8.426150,470,-680,-130,-970
6.5378,45.0,145.694875,5867,9493,71,1,0.057834,8.426150,-210,680,290,810
6.5378,45.0,151.119096,6312,10213,431,1,0.137379,20.760539,920,230,710,-340
6.5378,45.0,151.119096,6312,10213,431,1,0.137379,20.760539,1150,-230,570,-940
6.5378,45.0,151.119096,6312,10213,431,1,0.137379,20.760539,-920,580,-210,1150
6.5378,45.0,151.119096,6312,10213,431,1,0.137379,20.760539,-340,-580,-570,-370
6.5378,45.0,151.119096,6312,10213,431,1,0.137379,20.760539,-370,710,210,940
6.5378,45.0,151.119096,6312,10213,431,1,0.137379,20.760539,340,-710,-230,-920
6.5378,45.0,151.119096,6312,10213,431,1,0.137379,20.760539,370,570,580,340
6.5378,45.0,151.119096,6312,10213,431,1,0.137379,20.760539,940,-570,230,-1150
6.5378,45.0,151.119096,6312,10213,431,1,0.137379,20.760539,-940,-210,-710,370
6.5378,45.0,151.119096,6312,10213,431,1,0.137379,20.760539,-1150,210,-580,920
6.5378,45.0,152.026311,6388,10336,16,1,0.026311,4.000000,0,-680,-420,-680
6.5378,45.0,152.026311,6388,10336,16,1,0.026311,4.000000,1100,-420,420,-1100
6.5378,45.0,152.026311,6388,10336,16,1,0.026311,4.000000,-680,680,0,1100
6.5378,45.0,152.026311,6388,10336,16,1,0.026311,4.000000,-1100,0,-680,680
6.5378,45.0,152.026311,6388,10336,16,1,0.026311,4.000000,680,420,680,0
6.5378,45.0,152.430283,6422,10391,205,0,0.093930,14.317821,1020,130,710,-500
6.5378,45.0,152.430283,6422,10391,205,0,0.093930,14.317821,-500,-520,-630,-210
6.5378,45.0,152.430283,6422,10391,205,0,0.093930,14.317821,1150,-130,630,-840
6.5378,45.0,152.430283,6422,10391,205,0,0.093930,14.317821,-840,-310,-710,210
6.5378,45.0,152.430283,6422,10391,205,0,0.093930,14.317821,210,630,520,500
6.5378,45.0,152.430283,6422,10391,205,0,0.093930,14.317821,-1020,520,-310,1150
6.5378,45.0,152.430283,6422,10391,205,0,0.093930,14.317821,-1150,310,-520,1020
6.5378,45.0,152.430283,6422,10391,205,0,0.093930,14.317821,840,-630,130,-1150
6.5378,45.0,152.430283,6422,10391,205,0,0.093930,14.317821,500,-710,-130,-1020
6.5378,45.0,152.430283,6422,10391,205,0,0.093930,14.317821,-210,710,310,840
6.5378,45.0,152.430283,6422,10391,205,0,0.093930,14.317821,840,310,710,-210
6.5378,45.0,152.430283,6422,10391,205,0,0.093930,14.317821,1150,-310,520,-1020
6.5378,45.0,152.430283,6422,10391,205,0,0.093930,14.317821,-840,630,-130,1150
6.5378,45.0,152.430283,6422,10391,205,0,0.093930,14.317821,-210,-630,-520,-500
6.5378,45.0,152.430283,6422,10391,205,0,0.093930,14.317821,-500,710,130,1020
6.5378,45.0,152.430283,6422,10391,205,0,0.093930,14.317821,210,-710,-310,-840
6.5378,45.0,152.430283,6422,10391,205,0,0.093930,14.317821,500,520,630,210
6.5378,45.0,152.430283,6422,10391,205,0,0.093930,14.317821,1020,-520,310,-1150
6.5378,45.0,152.430283,6422,10391,205,0,0.093930,14.317821,-1020,-130,-710,500
6.5378,45.0,152.430283,6422,10391,205,0,0.093930,14.317821,-1150,130,-630,840
6.5378,45.0,153.482859,6511,10535,281,1,0.109218,16.763055,-1050,-100,-710,550
6.5378,45.0,153.482859,6511,10535,281,1,0.109218,16.763055,160,-710,-340,-810
6.5378,45.0,153.482859,6511,10535,281,1,0.109218,16.763055,1050,-500,340,-1150
6.5378,45.0,153.482859,6511,10535,281,1,0.109218,16.763055,810,340,710,-160
6.5378,45.0,153.482859,6511,10535,281,1,0.109218,16.763055,1150,-340,500,-1050
6.5378,45.0,153.482859,6511,10535,281,1,0.109218,16.763055,-160,-650,-500,-550
6.5378,45.0,153.482859,6511,10535,281,1,0.109218,16.763055,-550,710,100,1050
6.5378,45.0,153.482859,6511,10535,281,1,0.109218,16.763055,-810,650,-100,1150
6.5378,45.0,153.482859,6511,10535,281,1,0.109218,16.763055,-1150,100,-650,810
6.5378,45.0,153.482859,6511,10535,281,1,0.109218,16.763055,550,500,650,160
6.5378,45.0,155.810767,6710,10857,121,1,0.070598,11.000000,80,680,470,630
6.5378,45.0,155.810767,6710,10857,121,1,0.070598,11.000000,760,-680,50,-1150
6.5378,45.0,155.810767,6710,10857,121,1,0.070598,11.000000,-1150,390,-470,1100
6.5378,45.0,155.810767,6710,10857,121,1,0.070598,11.000000,1150,-50,680,-760
6.5378,45.0,155.810767,6710,10857,121,1,0.070598,11.000000,630,-710,-50,-1100
6.5378,45.0,155.810767,6710,10857,121,1,0.070598,11.000000,1100,50,710,-630
6.5378,45.0,155.810767,6710,10857,121,1,0.070598,11.000000,-630,-470,-680,-80
6.5378,45.0,155.810767,6710,10857,121,1,0.070598,11.000000,-80,710,390,760
6.5378,45.0,155.810767,6710,10857,121,1,0.070598,11.000000,-760,-390,-710,80
6.5378,45.0,155.810767,6710,10857,121,1,0.070598,11.000000,-1100,470,-390,1150
6.5378,45.0,155.810767,6710,10857,121,1,0.070598,11.000000,890,290,730,-260
6.5378,45.0,155.810767,6710,10857,121,1,0.070598,11.000000,1180,-290,550,-1020
6.5378,45.0,155.810767,6710,10857,121,1,0.070598,11.000000,-890,630,-160,1180
6.5378,45.0,155.810767,6710,10857,121,1,0.070598,11.000000,-260,-630,-550,-470
6.5378,45.0,155.810767,6710,10857,121,1,0.070598,11.000000,-470,730,160,1020
6.5378,45.0,155.810767,6710,10857,121,1,0.070598,11.000000,260,-730,-290,-890
6.5378,45.0,155.810767,6710,10857,121,1,0.070598,11.000000,470,550,630,260
6.5378,45.0,155.810767,6710,10857,121,1,0.070598,11.000000,1020,-550,290,-1180
6.5378,45.0,155.810767,6710,10857,121,1,0.070598,11.000000,-1020,-160,-730,470
6.5378,45.0,155.810767,6710,10857,121,1,0.070598,11.000000,-1180,160,-630,890
6.5378,45.0,158.492883,6943,11234,155,0,0.078552,12.449900,130,680,500,600
6.5378,45.0,158.492883,6943,11234,155,0,0.078552,12.449900,810,-680,80,-1180
6.5378,45.0,158.492883,6943,11234,155,0,0.078552,12.449900,-1180,370,-500,1100
6.5378,45.0,158.492883,6943,11234,155,0,0.078552,12.449900,1180,-80,680,-810
6.5378,45.0,158.492883,6943,11234,155,0,0.078552,12.449900,600,-730,-80,-1100
6.5378,45.0,158.492883,6943,11234,155,0,0.078552,12.449900,1100,80,730,-600
6.5378,45.0,158.492883,6943,11234,155,0,0.078552,12.449900,-600,-500,-680,-130
6.5378,45.0,158.492883,6943,11234,155,0,0.078552,12.449900,-130,730,370,810
6.5378,45.0,158.492883,6943,11234,155,0,0.078552,12.449900,-810,-370,-730,130
6.5378,45.0,158.492883,6943,11234,155,0,0.078552,12.449900,-1100,500,-370,1180
6.5378,45.0,158.492883,6943,11234,155,0,0.078552,12.449900,130,-730,-370,-810
6.5378,45.0,158.492883,6943,11234,155,0,0.078552,12.449900,1100,-500,370,-1180
6.5378,45.0,158.492883,6943,11234,155,0,0.078552,12.449900,-600,730,80,1100
6.5378,45.0,158.492883,6943,11234,155,0,0.078552,12.449900,-1180,80,-680,810
6.5378,45.0,158.492883,6943,11234,155,0,0.078552,12.449900,600,500,680,130
6.5378,45.0,158.492883,6943,11234,155,0,0.078552,12.449900,-130,-680,-500,-600
6.5378,45.0,158.492883,6943,11234,155,0,0.078552,12.449900,810,370,730,-130
6.5378,45.0,158.492883,6943,11234,155,0,0.078552,12.449900,1180,-370,500,-1100
6.5378,45.0,158.492883,6943,11234,155,0,0.078552,12.449900,-810,680,-80,1180
6.5378,45.0,158.492883,6943,11234,155,0,0.078552,12.449900,-1100,-80,-730,600
6.5378,45.0,161.746708,7231,11700,61,1,0.048287,7.810250,1020,210,760,-420
6.5378,45.0,161.746708,7231,11700,61,1,0.048287,7.810250,1230,-210,630,-970
6.5378,45.0,161.746708,7231,11700,61,1,0.048287,7.810250,-1020,600,-260,1230
6.5378,45.0,161.746708,7231,11700,61,1,0.048287,7.810250,-420,-600,-630,-340
6.5378,45.0,161.746708,7231,11700,61,1,0.048287,7.810250,-340,760,260,970
6.5378,45.0,161.746708,7231,11700,61,1,0.048287,7.810250,420,-760,-210,-1020
6.5378,45.0,161.746708,7231,11700,61,1,0.048287,7.810250,340,630,600,420
6.5378,45.0,161.746708,7231,11700,61,1,0.048287,7.810250,970,-630,210,-1230
6.5378,45.0,161.746708,7231,11700,61,1,0.048287,7.810250,-970,-260,-760,340
6.5378,45.0,161.746708,7231,11700,61,1,0.048287,7.810250,-1230,260,-600,1020
6.5378,45.0,162.126462,7265,11755,275,0,0.102285,16.583124,1050,180,760,-470
6.5378,45.0,162.126462,7265,11755,275,0,0.102285,16.583124,1230,-180,650,-940
6.5378,45.0,162.126462,7265,11755,275,0,0.102285,16.583124,-1050,580,-290,1230
6.5378,45.0,162.126462,7265,11755,275,0,0.102285,16.583124,-470,-580,-650,-290
6.5378,45.0,162.126462,7265,11755,275,0,0.102285,16.583124,-290,760,290,940
6.5378,45.0,162.126462,7265,11755,275,0,0.102285,16.583124,470,-760,-180,-1050
6.5378,45.0,162.126462,7265,11755,275,0,0.102285,16.583124,290,650,580,470
6.5378,45.0,162.126462,7265,11755,275,0,0.102285,16.583124,940,-650,180,-1230
6.5378,45.0,162.126462,7265,11755,275,0,0.102285,16.583124,-940,-290,-760,290
6.5378,45.0,162.126462,7265,11755,275,0,0.102285,16.583124,-1230,290,-580,1050
6.5378,45.0,163.116481,7354,11899,361,1,0.116481,19.000000,0,730,450,730
6.5378,45.0,163.116481,7354,11899,361,1,0.116481,19.000000,730,-730,0,-1180
6.5378,45.0,163.116481,7354,11899,361,1,0.116481,19.000000,-1180,450,-450,1180
6.5378,45.0,163.116481,7354,11899,361,1,0.116481,19.000000,1180,0,730,-730
6.5378,45.0,163.116481,7354,11899,361,1,0.116481,19.000000,-730,-450,-730,0
6.5378,45.0,165.308782,7553,12221,181,1,0.081385,13.453624,130,-760,-390,-840
6.5378,45.0,165.308782,7553,12221,181,1,0.081385,13.453624,1150,-520,390,-1230
6.5378,45.0,165.308782,7553,12221,181,1,0.081385,13.453624,-630,760,80,1150
6.5378,45.0,165.308782,7553,12221,181,1,0.081385,13.453624,-1230,80,-710,840
6.5378,45.0,165.308782,7553,12221,181,1,0.081385,13.453624,630,520,710,130
6.5378,45.0,165.308782,7553,12221,181,1,0.081385,13.453624,-130,-710,-520,-630
6.5378,45.0,165.308782,7553,12221,181,1,0.081385,13.453624,840,390,760,-130
6.5378,45.0,165.308782,7553,12221,181,1,0.081385,13.453624,1230,-390,520,-1150
6.5378,45.0,165.308782,7553,12221,181,1,0.081385,13.453624,-840,710,-80,1230
6.5378,45.0,165.308782,7553,12221,181,1,0.081385,13.453624,-1150,-80,-760,630
6.5378,45.0,168.795702,7875,12742,311,1,0.104477,17.635192,970,310,790,-290
6.5378,45.0,168.795702,7875,12742,311,1,0.104477,17.635192,1280,-310,600,-1100
6.5378,45.0,168.795702,7875,12742,311,1,0.104477,17.635192,-970,680,-180,1280
6.5378,45.0,168.795702,7875,12742,311,1,0.104477,17.635192,-290,-680,-600,-500
6.5378,45.0,168.795702,7875,12742,311,1,0.104477,17.635192,-500,790,180,1100
6.5378,45.0,168.795702,7875,12742,311,1,0.104477,17.635192,290,-790,-310,-970
6.5378,45.0,168.795702,7875,12742,311,1,0.104477,17.635192,500,600,680,290
6.5378,45.0,168.795702,7875,12742,311,1,0.104477,17.635192,1100,-600,310,-1280
6.5378,45.0,168.795702,7875,12742,311,1,0.104477,17.635192,-1100,-180,-790,500
6.5378,45.0,168.795702,7875,12742,311,1,0.104477,17.635192,-1280,180,-680,970
6.5378,45.0,169.970583,7985,12920,25,0,0.029417,5.000000,0,760,470,760
6.5378,45.0,169.970583,7985,12920,25,0,0.029417,5.000000,760,-760,0,-1230
6.5378,45.0,169.970583,7985,12920,25,0,0.029417,5.000000,-1230,470,-470,1230
6.5378,45.0,169.970583,7985,12920,25,0,0.029417,5.000000,1230,0,760,-760
6.5378,45.0,169.970583,7985,12920,25,0,0.029417,5.000000,-760,-470,-760,0
6.5378,45.0,169.970583,7985,12920,25,0,0.029417,5.000000,0,-760,-470,-760
6.5378,45.0,169.970583,7985,12920,25,0,0.029417,5.000000,1230,-470,470,-1230
6.5378,45.0,169.970583,7985,12920,25,0,0.029417,5.000000,-760,760,0,1230
6.5378,45.0,169.970583,7985,12920,25,0,0.029417,5.000000,-1230,0,-760,760
6.5378,45.0,169.970583,7985,12920,25,0,0.029417,5.000000,760,470,760,0
6.5378,45.0,171.274598,8108,13119,355,0,0.110007,18.841444,160,730,550,630
6.5378,45.0,171.274598,8108,13119,355,0,0.110007,18.841444,890,-730,100,-1280
6.5378,45.0,171.274598,8108,13119,355,0,0.110007,18.841444,-1280,390,-550,1180
6.5378,45.0,171.274598,8108,13119,355,0,0.110007,18.841444,1280,-100,730,-890
6.5378,45.0,171.274598,8108,13119,355,0,0.110007,18.841444,630,-790,-100,-1180
6.5378,45.0,171.274598,8108,13119,355,0,0.110007,18.841444,1180,100,790,-630
6.5378,45.0,171.274598,8108,13119,355,0,0.110007,18.841444,-630,-550,-730,-160
6.5378,45.0,171.274598,8108,13119,355,0,0.110007,18.841444,-160,790,390,890
6.5378,45.0,171.274598,8108,13119,355,0,0.110007,18.841444,-890,-390,-790,160
6.5378,45.0,171.274598,8108,13119,355,0,0.110007,18.841444,-1180,550,-390,1280
6.5378,45.0,172.212034,8197,13263,451,1,0.123318,21.236761,1050,260,810,-390
6.5378,45.0,172.212034,8197,13263,451,1,0.123318,21.236761,1310,-260,650,-1070
6.5378,45.0,172.212034,8197,13263,451,1,0.123318,21.236761,-1050,660,-240,1310
6.5378,45.0,172.212034,8197,13263,451,1,0.123318,21.236761,-390,-660,-650,-420
6.5378,45.0,172.212034,8197,13263,451,1,0.123318,21.236761,-420,810,240,1070
6.5378,45.0,172.212034,8197,13263,451,1,0.123318,21.236761,390,-810,-260,-1050
6.5378,45.0,172.212034,8197,13263,451,1,0.123318,21.236761,420,650,660,390
6.5378,45.0,172.212034,8197,13263,451,1,0.123318,21.236761,1070,-650,260,-1310
6.5378,45.0,172.212034,8197,13263,451,1,0.123318,21.236761,-1070,-240,-810,420
6.5378,45.0,172.212034,8197,13263,451,1,0.123318,21.236761,-1310,240,-660,1050
6.5378,45.0,172.212034,8197,13263,451,1,0.123318,21.236761,50,-780,-450,-810
6.5378,45.0,172.212034,8197,13263,451,1,0.123318,21.236761,1230,-500,450,-1260
6.5378,45.0,172.212034,8197,13263,451,1,0.123318,21.236761,-730,780,30,1230
6.5378,45.0,172.212034,8197,13263,451,1,0.123318,21.236761,-1260,30,-760,810
6.5378,45.0,172.212034,8197,13263,451,1,0.123318,21.236761,730,500,760,50
6.5378,45.0,172.212034,8197,13263,451,1,0.123318,21.236761,-50,-760,-500,-730
6.5378,45.0,172.212034,8197,13263,451,1,0.123318,21.236761,810,450,780,-50
6.5378,45.0,172.212034,8197,13263,451,1,0.123318,21.236761,1260,-450,500,-1230
6.5378,45.0,172.212034,8197,13263,451,1,0.123318,21.236761,-810,760,-30,1260
6.5378,45.0,172.212034,8197,13263,451,1,0.123318,21.236761,-1230,-30,-780,730
6.5378,45.0,173.363765,8307,13441,155,0,0.071814,12.449900,1150,160,810,-550
6.5378,45.0,173.363765,8307,13441,155,0,0.071814,12.449900,1310,-160,710,-970
6.5378,45.0,173.363765,8307,13441,155,0,0.071814,12.449900,-1150,600,-340,1310
6.5378,45.0,173.363765,8307,13441,155,0,0.071814,12.449900,-550,-600,-710,-260
6.5378,45.0,173.363765,8307,13441,155,0,0.071814,12.449900,-260,810,340,970
6.5378,45.0,173.363765,8307,13441,155,0,0.071814,12.449900,550,-810,-160,-1150
6.5378,45.0,173.363765,8307,13441,155,0,0.071814,12.449900,260,710,600,550
6.5378,45.0,173.363765,8307,13441,155,0,0.071814,12.449900,970,-710,160,-1310
6.5378,45.0,173.363765,8307,13441,155,0,0.071814,12.449900,-970,-340,-810,260
6.5378,45.0,173.363765,8307,13441,155,0,0.071814,12.449900,-1310,340,-600,1150
6.5378,45.0,173.363765,8307,13441,155,0,0.071814,12.449900,970,340,810,-260
6.5378,45.0,173.363765,8307,13441,155,0,0.071814,12.449900,1310,-340,600,-1150
6.5378,45.0,173.363765,8307,13441,155,0,0.071814,12.449900,-970,710,-160,1310
6.5378,45.0,173.363765,8307,13441,155,0,0.071814,12.449900,-260,-710,-600,-550
6.5378,45.0,173.363765,8307,13441,155,0,0.071814,12.449900,-550,810,160,1150
6.5378,45.0,173.363765,8307,13441,155,0,0.071814,12.449900,260,-810,-340,-970
6.5378,45.0,173.363765,8307,13441,155,0,0.071814,12.449900,550,600,710,260
6.5378,45.0,173.363765,8307,13441,155,0,0.071814,12.449900,1150,-600,340,-1310
6.5378,45.0,173.363765,8307,13441,155,0,0.071814,12.449900,-1150,-160,-810,550
6.5378,45.0,173.363765,8307,13441,155,0,0.071814,12.449900,-1310,160,-710,970
6.5378,45.0,174.289965,8396,13585,251,1,0.090900,15.842980,940,370,810,-210
6.5378,45.0,174.289965,8396,13585,251,1,0.090900,15.842980,1310,-370,580,-1180
6.5378,45.0,174.289965,8396,13585,251,1,0.090900,15.842980,-940,730,-130,1310
6.5378,45.0,174.289965,8396,13585,251,1,0.090900,15.842980,-210,-730,-580,-600
6.5378,45.0,174.289965,8396,13585,251,1,0.090900,15.842980,-600,810,130,1180
6.5378,45.0,174.289965,8396,13585,251,1,0.090900,15.842980,210,-810,-370,-940
6.5378,45.0,174.289965,8396,13585,251,1,0.090900,15.842980,600,580,730,210
6.5378,45.0,174.289965,8396,13585,251,1,0.090900,15.842980,1180,-580,370,-1310
6.5378,45.0,174.289965,8396,13585,251,1,0.090900,15.842980,-1180,-130,-810,600
6.5378,45.0,174.289965,8396,13585,251,1,0.090900,15.842980,-1310,130,-730,940
6.5378,45.0,176.343411,8595,13907,41,1,0.036311,6.403124,130,760,550,680
6.5378,45.0,176.343411,8595,13907,41,1,0.036311,6.403124,890,-760,80,-1310
6.5378,45.0,176.343411,8595,13907,41,1,0.036311,6.403124,-1310,420,-550,1230
6.5378,45.0,176.343411,8595,13907,41,1,0.036311,6.403124,1310,-80,760,-890
6.5378,45.0,176.343411,8595,13907,41,1,0.036311,6.403124,680,-810,-80,-1230
6.5378,45.0,176.343411,8595,13907,41,1,0.036311,6.403124,1230,80,810,-680
6.5378,45.0,176.343411,8595,13907,41,1,0.036311,6.403124,-680,-550,-760,-130
6.5378,45.0,176.343411,8595,13907,41,1,0.036311,6.403124,-130,810,420,890
6.5378,45.0,176.343411,8595,13907,41,1,0.036311,6.403124,-890,-420,-810,130
6.5378,45.0,176.343411,8595,13907,41,1,0.036311,6.403124,-1230,550,-420,1310
6.5378,45.0,178.717647,8828,14284,80,0,0.050047,8.944272,1100,260,840,-420
6.5378,45.0,178.717647,8828,14284,80,0,0.050047,8.944272,1360,-260,680,-1100
6.5378,45.0,178.717647,8828,14284,80,0,0.050047,8.944272,-1100,680,-260,1360
6.5378,45.0,178.717647,8828,14284,80,0,0.050047,8.944272,-420,-680,-680,-420
6.5378,45.0,178.717647,8828,14284,80,0,0.050047,8.944272,-420,840,260,1100
6.5378,45.0,178.717647,8828,14284,80,0,0.050047,8.944272,420,-840,-260,-1100
6.5378,45.0,178.717647,8828,14284,80,0,0.050047,8.944272,420,680,680,420
6.5378,45.0,178.717647,8828,14284,80,0,0.050047,8.944272,1100,-680,260,-1360
6.5378,45.0,178.717647,8828,14284,80,0,0.050047,8.944272,-1100,-260,-840,420
6.5378,45.0,178.717647,8828,14284,80,0,0.050047,8.944272,-1360,260,-680,1100
6.5378,45.0,179.616242,8917,14428,181,1,0.074902,13.453624,1180,180,840,-550
6.5378,45.0,179.616242,8917,14428,181,1,0.074902,13.453624,1360,-180,730,-1020
6.5378,45.0,179.616242,8917,14428,181,1,0.074902,13.453624,-1180,630,-340,1360
6.5378,45.0,179.616242,8917,14428,181,1,0.074902,13.453624,-550,-630,-730,-290
6.5378,45.0,179.616242,8917,14428,181,1,0.074902,13.453624,-290,840,340,1020
6.5378,45.0,179.616242,8917,14428,181,1,0.074902,13.453624,550,-840,-180,-1180
6.5378,45.0,179.616242,8917,14428,181,1,0.074902,13.453624,290,730,630,550
6.5378,45.0,179.616242,8917,14428,181,1,0.074902,13.453624,1020,-730,180,-1360
6.5378,45.0,179.616242,8917,14428,181,1,0.074902,13.453624,-1020,-340,-840,290
6.5378,45.0,179.616242,8917,14428,181,1,0.074902,13.453624,-1360,340,-630,1180
6.5378,45.0,182.830496,9239,14949,331,1,0.099510,18.193405,1150,240,860,-470
6.5378,45.0,182.830496,9239,14949,331,1,0.099510,18.193405,1390,-240,710,-1100
6.5378,45.0,182.830496,9239,14949,331,1,0.099510,18.193405,-1150,680,-290,1390
6.5378,45.0,182.830496,9239,14949,331,1,0.099510,18.193405,-470,-680,-710,-390
6.5378,45.0,182.830496,9239,14949,331,1,0.099510,18.193405,-390,860,290,1100
6.5378,45.0,182.830496,9239,14949,331,1,0.099510,18.193405,470,-860,-240,-1150
6.5378,45.0,182.830496,9239,14949,331,1,0.099510,18.193405,390,710,680,470
6.5378,45.0,182.830496,9239,14949,331,1,0.099510,18.193405,1100,-710,240,-1390
6.5378,45.0,182.830496,9239,14949,331,1,0.099510,18.193405,-1100,-290,-860,390
6.5378,45.0,182.830496,9239,14949,331,1,0.099510,18.193405,-1390,290,-680,1150
6.5378,45.0,184.789061,9438,15271,101,1,0.054386,10.049876,80,-840,-470,-890
6.5378,45.0,184.789061,9438,15271,101,1,0.054386,10.049876,1310,-550,470,-1360
6.5378,45.0,184.789061,9438,15271,101,1,0.054386,10.049876,-760,840,50,1310
6.5378,45.0,184.789061,9438,15271,101,1,0.054386,10.049876,-1360,50,-810,890
6.5378,45.0,184.789061,9438,15271,101,1,0.054386,10.049876,760,550,810,80
6.5378,45.0,184.789061,9438,15271,101,1,0.054386,10.049876,-80,-810,-550,-760
6.5378,45.0,184.789061,9438,15271,101,1,0.054386,10.049876,890,470,840,-80
6.5378,45.0,184.789061,9438,15271,101,1,0.054386,10.049876,1360,-470,550,-1310
6.5378,45.0,184.789061,9438,15271,101,1,0.054386,10.049876,-890,810,-50,1360
6.5378,45.0,184.789061,9438,15271,101,1,0.054386,10.049876,-1310,-50,-840,760
6.5378,45.0,185.989209,9561,15470,491,1,0.119139,22.158520,970,420,860,-180
6.5378,45.0,185.989209,9561,15470,491,1,0.119139,22.158520,1390,-420,600,-1280
6.5378,45.0,185.989209,9561,15470,491,1,0.119139,22.158520,-970,790,-110,1390
6.5378,45.0,185.989209,9561,15470,491,1,0.119139,22.158520,-180,-790,-600,-680
6.5378,45.0,185.989209,9561,15470,491,1,0.119139,22.158520,-680,860,110,1280
6.5378,45.0,185.989209,9561,15470,491,1,0.119139,22.158520,180,-860,-420,-970
6.5378,45.0,185.989209,9561,15470,491,1,0.119139,22.158520,680,600,790,180
6.5378,45.0,185.989209,9561,15470,491,1,0.119139,22.158520,1280,-600,420,-1390
6.5378,45.0,185.989209,9561,15470,491,1,0.119139,22.158520,-1280,-110,-860,680
6.5378,45.0,185.989209,9561,15470,491,1,0.119139,22.158520,-1390,110,-790,970
6.5378,45.0,187.914855,9760,15792,256,1,0.085145,16.000000,0,840,520,840
6.5378,45.0,187.914855,9760,15792,256,1,0.085145,16.000000,840,-840,0,-1360
6.5378,45.0,187.914855,9760,15792,256,1,0.085145,16.000000,-1360,520,-520,1360
6.5378,45.0,187.914855,9760,15792,256,1,0.085145,16.000000,1360,0,840,-840
6.5378,45.0,187.914855,9760,15792,256,1,0.085145,16.000000,-840,-520,-840,0
6.5378,45.0,190.144660,9993,16169,305,0,0.091847,17.464249,50,840,550,810
6.5378,45.0,190.144660,9993,16169,305,0,0.091847,17.464249,890,-840,30,-1390
6.5378,45.0,190.144660,9993,16169,305,0,0.091847,17.464249,-1390,500,-550,1360
6.5378,45.0,190.144660,9993,16169,305,0,0.091847,17.464249,1390,-30,840,-890
6.5378,45.0,190.144660,9993,16169,305,0,0.091847,17.464249,810,-860,-30,-1360
6.5378,45.0,190.144660,9993,16169,305,0,0.091847,17.464249,1360,30,860,-810
6.5378,45.0,190.144660,9993,16169,305,0,0.091847,17.464249,-810,-550,-840,-50
6.5378,45.0,190.144660,9993,16169,305,0,0.091847,17.464249,-50,860,500,890
6.5378,45.0,190.144660,9993,16169,305,0,0.091847,17.464249,-890,-500,-860,50
6.5378,45.0,190.144660,9993,16169,305,0,0.091847,17.464249,-1360,550,-500,1390
6.5378,45.0,190.144660,9993,16169,305,0,0.091847,17.464249,-50,-840,-550,-810
6.5378,45.0,190.144660,9993,16169,305,0,0.091847,17.464249,50,-860,-500,-890
6.5378,45.0,190.144660,9993,16169,305,0,0.091847,17.464249,1360,-550,500,-1390
6.5378,45.0,190.144660,9993,16169,305,0,0.091847,17.464249,1390,-500,550,-1360
6.5378,45.0,190.144660,9993,16169,305,0,0.091847,17.464249,-810,860,30,1360
6.5378,45.0,190.144660,9993,16169,305,0,0.091847,17.464249,-890,840,-30,1390
6.5378,45.0,190.144660,9993,16169,305,0,0.091847,17.464249,-1390,30,-840,890
6.5378,45.0,190.144660,9993,16169,305,0,0.091847,17.464249,-1360,-30,-860,810
6.5378,45.0,190.144660,9993,16169,305,0,0.091847,17.464249,810,550,840,50
6.5378,45.0,190.144660,9993,16169,305,0,0.091847,17.464249,890,500,860,-50
6.5378,45.0,190.989498,10082,16313,421,1,0.107431,20.518285,1280,160,890,-630
6.5378,45.0,190.989498,10082,16313,421,1,0.107431,20.518285,1440,-160,790,-1050
6.5378,45.0,190.989498,10082,16313,421,1,0.107431,20.518285,-1280,650,-390,1440
6.5378,45.0,190.989498,10082,16313,421,1,0.107431,20.518285,-630,-650,-790,-260
6.5378,45.0,190.989498,10082,16313,421,1,0.107431,20.518285,-260,890,390,1050
6.5378,45.0,190.989498,10082,16313,421,1,0.107431,20.518285,630,-890,-160,-1280
6.5378,45.0,190.989498,10082,16313,421,1,0.107431,20.518285,260,790,650,630
6.5378,45.0,190.989498,10082,16313,421,1,0.107431,20.518285,1050,-790,160,-1440
6.5378,45.0,190.989498,10082,16313,421,1,0.107431,20.518285,-1050,-390,-890,260
6.5378,45.0,190.989498,10082,16313,421,1,0.107431,20.518285,-1440,390,-650,1280
6.5378,45.0,192.028640,10192,16491,55,0,0.038620,7.416198,210,810,630,680
6.5378,45.0,192.028640,10192,16491,55,0,0.038620,7.416198,1020,-810,130,-1440
6.5378,45.0,192.028640,10192,16491,55,0,0.038620,7.416198,-1440,420,-630,1310
6.5378,45.0,192.028640,10192,16491,55,0,0.038620,7.416198,1440,-130,810,-1020
6.5378,45.0,192.028640,10192,16491,55,0,0.038620,7.416198,680,-890,-130,-1310
6.5378,45.0,192.028640,10192,16491,55,0,0.038620,7.416198,1310,130,890,-680
6.5378,45.0,192.028640,10192,16491,55,0,0.038620,7.416198,-680,-630,-810,-210
6.5378,45.0,192.028640,10192,16491,55,0,0.038620,7.416198,-210,890,420,1020
6.5378,45.0,192.028640,10192,16491,55,0,0.038620,7.416198,-1020,-420,-890,210
6.5378,45.0,192.028640,10192,16491,55,0,0.038620,7.416198,-1310,630,-420,1440
6.5378,45.0,192.028640,10192,16491,55,0,0.038620,7.416198,1020,420,890,-210
6.5378,45.0,192.028640,10192,16491,55,0,0.038620,7.416198,1440,-420,630,-1310
6.5378,45.0,192.028640,10192,16491,55,0,0.038620,7.416198,-1020,810,-130,1440
6.5378,45.0,192.028640,10192,16491,55,0,0.038620,7.416198,-210,-810,-630,-680
6.5378,45.0,192.028640,10192,16491,55,0,0.038620,7.416198,-680,890,130,1310
6.5378,45.0,192.028640,10192,16491,55,0,0.038620,7.416198,210,-890,-420,-1020
6.5378,45.0,192.028640,10192,16491,55,0,0.038620,7.416198,680,630,810,210
6.5378,45.0,192.028640,10192,16491,55,0,0.038620,7.416198,1310,-630,420,-1440
6.5378,45.0,192.028640,10192,16491,55,0,0.038620,7.416198,-1310,-130,-890,680
6.5378,45.0,192.028640,10192,16491,55,0,0.038620,7.416198,-1440,130,-810,1020
6.5378,45.0,195.862174,10603,17156,341,1,0.094282,18.466185,1230,260,920,-500
6.5378,45.0,195.862174,10603,17156,341,1,0.094282,18.466185,1490,-260,760,-1180
6.5378,45.0,195.862174,10603,17156,341,1,0.094282,18.466185,-1230,730,-310,1490
6.5378,45.0,195.862174,10603,17156,341,1,0.094282,18.466185,-500,-730,-760,-420
6.5378,45.0,195.862174,10603,17156,341,1,0.094282,18.466185,-420,920,310,1180
6.5378,45.0,195.862174,10603,17156,341,1,0.094282,18.466185,500,-920,-260,-1230
6.5378,45.0,195.862174,10603,17156,341,1,0.094282,18.466185,420,760,730,500
6.5378,45.0,195.862174,10603,17156,341,1,0.094282,18.466185,1180,-760,260,-1490
6.5378,45.0,195.862174,10603,17156,341,1,0.094282,18.466185,-1180,-310,-920,420
6.5378,45.0,195.862174,10603,17156,341,1,0.094282,18.466185,-1490,310,-730,1230
6.5378,45.0,195.862174,10603,17156,341,1,0.094282,18.466185,80,860,580,810
6.5378,45.0,195.862174,10603,17156,341,1,0.094282,18.466185,940,-860,50,-1440
6.5378,45.0,195.862174,10603,17156,341,1,0.094282,18.466185,-1440,500,-580,1390
6.5378,45.0,195.862174,10603,17156,341,1,0.094282,18.466185,1440,-50,860,-940
6.5378,45.0,195.862174,10603,17156,341,1,0.094282,18.466185,810,-890,-50,-1390
6.5378,45.0,195.862174,10603,17156,341,1,0.094282,18.466185,1390,50,890,-810
6.5378,45.0,195.862174,10603,17156,341,1,0.094282,18.466185,-810,-580,-860,-80
6.5378,45.0,195.862174,10603,17156,341,1,0.094282,18.466185,-80,890,500,940
6.5378,45.0,195.862174,10603,17156,341,1,0.094282,18.466185,-940,-500,-890,80
6.5378,45.0,195.862174,10603,17156,341,1,0.094282,18.466185,-1390,580,-500,1440
6.5378,45.0,198.813950,10925,17677,521,1,0.114808,22.825424,1050,440,920,-210
6.5378,45.0,198.813950,10925,17677,521,1,0.114808,22.825424,1490,-440,650,-1360
6.5378,45.0,198.813950,10925,17677,521,1,0.114808,22.825424,-1050,840,-130,1490
6.5378,45.0,198.813950,10925,17677,521,1,0.114808,22.825424,-210,-840,-650,-710
6.5378,45.0,198.813950,10925,17677,521,1,0.114808,22.825424,-710,920,130,1360
6.5378,45.0,198.813950,10925,17677,521,1,0.114808,22.825424,210,-920,-440,-1050
6.5378,45.0,198.813950,10925,17677,521,1,0.114808,22.825424,710,650,840,210
6.5378,45.0,198.813950,10925,17677,521,1,0.114808,22.825424,1360,-650,440,-1490
6.5378,45.0,198.813950,10925,17677,521,1,0.114808,22.825424,-1360,-130,-920,710
6.5378,45.0,198.813950,10925,17677,521,1,0.114808,22.825424,-1490,130,-840,1050
6.5378,45.0,199.812404,11035,17855,125,0,0.055954,11.180340,1230,290,940,-470
6.5378,45.0,199.812404,11035,17855,125,0,0.055954,11.180340,1520,-290,760,-1230
6.5378,45.0,199.812404,11035,17855,125,0,0.055954,11.180340,-1230,760,-290,1520
6.5378,45.0,199.812404,11035,17855,125,0,0.055954,11.180340,-470,-760,-760,-470
6.5378,45.0,199.812404,11035,17855,125,0,0.055954,11.180340,-470,940,290,1230
6.5378,45.0,199.812404,11035,17855,125,0,0.055954,11.180340,470,-940,-290,-1230
6.5378,45.0,199.812404,11035,17855,125,0,0.055954,11.180340,470,760,760,470
6.5378,45.0,199.812404,11035,17855,125,0,0.055954,11.180340,1230,-760,290,-1520
6.5378,45.0,199.812404,11035,17855,125,0,0.055954,11.180340,-1230,-290,-940,470
6.5378,45.0,199.812404,11035,17855,125,0,0.055954,11.180340,-1520,290,-760,1230
6.5378,45.0,200.616534,11124,17999,251,1,0.078971,15.842980,1310,210,940,-600
6.5378,45.0,200.616534,11124,17999,251,1,0.078971,15.842980,1520,-210,810,-1150
6.5378,45.0,200.616534,11124,17999,251,1,0.078971,15.842980,-1310,710,-370,1520
6.5378,45.0,200.616534,11124,17999,251,1,0.078971,15.842980,-600,-710,-810,-340
6.5378,45.0,200.616534,11124,17999,251,1,0.078971,15.842980,-340,940,370,1150
6.5378,45.0,200.616534,11124,17999,251,1,0.078971,15.842980,600,-940,-210,-1310
6.5378,45.0,200.616534,11124,17999,251,1,0.078971,15.842980,340,810,710,600
6.5378,45.0,200.616534,11124,17999,251,1,0.078971,15.842980,1150,-810,210,-1520
6.5378,45.0,200.616534,11124,17999,251,1,0.078971,15.842980,-1150,-370,-940,340
6.5378,45.0,200.616534,11124,17999,251,1,0.078971,15.842980,-1520,370,-710,1310
6.5378,45.0,202.706666,11357,18376,305,0,0.086155,17.464249,80,890,600,840
6.5378,45.0,202.706666,11357,18376,305,0,0.086155,17.464249,970,-890,50,-1490
6.5378,45.0,202.706666,11357,18376,305,0,0.086155,17.464249,-1490,520,-600,1440
6.5378,45.0,202.706666,11357,18376,305,0,0.086155,17.464249,1490,-50,890,-970
6.5378,45.0,202.706666,11357,18376,305,0,0.086155,17.464249,840,-920,-50,-1440
6.5378,45.0,202.706666,11357,18376,305,0,0.086155,17.464249,1440,50,920,-840
6.5378,45.0,202.706666,11357,18376,305,0,0.086155,17.464249,-840,-600,-890,-80
6.5378,45.0,202.706666,11357,18376,305,0,0.086155,17.464249,-80,920,520,970
6.5378,45.0,202.706666,11357,18376,305,0,0.086155,17.464249,-970,-520,-920,80
6.5378,45.0,202.706666,11357,18376,305,0,0.086155,17.464249,-1440,600,-520,1490
6.5378,45.0,202.706666,11357,18376,305,0,0.086155,17.464249,-80,-890,-600,-840
6.5378,45.0,202.706666,11357,18376,305,0,0.086155,17.464249,80,-920,-520,-970
6.5378,45.0,202.706666,11357,18376,305,0,0.086155,17.464249,1440,-600,520,-1490
6.5378,45.0,202.706666,11357,18376,305,0,0.086155,17.464249,1490,-520,600,-1440
6.5378,45.0,202.706666,11357,18376,305,0,0.086155,17.464249,-840,920,50,1440
6.5378,45.0,202.706666,11357,18376,305,0,0.086155,17.464249,-970,890,-50,1490
6.5378,45.0,202.706666,11357,18376,305,0,0.086155,17.464249,-1490,50,-890,970
6.5378,45.0,202.706666,11357,18376,305,0,0.086155,17.464249,-1440,-50,-920,840
6.5378,45.0,202.706666,11357,18376,305,0,0.086155,17.464249,840,600,890,80
6.5378,45.0,202.706666,11357,18376,305,0,0.086155,17.464249,970,520,920,-80
6.5378,45.0,205.260801,11645,18842,151,1,0.059866,12.288206,130,-940,-500,-1020
6.5378,45.0,205.260801,11645,18842,151,1,0.059866,12.288206,1440,-630,500,-1520
6.5378,45.0,205.260801,11645,18842,151,1,0.059866,12.288206,-810,940,80,1440
6.5378,45.0,205.260801,11645,18842,151,1,0.059866,12.288206,-1520,80,-890,1020
6.5378,45.0,205.260801,11645,18842,151,1,0.059866,12.288206,810,630,890,130
6.5378,45.0,205.260801,11645,18842,151,1,0.059866,12.288206,-130,-890,-630,-810
6.5378,45.0,205.260801,11645,18842,151,1,0.059866,12.288206,1020,500,940,-130
6.5378,45.0,205.260801,11645,18842,151,1,0.059866,12.288206,1520,-500,630,-1440
6.5378,45.0,205.260801,11645,18842,151,1,0.059866,12.288206,-1020,890,-80,1520
6.5378,45.0,205.260801,11645,18842,151,1,0.059866,12.288206,-1440,-80,-940,810
6.5378,45.0,206.341913,11768,19041,631,1,0.121738,25.119713,1260,310,970,-470
6.5378,45.0,206.341913,11768,19041,631,1,0.121738,25.119713,1570,-310,780,-1280
6.5378,45.0,206.341913,11768,19041,631,1,0.121738,25.119713,-1260,790,-290,1570
6.5378,45.0,206.341913,11768,19041,631,1,0.121738,25.119713,-470,-790,-780,-500
6.5378,45.0,206.341913,11768,19041,631,1,0.121738,25.119713,-500,970,290,1280
6.5378,45.0,206.341913,11768,19041,631,1,0.121738,25.119713,470,-970,-310,-1260
6.5378,45.0,206.341913,11768,19041,631,1,0.121738,25.119713,500,780,790,470
6.5378,45.0,206.341913,11768,19041,631,1,0.121738,25.119713,1280,-780,310,-1570
6.5378,45.0,206.341913,11768,19041,631,1,0.121738,25.119713,-1280,-290,-970,500
6.5378,45.0,206.341913,11768,19041,631,1,0.121738,25.119713,-1570,290,-790,1260
6.5378,45.0,207.304113,11878,19219,205,0,0.069067,14.317821,1360,210,970,-630
6.5378,45.0,207.304113,11878,19219,205,0,0.069067,14.317821,1570,-210,840,-1180
6.5378,45.0,207.304113,11878,19219,205,0,0.069067,14.317821,-1360,730,-390,1570
6.5378,45.0,207.304113,11878,19219,205,0,0.069067,14.317821,-630,-730,-840,-340
6.5378,45.0,207.304113,11878,19219,205,0,0.069067,14.317821,-340,970,390,1180
6.5378,45.0,207.304113,11878,19219,205,0,0.069067,14.317821,630,-970,-210,-1360
6.5378,45.0,207.304113,11878,19219,205,0,0.069067,14.317821,340,840,730,630
6.5378,45.0,207.304113,11878,19219,205,0,0.069067,14.317821,1180,-840,210,-1570
6.5378,45.0,207.304113,11878,19219,205,0,0.069067,14.317821,-1180,-390,-970,340
6.5378,45.0,207.304113,11878,19219,205,0,0.069067,14.317821,-1570,390,-730,1360
6.5378,45.0,207.304113,11878,19219,205,0,0.069067,14.317821,1180,390,970,-340
6.5378,45.0,207.304113,11878,19219,205,0,0.069067,14.317821,1570,-390,730,-1360
6.5378,45.0,207.304113,11878,19219,205,0,0.069067,14.317821,-1180,840,-210,1570
6.5378,45.0,207.304113,11878,19219,205,0,0.069067,14.317821,-340,-840,-730,-630
6.5378,45.0,207.304113,11878,19219,205,0,0.069067,14.317821,-630,970,210,1360
6.5378,45.0,207.304113,11878,19219,205,0,0.069067,14.317821,340,-970,-390,-1180
6.5378,45.0,207.304113,11878,19219,205,0,0.069067,14.317821,630,730,840,340
6.5378,45.0,207.304113,11878,19219,205,0,0.069067,14.317821,1360,-730,390,-1570
6.5378,45.0,207.304113,11878,19219,205,0,0.069067,14.317821,-1360,-210,-970,630
6.5378,45.0,207.304113,11878,19219,205,0,0.069067,14.317821,-1570,210,-840,1180
6.5378,45.0,208.079293,11967,19363,341,1,0.088746,18.466185,50,920,600,890
6.5378,45.0,208.079293,11967,19363,341,1,0.088746,18.466185,970,-920,30,-1520
6.5378,45.0,208.079293,11967,19363,341,1,0.088746,18.466185,-1520,550,-600,1490
6.5378,45.0,208.079293,11967,19363,341,1,0.088746,18.466185,1520,-30,920,-970
6.5378,45.0,208.079293,11967,19363,341,1,0.088746,18.466185,890,-940,-30,-1490
6.5378,45.0,208.079293,11967,19363,341,1,0.088746,18.466185,1490,30,940,-890
6.5378,45.0,208.079293,11967,19363,341,1,0.088746,18.466185,-890,-600,-920,-50
6.5378,45.0,208.079293,11967,19363,341,1,0.088746,18.466185,-50,940,550,970
6.5378,45.0,208.079293,11967,19363,341,1,0.088746,18.466185,-970,-550,-940,50
6.5378,45.0,208.079293,11967,19363,341,1,0.088746,18.466185,-1490,600,-550,1520
6.5378,45.0,208.079293,11967,19363,341,1,0.088746,18.466185,1150,420,970,-290
6.5378,45.0,208.079293,11967,19363,341,1,0.088746,18.466185,1570,-420,710,-1390
6.5378,45.0,208.079293,11967,19363,341,1,0.088746,18.466185,-1150,860,-180,1570
6.5378,45.0,208.079293,11967,19363,341,1,0.088746,18.466185,-290,-860,-710,-680
6.5378,45.0,208.079293,11967,19363,341,1,0.088746,18.466185,-680,970,180,1390
6.5378,45.0,208.079293,11967,19363,341,1,0.088746,18.466185,290,-970,-420,-1150
6.5378,45.0,208.079293,11967,19363,341,1,0.088746,18.466185,680,710,860,290
6.5378,45.0,208.079293,11967,19363,341,1,0.088746,18.466185,1390,-710,420,-1570
6.5378,45.0,208.079293,11967,19363,341,1,0.088746,18.466185,-1390,-180,-970,680
6.5378,45.0,208.079293,11967,19363,341,1,0.088746,18.466185,-1570,180,-860,1150
6.5378,45.0,209.802286,12166,19685,41,1,0.030520,6.403124,210,890,680,760
6.5378,45.0,209.802286,12166,19685,41,1,0.030520,6.403124,1100,-890,130,-1570
6.5378,45.0,209.802286,12166,19685,41,1,0.030520,6.403124,-1570,470,-680,1440
6.5378,45.0,209.802286,12166,19685,41,1,0.030520,6.403124,1570,-130,890,-1100
6.5378,45.0,209.802286,12166,19685,41,1,0.030520,6.403124,760,-970,-130,-1440
6.5378,45.0,209.802286,12166,19685,41,1,0.030520,6.403124,1440,130,970,-760
6.5378,45.0,209.802286,12166,19685,41,1,0.030520,6.403124,-760,-680,-890,-210
6.5378,45.0,209.802286,12166,19685,41,1,0.030520,6.403124,-210,970,470,1100
6.5378,45.0,209.802286,12166,19685,41,1,0.030520,6.403124,-1100,-470,-970,210
6.5378,45.0,209.802286,12166,19685,41,1,0.030520,6.403124,-1440,680,-470,1570
6.5378,45.0,210.095195,12200,19740,400,0,0.095195,20.000000,0,940,580,940
6.5378,45.0,210.095195,12200,19740,400,0,0.095195,20.000000,940,-940,0,-1520
6.5378,45.0,210.095195,12200,19740,400,0,0.095195,20.000000,-1520,580,-580,1520
6.5378,45.0,210.095195,12200,19740,400,0,0.095195,20.000000,1520,0,940,-940
6.5378,45.0,210.095195,12200,19740,400,0,0.095195,20.000000,-940,-580,-940,0
6.5378,45.0,210.095195,12200,19740,400,0,0.095195,20.000000,0,-940,-580,-940
6.5378,45.0,210.095195,12200,19740,400,0,0.095195,20.000000,1520,-580,580,-1520
6.5378,45.0,210.095195,12200,19740,400,0,0.095195,20.000000,-940,940,0,1520
6.5378,45.0,210.095195,12200,19740,400,0,0.095195,20.000000,-1520,0,-940,940
6.5378,45.0,210.095195,12200,19740,400,0,0.095195,20.000000,940,580,940,0
6.5378,45.0,210.860114,12289,19884,541,1,0.110307,23.259407,1230,370,990,-390
6.5378,45.0,210.860114,12289,19884,541,1,0.110307,23.259407,1600,-370,760,-1360
6.5378,45.0,210.860114,12289,19884,541,1,0.110307,23.259407,-1230,840,-240,1600
6.5378,45.0,210.860114,12289,19884,541,1,0.110307,23.259407,-390,-840,-760,-600
6.5378,45.0,210.860114,12289,19884,541,1,0.110307,23.259407,-600,990,240,1360
6.5378,45.0,210.860114,12289,19884,541,1,0.110307,23.259407,390,-990,-370,-1230
6.5378,45.0,210.860114,12289,19884,541,1,0.110307,23.259407,600,760,840,390
6.5378,45.0,210.860114,12289,19884,541,1,0.110307,23.259407,1360,-760,370,-1600
6.5378,45.0,210.860114,12289,19884,541,1,0.110307,23.259407,-1360,-240,-990,600
6.5378,45.0,210.860114,12289,19884,541,1,0.110307,23.259407,-1600,240,-840,1230
6.5378,45.0,212.849681,12522,20261,605,0,0.115559,24.596748,1440,160,990,-730
6.5378,45.0,212.849681,12522,20261,605,0,0.115559,24.596748,1600,-160,890,-1150
6.5378,45.0,212.849681,12522,20261,605,0,0.115559,24.596748,-1440,710,-450,1600
6.5378,45.0,212.849681,12522,20261,605,0,0.115559,24.596748,-730,-710,-890,-260
6.5378,45.0,212.849681,12522,20261,605,0,0.115559,24.596748,-260,990,450,1150
6.5378,45.0,212.849681,12522,20261,605,0,0.115559,24.596748,730,-990,-160,-1440
6.5378,45.0,212.849681,12522,20261,605,0,0.115559,24.596748,260,890,710,730
6.5378,45.0,212.849681,12522,20261,605,0,0.115559,24.596748,1150,-890,160,-1600
6.5378,45.0,212.849681,12522,20261,605,0,0.115559,24.596748,-1150,-450,-990,260
6.5378,45.0,212.849681,12522,20261,605,0,0.115559,24.596748,-1600,450,-710,1440
2.4972,45.0,6.854102,13,21,1,1,0.145898,1.000000,30,20,30,0
2.4972,45.0,6.854102,13,21,1,1,0.145898,1.000000,50,-20,20,-50
2.4972,45.0,6.854102,13,21,1,1,0.145898,1.000000,-30,30,0,50
2.4972,45.0,6.854102,13,21,1,1,0.145898,1.000000,-50,0,-30,30
2.4972,45.0,6.854102,13,21,1,1,0.145898,1.000000,0,-30,-20,-30
2.4972,45.0,13.037277,47,76,5,0,0.171513,2.236068,100,-20,50,-80
2.4972,45.0,13.037277,47,76,5,0,0.171513,2.236068,80,20,60,-30
2.4972,45.0,13.037277,47,76,5,0,0.171513,2.236068,30,50,50,30
2.4972,45.0,13.037277,47,76,5,0,0.171513,2.236068,-30,60,20,80
2.4972,45.0,13.037277,47,76,5,0,0.171513,2.236068,-80,50,-20,100
2.4972,45.0,13.037277,47,76,5,0,0.171513,2.236068,-100,20,-50,80
2.4972,45.0,13.037277,47,76,5,0,0.171513,2.236068,-80,-20,-60,30
2.4972,45.0,13.037277,47,76,5,0,0.171513,2.236068,-30,-50,-50,-30
2.4972,45.0,13.037277,47,76,5,0,0.171513,2.236068,30,-60,-20,-80
2.4972,45.0,13.037277,47,76,5,0,0.171513,2.236068,80,-50,20,-100
2.4972,45.0,21.094757,123,199,5,0,0.106001,2.236068,160,-30,80,-130
2.4972,45.0,21.094757,123,199,5,0,0.106001,2.236068,130,30,100,-50
2.4972,45.0,21.094757,123,199,5,0,0.106001,2.236068,50,80,80,50
2.4972,45.0,21.094757,123,199,5,0,0.106001,2.236068,-50,100,30,130
2.4972,45.0,21.094757,123,199,5,0,0.106001,2.236068,-130,80,-30,160
2.4972,45.0,21.094757,123,199,5,0,0.106001,2.236068,-160,30,-80,130
2.4972,45.0,21.094757,123,199,5,0,0.106001,2.236068,-130,-30,-100,50
2.4972,45.0,21.094757,123,199,5,0,0.106001,2.236068,-50,-80,-80,-50
2.4972,45.0,21.094757,123,199,5,0,0.106001,2.236068,50,-100,-30,-130
2.4972,45.0,21.094757,123,199,5,0,0.106001,2.236068,130,-80,30,-160
2.4972,45.0,24.798374,170,275,25,0,0.201626,5.000000,180,-70,70,-180
2.4972,45.0,24.798374,170,275,25,0,0.201626,5.000000,110,70,110,0
2.4972,45.0,24.798374,170,275,25,0,0.201626,5.000000,-110,110,0,180
2.4972,45.0,24.798374,170,275,25,0,0.201626,5.000000,-180,0,-110,110
2.4972,45.0,24.798374,170,275,25,0,0.201626,5.000000,0,-110,-70,-110
2.4972,45.0,40.124612,445,720,25,0,0.124612,5.000000,-290,110,-110,290
2.4972,45.0,40.124612,445,720,25,0,0.124612,5.000000,-180,-110,-180,0
2.4972,45.0,40.124612,445,720,25,0,0.124612,5.000000,290,0,180,-180
2.4972,45.0,40.124612,445,720,25,0,0.124612,5.000000,180,-180,0,-290
2.4972,45.0,40.124612,445,720,25,0,0.124612,5.000000,0,180,110,180
2.4972,45.0,40.124612,445,720,25,0,0.124612,5.000000,0,-180,-110,-180
2.4972,45.0,40.124612,445,720,25,0,0.124612,5.000000,180,110,180,0
2.4972,45.0,40.124612,445,720,25,0,0.124612,5.000000,-180,180,0,290
2.4972,45.0,40.124612,445,720,25,0,0.124612,5.000000,290,-110,110,-290
2.4972,45.0,40.124612,445,720,25,0,0.124612,5.000000,-290,0,-180,180
2.4972,45.0,45.331813,568,919,55,0,0.163598,7.416198,160,150,190,50
2.4972,45.0,45.331813,568,919,55,0,0.163598,7.416198,-240,190,-30,340
2.4972,45.0,45.331813,568,919,55,0,0.163598,7.416198,-160,210,30,310
2.4972,45.0,45.331813,568,919,55,0,0.163598,7.416198,240,100,210,-50
2.4972,45.0,45.331813,568,919,55,0,0.163598,7.416198,310,-150,100,-340
2.4972,45.0,45.331813,568,919,55,0,0.163598,7.416198,340,-100,150,-310
2.4972,45.0,45.331813,568,919,55,0,0.163598,7.416198,-50,-190,-150,-160
2.4972,45.0,45.331813,568,919,55,0,0.163598,7.416198,50,-210,-100,-240
2.4972,45.0,45.331813,568,919,55,0,0.163598,7.416198,-340,30,-190,240
2.4972,45.0,45.331813,568,919,55,0,0.163598,7.416198,-310,-30,-210,160
2.4972,45.0,45.331813,568,919,55,0,0.163598,7.416198,-310,150,-100,340
2.4972,45.0,45.331813,568,919,55,0,0.163598,7.416198,240,-190,30,-340
2.4972,45.0,45.331813,568,919,55,0,0.163598,7.416198,-160,-150,-190,-50
2.4972,45.0,45.331813,568,919,55,0,0.163598,7.416198,50,190,150,160
2.4972,45.0,45.331813,568,919,55,0,0.163598,7.416198,340,-30,190,-240
2.4972,45.0,45.331813,568,919,55,0,0.163598,7.416198,-50,210,100,240
2.4972,45.0,45.331813,568,919,55,0,0.163598,7.416198,-240,-100,-210,50
2.4972,45.0,45.331813,568,919,55,0,0.163598,7.416198,-340,100,-150,310
2.4972,45.0,45.331813,568,919,55,0,0.163598,7.416198,160,-210,-30,-310
2.4972,45.0,45.331813,568,919,55,0,0.163598,7.416198,310,30,210,-160
2.4972,45.0,52.678081,767,1241,55,0,0.140783,7.416198,-210,240,20,370
2.4972,45.0,52.678081,767,1241,55,0,0.140783,7.416198,390,-130,160,-370
2.4972,45.0,52.678081,767,1241,55,0,0.140783,7.416198,30,-240,-130,-260
2.4972,45.0,52.678081,767,1241,55,0,0.140783,7.416198,370,-160,130,-390
2.4972,45.0,52.678081,767,1241,55,0,0.140783,7.416198,210,160,230,30
2.4972,45.0,52.678081,767,1241,55,0,0.140783,7.416198,-370,-20,-240,210
2.4972,45.0,52.678081,767,1241,55,0,0.140783,7.416198,-260,230,-20,390
2.4972,45.0,52.678081,767,1241,55,0,0.140783,7.416198,-30,-230,-160,-210
2.4972,45.0,52.678081,767,1241,55,0,0.140783,7.416198,-390,20,-230,260
2.4972,45.0,52.678081,767,1241,55,0,0.140783,7.416198,260,130,240,-30
2.4972,45.0,52.678081,767,1241,55,0,0.140783,7.416198,390,-20,230,-260
2.4972,45.0,52.678081,767,1241,55,0,0.140783,7.416198,-370,160,-130,390
2.4972,45.0,52.678081,767,1241,55,0,0.140783,7.416198,210,-240,-20,-370
2.4972,45.0,52.678081,767,1241,55,0,0.140783,7.416198,260,-230,20,-390
2.4972,45.0,52.678081,767,1241,55,0,0.140783,7.416198,-30,240,130,260
2.4972,45.0,52.678081,767,1241,55,0,0.140783,7.416198,-260,-130,-240,30
2.4972,45.0,52.678081,767,1241,55,0,0.140783,7.416198,-210,-160,-230,-30
2.4972,45.0,52.678081,767,1241,55,0,0.140783,7.416198,370,20,240,-210
2.4972,45.0,52.678081,767,1241,55,0,0.140783,7.416198,-390,130,-160,370
2.4972,45.0,52.678081,767,1241,55,0,0.140783,7.416198,30,230,160,210
2.4972,45.0,66.219066,1212,1961,155,0,0.188011,12.449900,500,-130,230,-440
2.4972,45.0,66.219066,1212,1961,155,0,0.188011,12.449900,440,-230,130,-500
2.4972,45.0,66.219066,1212,1961,155,0,0.188011,12.449900,-500,60,-270,370
2.4972,45.0,66.219066,1212,1961,155,0,0.188011,12.449900,-210,310,60,440
2.4972,45.0,66.219066,1212,1961,155,0,0.188011,12.449900,370,130,310,-100
2.4972,45.0,66.219066,1212,1961,155,0,0.188011,12.449900,100,-310,-130,-370
2.4972,45.0,66.219066,1212,1961,155,0,0.188011,12.449900,-370,270,-60,500
2.4972,45.0,66.219066,1212,1961,155,0,0.188011,12.449900,-440,-60,-310,210
2.4972,45.0,66.219066,1212,1961,155,0,0.188011,12.449900,210,230,270,100
2.4972,45.0,66.219066,1212,1961,155,0,0.188011,12.449900,-100,-270,-230,-210
2.4972,45.0,68.264067,1288,2084,80,0,0.131025,8.944272,520,-100,260,-420
2.4972,45.0,68.264067,1288,2084,80,0,0.131025,8.944272,-420,260,-100,520
2.4972,45.0,68.264067,1288,2084,80,0,0.131025,8.944272,160,260,260,160
2.4972,45.0,68.264067,1288,2084,80,0,0.131025,8.944272,-160,320,100,420
2.4972,45.0,68.264067,1288,2084,80,0,0.131025,8.944272,-520,100,-260,420
2.4972,45.0,68.264067,1288,2084,80,0,0.131025,8.944272,420,-260,100,-520
2.4972,45.0,68.264067,1288,2084,80,0,0.131025,8.944272,160,-320,-100,-420
2.4972,45.0,68.264067,1288,2084,80,0,0.131025,8.944272,-420,-100,-320,160
2.4972,45.0,68.264067,1288,2084,80,0,0.131025,8.944272,-160,-260,-260,-160
2.4972,45.0,68.264067,1288,2084,80,0,0.131025,8.944272,420,100,320,-160
2.4972,45.0,73.348414,1487,2406,55,0,0.101109,7.416198,550,-160,240,-500
2.4972,45.0,73.348414,1487,2406,55,0,0.101109,7.416198,-80,-310,-240,-260
2.4972,45.0,73.348414,1487,2406,55,0,0.101109,7.416198,260,240,310,80
2.4972,45.0,73.348414,1487,2406,55,0,0.101109,7.416198,390,160,340,-80
2.4972,45.0,73.348414,1487,2406,55,0,0.101109,7.416198,-550,50,-310,390
2.4972,45.0,73.348414,1487,2406,55,0,0.101109,7.416198,-500,-50,-340,260
2.4972,45.0,73.348414,1487,2406,55,0,0.101109,7.416198,500,-240,160,-550
2.4972,45.0,73.348414,1487,2406,55,0,0.101109,7.416198,-390,310,-50,550
2.4972,45.0,73.348414,1487,2406,55,0,0.101109,7.416198,80,-340,-160,-390
2.4972,45.0,73.348414,1487,2406,55,0,0.101109,7.416198,-260,340,50,500
2.4972,45.0,76.321547,1610,2605,125,0,0.146490,11.180340,-470,-110,-360,180
2.4972,45.0,76.321547,1610,2605,125,0,0.146490,11.180340,-470,290,-110,580
2.4972,45.0,76.321547,1610,2605,125,0,0.146490,11.180340,470,110,360,-180
2.4972,45.0,76.321547,1610,2605,125,0,0.146490,11.180340,470,-290,110,-580
2.4972,45.0,76.321547,1610,2605,125,0,0.146490,11.180340,-180,-290,-290,-180
2.4972,45.0,76.321547,1610,2605,125,0,0.146490,11.180340,180,290,290,180
2.4972,45.0,76.321547,1610,2605,125,0,0.146490,11.180340,-580,110,-290,470
2.4972,45.0,76.321547,1610,2605,125,0,0.146490,11.180340,180,-360,-110,-470
2.4972,45.0,76.321547,1610,2605,125,0,0.146490,11.180340,-180,360,110,470
2.4972,45.0,76.321547,1610,2605,125,0,0.146490,11.180340,580,-110,290,-470
2.4972,45.0,79.183125,1733,2804,205,0,0.180819,14.317821,-520,-80,-370,240
2.4972,45.0,79.183125,1733,2804,205,0,0.180819,14.317821,600,-150,280,-520
2.4972,45.0,79.183125,1733,2804,205,0,0.180819,14.317821,-600,80,-320,450
2.4972,45.0,79.183125,1733,2804,205,0,0.180819,14.317821,-450,320,-80,600
2.4972,45.0,79.183125,1733,2804,205,0,0.180819,14.317821,450,150,370,-130
2.4972,45.0,79.183125,1733,2804,205,0,0.180819,14.317821,130,-370,-150,-450
2.4972,45.0,79.183125,1733,2804,205,0,0.180819,14.317821,-130,-320,-280,-240
2.4972,45.0,79.183125,1733,2804,205,0,0.180819,14.317821,240,280,320,130
2.4972,45.0,79.183125,1733,2804,205,0,0.180819,14.317821,-240,370,80,520
2.4972,45.0,79.183125,1733,2804,205,0,0.180819,14.317821,520,-280,150,-600
2.4972,45.0,94.207096,2453,3969,205,0,0.151982,14.317821,-630,320,-190,710
2.4972,45.0,94.207096,2453,3969,205,0,0.151982,14.317821,-130,440,190,520
2.4972,45.0,94.207096,2453,3969,205,0,0.151982,14.317821,710,-80,390,-520
2.4972,45.0,94.207096,2453,3969,205,0,0.151982,14.317821,-710,190,-320,630
2.4972,45.0,94.207096,2453,3969,205,0,0.151982,14.317821,-310,-320,-390,-130
2.4972,45.0,94.207096,2453,3969,205,0,0.151982,14.317821,310,-440,-80,-630
2.4972,45.0,94.207096,2453,3969,205,0,0.151982,14.317821,-520,-190,-440,130
2.4972,45.0,94.207096,2453,3969,205,0,0.151982,14.317821,520,-390,80,-710
2.4972,45.0,94.207096,2453,3969,205,0,0.151982,14.317821,630,80,440,-310
2.4972,45.0,94.207096,2453,3969,205,0,0.151982,14.317821,130,390,320,310
2.4972,45.0,94.207096,2453,3969,205,0,0.151982,14.317821,520,190,440,-130
2.4972,45.0,94.207096,2453,3969,205,0,0.151982,14.317821,630,-320,190,-710
2.4972,45.0,94.207096,2453,3969,205,0,0.151982,14.317821,-630,-80,-440,310
2.4972,45.0,94.207096,2453,3969,205,0,0.151982,14.317821,-710,80,-390,520
2.4972,45.0,94.207096,2453,3969,205,0,0.151982,14.317821,-520,390,-80,710
2.4972,45.0,94.207096,2453,3969,205,0,0.151982,14.317821,-310,440,80,630
2.4972,45.0,94.207096,2453,3969,205,0,0.151982,14.317821,130,-440,-190,-520
2.4972,45.0,94.207096,2453,3969,205,0,0.151982,14.317821,-130,-390,-320,-310
2.4972,45.0,94.207096,2453,3969,205,0,0.151982,14.317821,310,320,390,130
2.4972,45.0,94.207096,2453,3969,205,0,0.151982,14.317821,710,-190,320,-630
2.4972,45.0,97.953988,2652,4291,155,0,0.127099,12.449900,500,230,450,-80
2.4972,45.0,97.953988,2652,4291,155,0,0.127099,12.449900,-500,420,-50,730
2.4972,45.0,97.953988,2652,4291,155,0,0.127099,12.449900,680,-310,230,-730
2.4972,45.0,97.953988,2652,4291,155,0,0.127099,12.449900,-680,-50,-450,370
2.4972,45.0,97.953988,2652,4291,155,0,0.127099,12.449900,-370,450,50,680
2.4972,45.0,97.953988,2652,4291,155,0,0.127099,12.449900,370,310,420,80
2.4972,45.0,97.953988,2652,4291,155,0,0.127099,12.449900,730,-230,310,-680
2.4972,45.0,97.953988,2652,4291,155,0,0.127099,12.449900,-730,50,-420,500
2.4972,45.0,97.953988,2652,4291,155,0,0.127099,12.449900,80,-450,-230,-500
2.4972,45.0,97.953988,2652,4291,155,0,0.127099,12.449900,-80,-420,-310,-370
2.4972,45.0,97.953988,2652,4291,155,0,0.127099,12.449900,680,50,450,-370
2.4972,45.0,97.953988,2652,4291,155,0,0.127099,12.449900,-730,230,-310,680
2.4972,45.0,97.953988,2652,4291,155,0,0.127099,12.449900,-500,-230,-450,80
2.4972,45.0,97.953988,2652,4291,155,0,0.127099,12.449900,730,-50,420,-500
2.4972,45.0,97.953988,2652,4291,155,0,0.127099,12.449900,-680,310,-230,730
2.4972,45.0,97.953988,2652,4291,155,0,0.127099,12.449900,-80,450,230,500
2.4972,45.0,97.953988,2652,4291,155,0,0.127099,12.449900,500,-420,50,-730
2.4972,45.0,97.953988,2652,4291,155,0,0.127099,12.449900,-370,-310,-420,-80
2.4972,45.0,97.953988,2652,4291,155,0,0.127099,12.449900,80,420,310,370
2.4972,45.0,97.953988,2652,4291,155,0,0.127099,12.449900,370,-450,-50,-680
2.4972,45.0,100.199664,2775,4490,275,0,0.165501,16.583124,760,-180,360,-650
2.4972,45.0,100.199664,2775,4490,275,0,0.165501,16.583124,-650,-110,-470,290
2.4972,45.0,100.199664,2775,4490,275,0,0.165501,16.583124,-290,470,110,650
2.4972,45.0,100.199664,2775,4490,275,0,0.165501,16.583124,580,180,470,-180
2.4972,45.0,100.199664,2775,4490,275,0,0.165501,16.583124,290,360,400,180
2.4972,45.0,100.199664,2775,4490,275,0,0.165501,16.583124,-180,-400,-360,-290
2.4972,45.0,100.199664,2775,4490,275,0,0.165501,16.583124,-760,110,-400,580
2.4972,45.0,100.199664,2775,4490,275,0,0.165501,16.583124,180,-470,-180,-580
2.4972,45.0,100.199664,2775,4490,275,0,0.165501,16.583124,-580,400,-110,760
2.4972,45.0,100.199664,2775,4490,275,0,0.165501,16.583124,650,-360,180,-760
2.4972,45.0,100.199664,2775,4490,275,0,0.165501,16.583124,760,-110,400,-580
2.4972,45.0,100.199664,2775,4490,275,0,0.165501,16.583124,-760,180,-360,650
2.4972,45.0,100.199664,2775,4490,275,0,0.165501,16.583124,650,110,470,-290
2.4972,45.0,100.199664,2775,4490,275,0,0.165501,16.583124,-650,360,-180,760
2.4972,45.0,100.199664,2775,4490,275,0,0.165501,16.583124,580,-400,110,-760
2.4972,45.0,100.199664,2775,4490,275,0,0.165501,16.583124,-580,-180,-470,180
2.4972,45.0,100.199664,2775,4490,275,0,0.165501,16.583124,-290,-360,-400,-180
2.4972,45.0,100.199664,2775,4490,275,0,0.165501,16.583124,180,400,360,290
2.4972,45.0,100.199664,2775,4490,275,0,0.165501,16.583124,290,-470,-110,-650
2.4972,45.0,100.199664,2775,4490,275,0,0.165501,16.583124,-180,470,180,580
2.4972,45.0,105.853523,3097,5011,355,0,0.177995,18.841444,-790,240,-340,730
2.4972,45.0,105.853523,3097,5011,355,0,0.177995,18.841444,390,-490,-60,-730
2.4972,45.0,105.853523,3097,5011,355,0,0.177995,18.841444,550,-450,60,-790
2.4972,45.0,105.853523,3097,5011,355,0,0.177995,18.841444,790,-60,450,-550
2.4972,45.0,105.853523,3097,5011,355,0,0.177995,18.841444,-100,490,240,550
2.4972,45.0,105.853523,3097,5011,355,0,0.177995,18.841444,730,60,490,-390
2.4972,45.0,105.853523,3097,5011,355,0,0.177995,18.841444,-730,340,-240,790
2.4972,45.0,105.853523,3097,5011,355,0,0.177995,18.841444,100,450,340,390
2.4972,45.0,105.853523,3097,5011,355,0,0.177995,18.841444,-550,-240,-490,100
2.4972,45.0,105.853523,3097,5011,355,0,0.177995,18.841444,-390,-340,-450,-100
2.4972,45.0,107.144699,3173,5134,155,0,0.116197,12.449900,710,-370,210,-810
2.4972,45.0,107.144699,3173,5134,155,0,0.116197,12.449900,340,370,440,160
2.4972,45.0,107.144699,3173,5134,155,0,0.116197,12.449900,-600,440,-100,810
2.4972,45.0,107.144699,3173,5134,155,0,0.116197,12.449900,-340,500,100,710
2.4972,45.0,107.144699,3173,5134,155,0,0.116197,12.449900,810,-210,370,-710
2.4972,45.0,107.144699,3173,5134,155,0,0.116197,12.449900,-710,-100,-500,340
2.4972,45.0,107.144699,3173,5134,155,0,0.116197,12.449900,-810,100,-440,600
2.4972,45.0,107.144699,3173,5134,155,0,0.116197,12.449900,-160,-440,-370,-340
2.4972,45.0,107.144699,3173,5134,155,0,0.116197,12.449900,600,210,500,-160
2.4972,45.0,107.144699,3173,5134,155,0,0.116197,12.449900,160,-500,-210,-600
2.4972,45.0,107.144699,3173,5134,155,0,0.116197,12.449900,810,-100,440,-600
2.4972,45.0,107.144699,3173,5134,155,0,0.116197,12.449900,710,100,500,-340
2.4972,45.0,107.144699,3173,5134,155,0,0.116197,12.449900,-810,210,-370,710
2.4972,45.0,107.144699,3173,5134,155,0,0.116197,12.449900,-600,-210,-500,160
2.4972,45.0,107.144699,3173,5134,155,0,0.116197,12.449900,-710,370,-210,810
2.4972,45.0,107.144699,3173,5134,155,0,0.116197,12.449900,340,-500,-100,-710
2.4972,45.0,107.144699,3173,5134,155,0,0.116197,12.449900,-340,-370,-440,-160
2.4972,45.0,107.144699,3173,5134,155,0,0.116197,12.449900,600,-440,100,-810
2.4972,45.0,107.144699,3173,5134,155,0,0.116197,12.449900,160,440,370,340
2.4972,45.0,107.144699,3173,5134,155,0,0.116197,12.449900,-160,500,210,600
2.4972,45.0,117.515862,3817,6176,305,0,0.148612,17.464249,30,520,340,500
2.4972,45.0,117.515862,3817,6176,305,0,0.148612,17.464249,550,-520,20,-860
2.4972,45.0,117.515862,3817,6176,305,0,0.148612,17.464249,-860,310,-340,840
2.4972,45.0,117.515862,3817,6176,305,0,0.148612,17.464249,860,-20,520,-550
2.4972,45.0,117.515862,3817,6176,305,0,0.148612,17.464249,500,-530,-20,-840
2.4972,45.0,117.515862,3817,6176,305,0,0.148612,17.464249,840,20,530,-500
2.4972,45.0,117.515862,3817,6176,305,0,0.148612,17.464249,-500,-340,-520,-30
2.4972,45.0,117.515862,3817,6176,305,0,0.148612,17.464249,-30,530,310,550
2.4972,45.0,117.515862,3817,6176,305,0,0.148612,17.464249,-550,-310,-530,30
2.4972,45.0,117.515862,3817,6176,305,0,0.148612,17.464249,-840,340,-310,860
2.4972,45.0,117.515862,3817,6176,305,0,0.148612,17.464249,30,-530,-310,-550
2.4972,45.0,117.515862,3817,6176,305,0,0.148612,17.464249,840,-340,310,-860
2.4972,45.0,117.515862,3817,6176,305,0,0.148612,17.464249,-500,530,20,840
2.4972,45.0,117.515862,3817,6176,305,0,0.148612,17.464249,-860,20,-520,550
2.4972,45.0,117.515862,3817,6176,305,0,0.148612,17.464249,500,340,520,30
2.4972,45.0,117.515862,3817,6176,305,0,0.148612,17.464249,-30,-520,-340,-500
2.4972,45.0,117.515862,3817,6176,305,0,0.148612,17.464249,550,310,530,-30
2.4972,45.0,117.515862,3817,6176,305,0,0.148612,17.464249,860,-310,340,-840
2.4972,45.0,117.515862,3817,6176,305,0,0.148612,17.464249,-550,520,-20,860
2.4972,45.0,117.515862,3817,6176,305,0,0.148612,17.464249,-840,-20,-530,500
2.4972,45.0,125.279610,4338,7019,305,0,0.139402,17.464249,50,550,370,520
2.4972,45.0,125.279610,4338,7019,305,0,0.139402,17.464249,600,-550,30,-920
2.4972,45.0,125.279610,4338,7019,305,0,0.139402,17.464249,-920,320,-370,890
2.4972,45.0,125.279610,4338,7019,305,0,0.139402,17.464249,920,-30,550,-600
2.4972,45.0,125.279610,4338,7019,305,0,0.139402,17.464249,520,-570,-30,-890
2.4972,45.0,125.279610,4338,7019,305,0,0.139402,17.464249,890,30,570,-520
2.4972,45.0,125.279610,4338,7019,305,0,0.139402,17.464249,-520,-370,-550,-50
2.4972,45.0,125.279610,4338,7019,305,0,0.139402,17.464249,-50,570,320,600
2.4972,45.0,125.279610,4338,7019,305,0,0.139402,17.464249,-600,-320,-570,50
2.4972,45.0,125.279610,4338,7019,305,0,0.139402,17.464249,-890,370,-320,920
2.4972,45.0,125.279610,4338,7019,305,0,0.139402,17.464249,50,-570,-320,-600
2.4972,45.0,125.279610,4338,7019,305,0,0.139402,17.464249,890,-370,320,-920
2.4972,45.0,125.279610,4338,7019,305,0,0.139402,17.464249,-520,570,30,890
2.4972,45.0,125.279610,4338,7019,305,0,0.139402,17.464249,-920,30,-550,600
2.4972,45.0,125.279610,4338,7019,305,0,0.139402,17.464249,520,370,550,50
2.4972,45.0,125.279610,4338,7019,305,0,0.139402,17.464249,-50,-550,-370,-520
2.4972,45.0,125.279610,4338,7019,305,0,0.139402,17.464249,600,320,570,-50
2.4972,45.0,125.279610,4338,7019,305,0,0.139402,17.464249,920,-320,370,-890
2.4972,45.0,125.279610,4338,7019,305,0,0.139402,17.464249,-600,550,-30,920
2.4972,45.0,125.279610,4338,7019,305,0,0.139402,17.464249,-890,-30,-570,520
2.4972,45.0,128.120988,4537,7341,205,0,0.111752,14.317821,730,-520,130,-970
2.4972,45.0,128.120988,4537,7341,205,0,0.111752,14.317821,970,-130,520,-730
2.4972,45.0,128.120988,4537,7341,205,0,0.111752,14.317821,-840,450,-240,970
2.4972,45.0,128.120988,4537,7341,205,0,0.111752,14.317821,210,520,450,390
2.4972,45.0,128.120988,4537,7341,205,0,0.111752,14.317821,-210,600,240,730
2.4972,45.0,128.120988,4537,7341,205,0,0.111752,14.317821,-730,-240,-600,210
2.4972,45.0,128.120988,4537,7341,205,0,0.111752,14.317821,390,-600,-130,-840
2.4972,45.0,128.120988,4537,7341,205,0,0.111752,14.317821,840,130,600,-390
2.4972,45.0,128.120988,4537,7341,205,0,0.111752,14.317821,-390,-450,-520,-210
2.4972,45.0,128.120988,4537,7341,205,0,0.111752,14.317821,-970,240,-450,840
2.4972,45.0,128.120988,4537,7341,205,0,0.111752,14.317821,-970,130,-520,730
2.4972,45.0,128.120988,4537,7341,205,0,0.111752,14.317821,730,240,600,-210
2.4972,45.0,128.120988,4537,7341,205,0,0.111752,14.317821,970,-240,450,-840
2.4972,45.0,128.120988,4537,7341,205,0,0.111752,14.317821,-840,-130,-600,390
2.4972,45.0,128.120988,4537,7341,205,0,0.111752,14.317821,-210,-520,-450,-390
2.4972,45.0,128.120988,4537,7341,205,0,0.111752,14.317821,390,450,520,210
2.4972,45.0,128.120988,4537,7341,205,0,0.111752,14.317821,210,-600,-240,-730
2.4972,45.0,128.120988,4537,7341,205,0,0.111752,14.317821,-390,600,130,840
2.4972,45.0,128.120988,4537,7341,205,0,0.111752,14.317821,-730,520,-130,970
2.4972,45.0,128.120988,4537,7341,205,0,0.111752,14.317821,840,-450,240,-970
2.4972,45.0,129.845971,4660,7540,400,0,0.154029,20.000000,0,580,360,580
2.4972,45.0,129.845971,4660,7540,400,0,0.154029,20.000000,580,-580,0,-940
2.4972,45.0,129.845971,4660,7540,400,0,0.154029,20.000000,-940,360,-360,940
2.4972,45.0,129.845971,4660,7540,400,0,0.154029,20.000000,940,0,580,-580
2.4972,45.0,129.845971,4660,7540,400,0,0.154029,20.000000,-580,-360,-580,0
2.4972,45.0,129.845971,4660,7540,400,0,0.154029,20.000000,0,-580,-360,-580
2.4972,45.0,129.845971,4660,7540,400,0,0.154029,20.000000,940,-360,360,-940
2.4972,45.0,129.845971,4660,7540,400,0,0.154029,20.000000,-580,580,0,940
2.4972,45.0,129.845971,4660,7540,400,0,0.154029,20.000000,-940,0,-580,580
2.4972,45.0,129.845971,4660,7540,400,0,0.154029,20.000000,580,360,580,0
2.4972,45.0,131.548337,4783,7739,605,0,0.186979,24.596748,890,100,610,-450
2.4972,45.0,131.548337,4783,7739,605,0,0.186979,24.596748,-450,-440,-550,-160
2.4972,45.0,131.548337,4783,7739,605,0,0.186979,24.596748,990,-100,550,-710
2.4972,45.0,131.548337,4783,7739,605,0,0.186979,24.596748,-710,-280,-610,160
2.4972,45.0,131.548337,4783,7739,605,0,0.186979,24.596748,160,550,440,450
2.4972,45.0,131.548337,4783,7739,605,0,0.186979,24.596748,-890,440,-280,990
2.4972,45.0,131.548337,4783,7739,605,0,0.186979,24.596748,-990,280,-440,890
2.4972,45.0,131.548337,4783,7739,605,0,0.186979,24.596748,710,-550,100,-990
2.4972,45.0,131.548337,4783,7739,605,0,0.186979,24.596748,450,-610,-100,-890
2.4972,45.0,131.548337,4783,7739,605,0,0.186979,24.596748,-160,610,280,710
2.4972,45.0,134.257111,4982,8061,505,0,0.167382,22.472205,860,160,630,-370
2.4972,45.0,134.257111,4982,8061,505,0,0.167382,22.472205,1020,-160,530,-790
2.4972,45.0,134.257111,4982,8061,505,0,0.167382,22.472205,-860,490,-230,1020
2.4972,45.0,134.257111,4982,8061,505,0,0.167382,22.472205,-370,-490,-530,-260
2.4972,45.0,134.257111,4982,8061,505,0,0.167382,22.472205,-260,630,230,790
2.4972,45.0,134.257111,4982,8061,505,0,0.167382,22.472205,370,-630,-160,-860
2.4972,45.0,134.257111,4982,8061,505,0,0.167382,22.472205,260,530,490,370
2.4972,45.0,134.257111,4982,8061,505,0,0.167382,22.472205,790,-530,160,-1020
2.4972,45.0,134.257111,4982,8061,505,0,0.167382,22.472205,-790,-230,-630,260
2.4972,45.0,134.257111,4982,8061,505,0,0.167382,22.472205,-1020,230,-490,860
2.4972,45.0,134.257111,4982,8061,505,0,0.167382,22.472205,790,230,630,-260
2.4972,45.0,134.257111,4982,8061,505,0,0.167382,22.472205,1020,-230,490,-860
2.4972,45.0,134.257111,4982,8061,505,0,0.167382,22.472205,-790,530,-160,1020
2.4972,45.0,134.257111,4982,8061,505,0,0.167382,22.472205,-260,-530,-490,-370
2.4972,45.0,134.257111,4982,8061,505,0,0.167382,22.472205,-370,630,160,860
2.4972,45.0,134.257111,4982,8061,505,0,0.167382,22.472205,260,-630,-230,-790
2.4972,45.0,134.257111,4982,8061,505,0,0.167382,22.472205,370,490,530,260
2.4972,45.0,134.257111,4982,8061,505,0,0.167382,22.472205,860,-490,230,-1020
2.4972,45.0,134.257111,4982,8061,505,0,0.167382,22.472205,-860,-160,-630,370
2.4972,45.0,134.257111,4982,8061,505,0,0.167382,22.472205,-1020,160,-530,790
2.4972,45.0,139.516973,5380,8705,275,0,0.118861,16.583124,940,110,650,-470
2.4972,45.0,139.516973,5380,8705,275,0,0.118861,16.583124,-470,-470,-580,-180
2.4972,45.0,139.516973,5380,8705,275,0,0.118861,16.583124,1050,-110,580,-760
2.4972,45.0,139.516973,5380,8705,275,0,0.118861,16.583124,-760,-290,-650,180
2.4972,45.0,139.516973,5380,8705,275,0,0.118861,16.583124,180,580,470,470
2.4972,45.0,139.516973,5380,8705,275,0,0.118861,16.583124,-940,470,-290,1050
2.4972,45.0,139.516973,5380,8705,275,0,0.118861,16.583124,-1050,290,-470,940
2.4972,45.0,139.516973,5380,8705,275,0,0.118861,16.583124,760,-580,110,-1050
2.4972,45.0,139.516973,5380,8705,275,0,0.118861,16.583124,470,-650,-110,-940
2.4972,45.0,139.516973,5380,8705,275,0,0.118861,16.583124,-180,650,290,760
2.4972,45.0,139.516973,5380,8705,275,0,0.118861,16.583124,-940,-110,-650,470
2.4972,45.0,139.516973,5380,8705,275,0,0.118861,16.583124,180,-650,-290,-760
2.4972,45.0,139.516973,5380,8705,275,0,0.118861,16.583124,940,-470,290,-1050
2.4972,45.0,139.516973,5380,8705,275,0,0.118861,16.583124,760,290,650,-180
2.4972,45.0,139.516973,5380,8705,275,0,0.118861,16.583124,1050,-290,470,-940
2.4972,45.0,139.516973,5380,8705,275,0,0.118861,16.583124,-180,-580,-470,-470
2.4972,45.0,139.516973,5380,8705,275,0,0.118861,16.583124,-470,650,110,940
2.4972,45.0,139.516973,5380,8705,275,0,0.118861,16.583124,-760,580,-110,1050
2.4972,45.0,139.516973,5380,8705,275,0,0.118861,16.583124,-1050,110,-580,760
2.4972,45.0,139.516973,5380,8705,275,0,0.118861,16.583124,470,470,580,180
2.4972,45.0,141.102710,5503,8904,505,0,0.159261,22.472205,920,150,660,-420
2.4972,45.0,141.102710,5503,8904,505,0,0.159261,22.472205,1070,-150,570,-810
2.4972,45.0,141.102710,5503,8904,505,0,0.159261,22.472205,-920,500,-260,1070
2.4972,45.0,141.102710,5503,8904,505,0,0.159261,22.472205,-420,-500,-570,-240
2.4972,45.0,141.102710,5503,8904,505,0,0.159261,22.472205,-240,660,260,810
2.4972,45.0,141.102710,5503,8904,505,0,0.159261,22.472205,420,-660,-150,-920
2.4972,45.0,141.102710,5503,8904,505,0,0.159261,22.472205,240,570,500,420
2.4972,45.0,141.102710,5503,8904,505,0,0.159261,22.472205,810,-570,150,-1070
2.4972,45.0,141.102710,5503,8904,505,0,0.159261,22.472205,-810,-260,-660,240
2.4972,45.0,141.102710,5503,8904,505,0,0.159261,22.472205,-1070,260,-500,920
2.4972,45.0,141.102710,5503,8904,505,0,0.159261,22.472205,810,260,660,-240
2.4972,45.0,141.102710,5503,8904,505,0,0.159261,22.472205,1070,-260,500,-920
2.4972,45.0,141.102710,5503,8904,505,0,0.159261,22.472205,-810,570,-150,1070
2.4972,45.0,141.102710,5503,8904,505,0,0.159261,22.472205,-240,-570,-500,-420
2.4972,45.0,141.102710,5503,8904,505,0,0.159261,22.472205,-420,660,150,920
2.4972,45.0,141.102710,5503,8904,505,0,0.159261,22.472205,240,-660,-260,-810
2.4972,45.0,141.102710,5503,8904,505,0,0.159261,22.472205,420,500,570,240
2.4972,45.0,141.102710,5503,8904,505,0,0.159261,22.472205,920,-500,260,-1070
2.4972,45.0,141.102710,5503,8904,505,0,0.159261,22.472205,-920,-150,-660,420
2.4972,45.0,141.102710,5503,8904,505,0,0.159261,22.472205,-1070,150,-570,810
2.4972,45.0,145.172209,5825,9425,625,0,0.172209,25.000000,0,650,400,650
2.4972,45.0,145.172209,5825,9425,625,0,0.172209,25.000000,650,-650,0,-1050
2.4972,45.0,145.172209,5825,9425,625,0,0.172209,25.000000,-1050,400,-400,1050
2.4972,45.0,145.172209,5825,9425,625,0,0.172209,25.000000,1050,0,650,-650
2.4972,45.0,145.172209,5825,9425,625,0,0.172209,25.000000,-650,-400,-650,0
2.4972,45.0,150.049939,6223,10069,355,0,0.125568,18.841444,50,660,440,630
2.4972,45.0,150.049939,6223,10069,355,0,0.125568,18.841444,710,-660,30,-1100
2.4972,45.0,150.049939,6223,10069,355,0,0.125568,18.841444,-1100,390,-440,1070
2.4972,45.0,150.049939,6223,10069,355,0,0.125568,18.841444,1100,-30,660,-710
2.4972,45.0,150.049939,6223,10069,355,0,0.125568,18.841444,630,-680,-30,-1070
2.4972,45.0,150.049939,6223,10069,355,0,0.125568,18.841444,1070,30,680,-630
2.4972,45.0,150.049939,6223,10069,355,0,0.125568,18.841444,-630,-440,-660,-50
2.4972,45.0,150.049939,6223,10069,355,0,0.125568,18.841444,-50,680,390,710
2.4972,45.0,150.049939,6223,10069,355,0,0.125568,18.841444,-710,-390,-680,50
2.4972,45.0,150.049939,6223,10069,355,0,0.125568,18.841444,-1070,440,-390,1100
2.4972,45.0,150.049939,6223,10069,355,0,0.125568,18.841444,50,-680,-390,-710
2.4972,45.0,150.049939,6223,10069,355,0,0.125568,18.841444,1070,-440,390,-1100
2.4972,45.0,150.049939,6223,10069,355,0,0.125568,18.841444,-630,680,30,1070
2.4972,45.0,150.049939,6223,10069,355,0,0.125568,18.841444,-1100,30,-660,710
2.4972,45.0,150.049939,6223,10069,355,0,0.125568,18.841444,630,440,660,50
2.4972,45.0,150.049939,6223,10069,355,0,0.125568,18.841444,-50,-660,-440,-630
2.4972,45.0,150.049939,6223,10069,355,0,0.125568,18.841444,710,390,680,-50
2.4972,45.0,150.049939,6223,10069,355,0,0.125568,18.841444,1100,-390,440,-1070
2.4972,45.0,150.049939,6223,10069,355,0,0.125568,18.841444,-710,660,-30,1100
2.4972,45.0,150.049939,6223,10069,355,0,0.125568,18.841444,-1070,-30,-680,630
2.4972,45.0,155.322145,6668,10789,755,0,0.176905,27.477263,920,260,730,-310
2.4972,45.0,155.322145,6668,10789,755,0,0.176905,27.477263,1180,-260,570,-990
2.4972,45.0,155.322145,6668,10789,755,0,0.176905,27.477263,-920,610,-190,1180
2.4972,45.0,155.322145,6668,10789,755,0,0.176905,27.477263,-310,-610,-570,-420
2.4972,45.0,155.322145,6668,10789,755,0,0.176905,27.477263,-420,730,190,990
2.4972,45.0,155.322145,6668,10789,755,0,0.176905,27.477263,310,-730,-260,-920
2.4972,45.0,155.322145,6668,10789,755,0,0.176905,27.477263,420,570,610,310
2.4972,45.0,155.322145,6668,10789,755,0,0.176905,27.477263,990,-570,260,-1180
2.4972,45.0,155.322145,6668,10789,755,0,0.176905,27.477263,-990,-190,-730,420
2.4972,45.0,155.322145,6668,10789,755,0,0.176905,27.477263,-1180,190,-610,920
2.4972,45.0,157.622891,6867,11111,605,0,0.156048,24.596748,970,230,740,-370
2.4972,45.0,157.622891,6867,11111,605,0,0.156048,24.596748,1200,-230,600,-970
2.4972,45.0,157.622891,6867,11111,605,0,0.156048,24.596748,-970,600,-230,1200
2.4972,45.0,157.622891,6867,11111,605,0,0.156048,24.596748,-370,-600,-600,-370
2.4972,45.0,157.622891,6867,11111,605,0,0.156048,24.596748,-370,740,230,970
2.4972,45.0,157.622891,6867,11111,605,0,0.156048,24.596748,370,-740,-230,-970
2.4972,45.0,157.622891,6867,11111,605,0,0.156048,24.596748,370,600,600,370
2.4972,45.0,157.622891,6867,11111,605,0,0.156048,24.596748,970,-600,230,-1200
2.4972,45.0,157.622891,6867,11111,605,0,0.156048,24.596748,-970,-230,-740,370
2.4972,45.0,157.622891,6867,11111,605,0,0.156048,24.596748,-1200,230,-600,970
2.4972,45.0,157.622891,6867,11111,605,0,0.156048,24.596748,30,700,450,680
2.4972,45.0,157.622891,6867,11111,605,0,0.156048,24.596748,730,-700,20,-1150
2.4972,45.0,157.622891,6867,11111,605,0,0.156048,24.596748,-1150,420,-450,1130
2.4972,45.0,157.622891,6867,11111,605,0,0.156048,24.596748,1150,-20,700,-730
2.4972,45.0,157.622891,6867,11111,605,0,0.156048,24.596748,680,-710,-20,-1130
2.4972,45.0,157.622891,6867,11111,605,0,0.156048,24.596748,1130,20,710,-680
2.4972,45.0,157.622891,6867,11111,605,0,0.156048,24.596748,-680,-450,-700,-30
2.4972,45.0,157.622891,6867,11111,605,0,0.156048,24.596748,-30,710,420,730
2.4972,45.0,157.622891,6867,11111,605,0,0.156048,24.596748,-730,-420,-710,30
2.4972,45.0,157.622891,6867,11111,605,0,0.156048,24.596748,-1130,450,-420,1150
2.4972,45.0,157.622891,6867,11111,605,0,0.156048,24.596748,30,-710,-420,-730
2.4972,45.0,157.622891,6867,11111,605,0,0.156048,24.596748,1130,-450,420,-1150
2.4972,45.0,157.622891,6867,11111,605,0,0.156048,24.596748,-680,710,20,1130
2.4972,45.0,157.622891,6867,11111,605,0,0.156048,24.596748,-1150,20,-700,730
2.4972,45.0,157.622891,6867,11111,605,0,0.156048,24.596748,680,450,700,30
2.4972,45.0,157.622891,6867,11111,605,0,0.156048,24.596748,-30,-700,-450,-680
2.4972,45.0,157.622891,6867,11111,605,0,0.156048,24.596748,730,420,710,-30
2.4972,45.0,157.622891,6867,11111,605,0,0.156048,24.596748,1150,-420,450,-1130
2.4972,45.0,157.622891,6867,11111,605,0,0.156048,24.596748,-730,700,-20,1150
2.4972,45.0,157.622891,6867,11111,605,0,0.156048,24.596748,-1130,-20,-710,680
2.4972,45.0,162.126462,7265,11755,275,0,0.102285,16.583124,940,290,760,-290
2.4972,45.0,162.126462,7265,11755,275,0,0.102285,16.583124,1230,-290,580,-1050
2.4972,45.0,162.126462,7265,11755,275,0,0.102285,16.583124,-940,650,-180,1230
2.4972,45.0,162.126462,7265,11755,275,0,0.102285,16.583124,-290,-650,-580,-470
2.4972,45.0,162.126462,7265,11755,275,0,0.102285,16.583124,-470,760,180,1050
2.4972,45.0,162.126462,7265,11755,275,0,0.102285,16.583124,290,-760,-290,-940
2.4972,45.0,162.126462,7265,11755,275,0,0.102285,16.583124,470,580,650,290
2.4972,45.0,162.126462,7265,11755,275,0,0.102285,16.583124,1050,-580,290,-1230
2.4972,45.0,162.126462,7265,11755,275,0,0.102285,16.583124,-1050,-180,-760,470
2.4972,45.0,162.126462,7265,11755,275,0,0.102285,16.583124,-1230,180,-650,940
2.4972,45.0,165.680371,7587,12276,405,0,0.121466,20.124612,1020,240,780,-390
2.4972,45.0,165.680371,7587,12276,405,0,0.121466,20.124612,1260,-240,630,-1020
2.4972,45.0,165.680371,7587,12276,405,0,0.121466,20.124612,-1020,630,-240,1260
2.4972,45.0,165.680371,7587,12276,405,0,0.121466,20.124612,-390,-630,-630,-390
2.4972,45.0,165.680371,7587,12276,405,0,0.121466,20.124612,-390,780,240,1020
2.4972,45.0,165.680371,7587,12276,405,0,0.121466,20.124612,390,-780,-240,-1020
2.4972,45.0,165.680371,7587,12276,405,0,0.121466,20.124612,390,630,630,390
2.4972,45.0,165.680371,7587,12276,405,0,0.121466,20.124612,1020,-630,240,-1260
2.4972,45.0,165.680371,7587,12276,405,0,0.121466,20.124612,-1020,-240,-780,390
2.4972,45.0,165.680371,7587,12276,405,0,0.121466,20.124612,-1260,240,-630,1020
2.4972,45.0,168.344774,7833,12674,1055,0,0.192942,32.480764,1000,280,790,-340
2.4972,45.0,168.344774,7833,12674,1055,0,0.192942,32.480764,1280,-280,620,-1070
2.4972,45.0,168.344774,7833,12674,1055,0,0.192942,32.480764,-1000,660,-210,1280
2.4972,45.0,168.344774,7833,12674,1055,0,0.192942,32.480764,-340,-660,-620,-450
2.4972,45.0,168.344774,7833,12674,1055,0,0.192942,32.480764,-450,790,210,1070
2.4972,45.0,168.344774,7833,12674,1055,0,0.192942,32.480764,340,-790,-280,-1000
2.4972,45.0,168.344774,7833,12674,1055,0,0.192942,32.480764,450,620,660,340
2.4972,45.0,168.344774,7833,12674,1055,0,0.192942,32.480764,1070,-620,280,-1280
2.4972,45.0,168.344774,7833,12674,1055,0,0.192942,32.480764,-1070,-210,-790,450
2.4972,45.0,168.344774,7833,12674,1055,0,0.192942,32.480764,-1280,210,-660,1000
2.4972,45.0,170.469850,8032,12996,880,0,0.174018,29.664794,100,-780,-420,-840
2.4972,45.0,170.469850,8032,12996,880,0,0.174018,29.664794,1200,-520,420,-1260
2.4972,45.0,170.469850,8032,12996,880,0,0.174018,29.664794,-680,780,60,1200
2.4972,45.0,170.469850,8032,12996,880,0,0.174018,29.664794,-1260,60,-740,840
2.4972,45.0,170.469850,8032,12996,880,0,0.174018,29.664794,680,520,740,100
2.4972,45.0,170.469850,8032,12996,880,0,0.174018,29.664794,-100,-740,-520,-680
2.4972,45.0,170.469850,8032,12996,880,0,0.174018,29.664794,840,420,780,-100
2.4972,45.0,170.469850,8032,12996,880,0,0.174018,29.664794,1260,-420,520,-1200
2.4972,45.0,170.469850,8032,12996,880,0,0.174018,29.664794,-840,740,-60,1260
2.4972,45.0,170.469850,8032,12996,880,0,0.174018,29.664794,-1200,-60,-780,680
2.4972,45.0,171.274598,8108,13119,355,0,0.110007,18.841444,890,390,790,-160
2.4972,45.0,171.274598,8108,13119,355,0,0.110007,18.841444,1280,-390,550,-1180
2.4972,45.0,171.274598,8108,13119,355,0,0.110007,18.841444,-890,730,-100,1280
2.4972,45.0,171.274598,8108,13119,355,0,0.110007,18.841444,-160,-730,-550,-630
2.4972,45.0,171.274598,8108,13119,355,0,0.110007,18.841444,-630,790,100,1180
2.4972,45.0,171.274598,8108,13119,355,0,0.110007,18.841444,160,-790,-390,-890
2.4972,45.0,171.274598,8108,13119,355,0,0.110007,18.841444,630,550,730,160
2.4972,45.0,171.274598,8108,13119,355,0,0.110007,18.841444,1180,-550,390,-1280
2.4972,45.0,171.274598,8108,13119,355,0,0.110007,18.841444,-1180,-100,-790,630
2.4972,45.0,171.274598,8108,13119,355,0,0.110007,18.841444,-1280,100,-730,890
2.4972,45.0,177.946563,8752,14161,655,0,0.143824,25.592968,80,780,530,730
2.4972,45.0,177.946563,8752,14161,655,0,0.143824,25.592968,860,-780,50,-1310
2.4972,45.0,177.946563,8752,14161,655,0,0.143824,25.592968,-1310,450,-530,1260
2.4972,45.0,177.946563,8752,14161,655,0,0.143824,25.592968,1310,-50,780,-860
2.4972,45.0,177.946563,8752,14161,655,0,0.143824,25.592968,730,-810,-50,-1260
2.4972,45.0,177.946563,8752,14161,655,0,0.143824,25.592968,1260,50,810,-730
2.4972,45.0,177.946563,8752,14161,655,0,0.143824,25.592968,-730,-530,-780,-80
2.4972,45.0,177.946563,8752,14161,655,0,0.143824,25.592968,-80,810,450,860
2.4972,45.0,177.946563,8752,14161,655,0,0.143824,25.592968,-860,-450,-810,80
2.4972,45.0,177.946563,8752,14161,655,0,0.143824,25.592968,-1260,530,-450,1310
2.4972,45.0,177.946563,8752,14161,655,0,0.143824,25.592968,80,-810,-450,-860
2.4972,45.0,177.946563,8752,14161,655,0,0.143824,25.592968,1260,-530,450,-1310
2.4972,45.0,177.946563,8752,14161,655,0,0.143824,25.592968,-730,810,50,1260
2.4972,45.0,177.946563,8752,14161,655,0,0.143824,25.592968,-1310,50,-780,860
2.4972,45.0,177.946563,8752,14161,655,0,0.143824,25.592968,730,530,780,80
2.4972,45.0,177.946563,8752,14161,655,0,0.143824,25.592968,-80,-780,-530,-730
2.4972,45.0,177.946563,8752,14161,655,0,0.143824,25.592968,860,450,810,-80
2.4972,45.0,177.946563,8752,14161,655,0,0.143824,25.592968,1310,-450,530,-1260
2.4972,45.0,177.946563,8752,14161,655,0,0.143824,25.592968,-860,780,-50,1310
2.4972,45.0,177.946563,8752,14161,655,0,0.143824,25.592968,-1260,-50,-810,730
2.4972,45.0,179.192545,8875,14360,1025,0,0.178666,32.015621,940,400,830,-180
2.4972,45.0,179.192545,8875,14360,1025,0,0.178666,32.015621,1340,-400,580,-1230
2.4972,45.0,179.192545,8875,14360,1025,0,0.178666,32.015621,-940,760,-110,1340
2.4972,45.0,179.192545,8875,14360,1025,0,0.178666,32.015621,-180,-760,-580,-650
2.4972,45.0,179.192545,8875,14360,1025,0,0.178666,32.015621,-650,830,110,1230
2.4972,45.0,179.192545,8875,14360,1025,0,0.178666,32.015621,180,-830,-400,-940
2.4972,45.0,179.192545,8875,14360,1025,0,0.178666,32.015621,650,580,760,180
2.4972,45.0,179.192545,8875,14360,1025,0,0.178666,32.015621,1230,-580,400,-1340
2.4972,45.0,179.192545,8875,14360,1025,0,0.178666,32.015621,-1230,-110,-830,650
2.4972,45.0,179.192545,8875,14360,1025,0,0.178666,32.015621,-1340,110,-760,940
2.4972,45.0,183.166542,9273,15004,605,0,0.134286,24.596748,1180,210,860,-520
2.4972,45.0,183.166542,9273,15004,605,0,0.134286,24.596748,1390,-210,730,-1070
2.4972,45.0,183.166542,9273,15004,605,0,0.134286,24.596748,-1180,660,-320,1390
2.4972,45.0,183.166542,9273,15004,605,0,0.134286,24.596748,-520,-660,-730,-340
2.4972,45.0,183.166542,9273,15004,605,0,0.134286,24.596748,-340,860,320,1070
2.4972,45.0,183.166542,9273,15004,605,0,0.134286,24.596748,520,-860,-210,-1180
2.4972,45.0,183.166542,9273,15004,605,0,0.134286,24.596748,340,730,660,520
2.4972,45.0,183.166542,9273,15004,605,0,0.134286,24.596748,1070,-730,210,-1390
2.4972,45.0,183.166542,9273,15004,605,0,0.134286,24.596748,-1070,-320,-860,340
2.4972,45.0,183.166542,9273,15004,605,0,0.134286,24.596748,-1390,320,-660,1180
2.4972,45.0,183.166542,9273,15004,605,0,0.134286,24.596748,130,790,570,710
2.4972,45.0,183.166542,9273,15004,605,0,0.134286,24.596748,920,-790,80,-1360
2.4972,45.0,183.166542,9273,15004,605,0,0.134286,24.596748,-1360,440,-570,1280
2.4972,45.0,183.166542,9273,15004,605,0,0.134286,24.596748,1360,-80,790,-920
2.4972,45.0,183.166542,9273,15004,605,0,0.134286,24.596748,710,-840,-80,-1280
2.4972,45.0,183.166542,9273,15004,605,0,0.134286,24.596748,1280,80,840,-710
2.4972,45.0,183.166542,9273,15004,605,0,0.134286,24.596748,-710,-570,-790,-130
2.4972,45.0,183.166542,9273,15004,605,0,0.134286,24.596748,-130,840,440,920
2.4972,45.0,183.166542,9273,15004,605,0,0.134286,24.596748,-920,-440,-840,130
2.4972,45.0,183.166542,9273,15004,605,0,0.134286,24.596748,-1280,570,-440,1360
2.4972,45.0,183.166542,9273,15004,605,0,0.134286,24.596748,1070,320,860,-340
2.4972,45.0,183.166542,9273,15004,605,0,0.134286,24.596748,1390,-320,660,-1180
2.4972,45.0,183.166542,9273,15004,605,0,0.134286,24.596748,-1070,730,-210,1390
2.4972,45.0,183.166542,9273,15004,605,0,0.134286,24.596748,-340,-730,-660,-520
2.4972,45.0,183.166542,9273,15004,605,0,0.134286,24.596748,-520,860,210,1180
2.4972,45.0,183.166542,9273,15004,605,0,0.134286,24.596748,340,-860,-320,-1070
2.4972,45.0,183.166542,9273,15004,605,0,0.134286,24.596748,520,660,730,340
2.4972,45.0,183.166542,9273,15004,605,0,0.134286,24.596748,1180,-660,320,-1390
2.4972,45.0,183.166542,9273,15004,605,0,0.134286,24.596748,-1180,-210,-860,520
2.4972,45.0,183.166542,9273,15004,605,0,0.134286,24.596748,-1390,210,-730,1070
2.4972,45.0,183.166542,9273,15004,605,0,0.134286,24.596748,130,-840,-440,-920
2.4972,45.0,183.166542,9273,15004,605,0,0.134286,24.596748,1280,-570,440,-1360
2.4972,45.0,183.166542,9273,15004,605,0,0.134286,24.596748,-710,840,80,1280
2.4972,45.0,183.166542,9273,15004,605,0,0.134286,24.596748,-1360,80,-790,920
2.4972,45.0,183.166542,9273,15004,605,0,0.134286,24.596748,710,570,790,130
2.4972,45.0,183.166542,9273,15004,605,0,0.134286,24.596748,-130,-790,-570,-710
2.4972,45.0,183.166542,9273,15004,605,0,0.134286,24.596748,920,440,840,-130
2.4972,45.0,183.166542,9273,15004,605,0,0.134286,24.596748,1360,-440,570,-1280
2.4972,45.0,183.166542,9273,15004,605,0,0.134286,24.596748,-920,790,-80,1360
2.4972,45.0,183.166542,9273,15004,605,0,0.134286,24.596748,-1280,-80,-840,710
2.4972,45.0,186.319558,9595,15525,775,0,0.149414,27.838822,1230,180,870,-580
2.4972,45.0,186.319558,9595,15525,775,0,0.149414,27.838822,1410,-180,760,-1050
2.4972,45.0,186.319558,9595,15525,775,0,0.149414,27.838822,-1230,650,-360,1410
2.4972,45.0,186.319558,9595,15525,775,0,0.149414,27.838822,-580,-650,-760,-290
2.4972,45.0,186.319558,9595,15525,775,0,0.149414,27.838822,-290,870,360,1050
2.4972,45.0,186.319558,9595,15525,775,0,0.149414,27.838822,580,-870,-180,-1230
2.4972,45.0,186.319558,9595,15525,775,0,0.149414,27.838822,290,760,650,580
2.4972,45.0,186.319558,9595,15525,775,0,0.149414,27.838822,1050,-760,180,-1410
2.4972,45.0,186.319558,9595,15525,775,0,0.149414,27.838822,-1050,-360,-870,290
2.4972,45.0,186.319558,9595,15525,775,0,0.149414,27.838822,-1410,360,-650,1230
2.4972,45.0,186.319558,9595,15525,775,0,0.149414,27.838822,1050,360,870,-290
2.4972,45.0,186.319558,9595,15525,775,0,0.149414,27.838822,1410,-360,650,-1230
2.4972,45.0,186.319558,9595,15525,775,0,0.149414,27.838822,-1050,760,-180,1410
2.4972,45.0,186.319558,9595,15525,775,0,0.149414,27.838822,-290,-760,-650,-580
2.4972,45.0,186.319558,9595,15525,775,0,0.149414,27.838822,-580,870,180,1230
2.4972,45.0,186.319558,9595,15525,775,0,0.149414,27.838822,290,-870,-360,-1050
2.4972,45.0,186.319558,9595,15525,775,0,0.149414,27.838822,580,650,760,290
2.4972,45.0,186.319558,9595,15525,775,0,0.149414,27.838822,1230,-650,360,-1410
2.4972,45.0,186.319558,9595,15525,775,0,0.149414,27.838822,-1230,-180,-870,580
2.4972,45.0,186.319558,9595,15525,775,0,0.149414,27.838822,-1410,180,-760,1050
2.4972,45.0,189.420098,9917,16046,955,0,0.163146,30.903074,1200,240,890,-500
2.4972,45.0,189.420098,9917,16046,955,0,0.163146,30.903074,1440,-240,740,-1130
2.4972,45.0,189.420098,9917,16046,955,0,0.163146,30.903074,-1200,700,-310,1440
2.4972,45.0,189.420098,9917,16046,955,0,0.163146,30.903074,-500,-700,-740,-390
2.4972,45.0,189.420098,9917,16046,955,0,0.163146,30.903074,-390,890,310,1130
2.4972,45.0,189.420098,9917,16046,955,0,0.163146,30.903074,500,-890,-240,-1200
2.4972,45.0,189.420098,9917,16046,955,0,0.163146,30.903074,390,740,700,500
2.4972,45.0,189.420098,9917,16046,955,0,0.163146,30.903074,1130,-740,240,-1440
2.4972,45.0,189.420098,9917,16046,955,0,0.163146,30.903074,-1130,-310,-890,390
2.4972,45.0,189.420098,9917,16046,955,0,0.163146,30.903074,-1440,310,-700,1200
2.4972,45.0,189.420098,9917,16046,955,0,0.163146,30.903074,1130,310,890,-390
2.4972,45.0,189.420098,9917,16046,955,0,0.163146,30.903074,1440,-310,700,-1200
2.4972,45.0,189.420098,9917,16046,955,0,0.163146,30.903074,-1130,740,-240,1440
2.4972,45.0,189.420098,9917,16046,955,0,0.163146,30.903074,-390,-740,-700,-500
2.4972,45.0,189.420098,9917,16046,955,0,0.163146,30.903074,-500,890,240,1200
2.4972,45.0,189.420098,9917,16046,955,0,0.163146,30.903074,390,-890,-310,-1130
2.4972,45.0,189.420098,9917,16046,955,0,0.163146,30.903074,500,700,740,390
2.4972,45.0,189.420098,9917,16046,955,0,0.163146,30.903074,1200,-700,310,-1440
2.4972,45.0,189.420098,9917,16046,955,0,0.163146,30.903074,-1200,-240,-890,500
2.4972,45.0,189.420098,9917,16046,955,0,0.163146,30.903074,-1440,240,-740,1130
2.4972,45.0,194.332128,10438,16889,905,0,0.154803,30.083218,1280,190,910,-600
2.4972,45.0,194.332128,10438,16889,905,0,0.154803,30.083218,1470,-190,790,-1100
2.4972,45.0,194.332128,10438,16889,905,0,0.154803,30.083218,-1280,680,-370,1470
2.4972,45.0,194.332128,10438,16889,905,0,0.154803,30.083218,-600,-680,-790,-310
2.4972,45.0,194.332128,10438,16889,905,0,0.154803,30.083218,-310,910,370,1100
2.4972,45.0,194.332128,10438,16889,905,0,0.154803,30.083218,600,-910,-190,-1280
2.4972,45.0,194.332128,10438,16889,905,0,0.154803,30.083218,310,790,680,600
2.4972,45.0,194.332128,10438,16889,905,0,0.154803,30.083218,1100,-790,190,-1470
2.4972,45.0,194.332128,10438,16889,905,0,0.154803,30.083218,-1100,-370,-910,310
2.4972,45.0,194.332128,10438,16889,905,0,0.154803,30.083218,-1470,370,-680,1280
2.4972,45.0,194.332128,10438,16889,905,0,0.154803,30.083218,1100,370,910,-310
2.4972,45.0,194.332128,10438,16889,905,0,0.154803,30.083218,1470,-370,680,-1280
2.4972,45.0,194.332128,10438,16889,905,0,0.154803,30.083218,-1100,790,-190,1470
2.4972,45.0,194.332128,10438,16889,905,0,0.154803,30.083218,-310,-790,-680,-600
2.4972,45.0,194.332128,10438,16889,905,0,0.154803,30.083218,-600,910,190,1280
2.4972,45.0,194.332128,10438,16889,905,0,0.154803,30.083218,310,-910,-370,-1100
2.4972,45.0,194.332128,10438,16889,905,0,0.154803,30.083218,600,680,790,310
2.4972,45.0,194.332128,10438,16889,905,0,0.154803,30.083218,1280,-680,370,-1470
2.4972,45.0,194.332128,10438,16889,905,0,0.154803,30.083218,-1280,-190,-910,600
2.4972,45.0,194.332128,10438,16889,905,0,0.154803,30.083218,-1470,190,-790,1100
2.4972,45.0,196.175898,10637,17211,655,0,0.130459,25.592968,1260,230,920,-550
2.4972,45.0,196.175898,10637,17211,655,0,0.130459,25.592968,1490,-230,780,-1150
2.4972,45.0,196.175898,10637,17211,655,0,0.130459,25.592968,-1260,710,-340,1490
2.4972,45.0,196.175898,10637,17211,655,0,0.130459,25.592968,-550,-710,-780,-370
2.4972,45.0,196.175898,10637,17211,655,0,0.130459,25.592968,-370,920,340,1150
2.4972,45.0,196.175898,10637,17211,655,0,0.130459,25.592968,550,-920,-230,-1260
2.4972,45.0,196.175898,10637,17211,655,0,0.130459,25.592968,370,780,710,550
2.4972,45.0,196.175898,10637,17211,655,0,0.130459,25.592968,1150,-780,230,-1490
2.4972,45.0,196.175898,10637,17211,655,0,0.130459,25.592968,-1150,-340,-920,370
2.4972,45.0,196.175898,10637,17211,655,0,0.130459,25.592968,-1490,340,-710,1260
2.4972,45.0,196.175898,10637,17211,655,0,0.130459,25.592968,1150,340,920,-370
2.4972,45.0,196.175898,10637,17211,655,0,0.130459,25.592968,1490,-340,710,-1260
2.4972,45.0,196.175898,10637,17211,655,0,0.130459,25.592968,-1150,780,-230,1490
2.4972,45.0,196.175898,10637,17211,655,0,0.130459,25.592968,-370,-780,-710,-550
2.4972,45.0,196.175898,10637,17211,655,0,0.130459,25.592968,-550,920,230,1260
2.4972,45.0,196.175898,10637,17211,655,0,0.130459,25.592968,370,-920,-340,-1150
2.4972,45.0,196.175898,10637,17211,655,0,0.130459,25.592968,550,710,780,370
2.4972,45.0,196.175898,10637,17211,655,0,0.130459,25.592968,1260,-710,340,-1490
2.4972,45.0,196.175898,10637,17211,655,0,0.130459,25.592968,-1260,-230,-920,550
2.4972,45.0,196.175898,10637,17211,655,0,0.130459,25.592968,-1490,230,-780,1150
2.4972,45.0,203.801328,11480,18575,775,0,0.136598,27.838822,180,870,650,760
2.4972,45.0,203.801328,11480,18575,775,0,0.136598,27.838822,1050,-870,110,-1520
2.4972,45.0,203.801328,11480,18575,775,0,0.136598,27.838822,-1520,470,-650,1410
2.4972,45.0,203.801328,11480,18575,775,0,0.136598,27.838822,1520,-110,870,-1050
2.4972,45.0,203.801328,11480,18575,775,0,0.136598,27.838822,760,-940,-110,-1410
2.4972,45.0,203.801328,11480,18575,775,0,0.136598,27.838822,1410,110,940,-760
2.4972,45.0,203.801328,11480,18575,775,0,0.136598,27.838822,-760,-650,-870,-180
2.4972,45.0,203.801328,11480,18575,775,0,0.136598,27.838822,-180,940,470,1050
2.4972,45.0,203.801328,11480,18575,775,0,0.136598,27.838822,-1050,-470,-940,180
2.4972,45.0,203.801328,11480,18575,775,0,0.136598,27.838822,-1410,650,-470,1520
2.4972,45.0,203.801328,11480,18575,775,0,0.136598,27.838822,1050,470,940,-180
2.4972,45.0,203.801328,11480,18575,775,0,0.136598,27.838822,1520,-470,650,-1410
2.4972,45.0,203.801328,11480,18575,775,0,0.136598,27.838822,-1050,870,-110,1520
2.4972,45.0,203.801328,11480,18575,775,0,0.136598,27.838822,-180,-870,-650,-760
2.4972,45.0,203.801328,11480,18575,775,0,0.136598,27.838822,-760,940,110,1410
2.4972,45.0,203.801328,11480,18575,775,0,0.136598,27.838822,180,-940,-470,-1050
2.4972,45.0,203.801328,11480,18575,775,0,0.136598,27.838822,760,650,870,180
2.4972,45.0,203.801328,11480,18575,775,0,0.136598,27.838822,1410,-650,470,-1520
2.4972,45.0,203.801328,11480,18575,775,0,0.136598,27.838822,-1410,-110,-940,760
2.4972,45.0,203.801328,11480,18575,775,0,0.136598,27.838822,-1520,110,-870,1050
2.4972,45.0,204.890142,11603,18774,1255,0,0.172902,35.425979,1100,440,950,-240
2.4972,45.0,204.890142,11603,18774,1255,0,0.172902,35.425979,1540,-440,680,-1390
2.4972,45.0,204.890142,11603,18774,1255,0,0.172902,35.425979,-1100,860,-150,1540
2.4972,45.0,204.890142,11603,18774,1255,0,0.172902,35.425979,-240,-860,-680,-710
2.4972,45.0,204.890142,11603,18774,1255,0,0.172902,35.425979,-710,950,150,1390
2.4972,45.0,204.890142,11603,18774,1255,0,0.172902,35.425979,240,-950,-440,-1100
2.4972,45.0,204.890142,11603,18774,1255,0,0.172902,35.425979,710,680,860,240
2.4972,45.0,204.890142,11603,18774,1255,0,0.172902,35.425979,1390,-680,440,-1540
2.4972,45.0,204.890142,11603,18774,1255,0,0.172902,35.425979,-1390,-150,-950,710
2.4972,45.0,204.890142,11603,18774,1255,0,0.172902,35.425979,-1540,150,-860,1100
2.4972,45.0,210.499315,12247,19816,1705,0,0.196160,41.291646,1260,340,990,-440
2.4972,45.0,210.499315,12247,19816,1705,0,0.196160,41.291646,1600,-340,780,-1330
2.4972,45.0,210.499315,12247,19816,1705,0,0.196160,41.291646,-1260,820,-270,1600
2.4972,45.0,210.499315,12247,19816,1705,0,0.196160,41.291646,-440,-820,-780,-550
2.4972,45.0,210.499315,12247,19816,1705,0,0.196160,41.291646,-550,990,270,1330
2.4972,45.0,210.499315,12247,19816,1705,0,0.196160,41.291646,440,-990,-340,-1260
2.4972,45.0,210.499315,12247,19816,1705,0,0.196160,41.291646,550,780,820,440
2.4972,45.0,210.499315,12247,19816,1705,0,0.196160,41.291646,1330,-780,340,-1600
2.4972,45.0,210.499315,12247,19816,1705,0,0.196160,41.291646,-1330,-270,-990,550
2.4972,45.0,210.499315,12247,19816,1705,0,0.196160,41.291646,-1600,270,-820,1260
2.4972,45.0,211.151556,12323,19939,905,0,0.142472,30.083218,160,910,660,810
2.4972,45.0,211.151556,12323,19939,905,0,0.142472,30.083218,1070,-910,100,-1570
2.4972,45.0,211.151556,12323,19939,905,0,0.142472,30.083218,-1570,500,-660,1470
2.4972,45.0,211.151556,12323,19939,905,0,0.142472,30.083218,1570,-100,910,-1070
2.4972,45.0,211.151556,12323,19939,905,0,0.142472,30.083218,810,-970,-100,-1470
2.4972,45.0,211.151556,12323,19939,905,0,0.142472,30.083218,1470,100,970,-810
2.4972,45.0,211.151556,12323,19939,905,0,0.142472,30.083218,-810,-660,-910,-160
2.4972,45.0,211.151556,12323,19939,905,0,0.142472,30.083218,-160,970,500,1070
2.4972,45.0,211.151556,12323,19939,905,0,0.142472,30.083218,-1070,-500,-970,160
2.4972,45.0,211.151556,12323,19939,905,0,0.142472,30.083218,-1470,660,-500,1570
2.4972,45.0,211.151556,12323,19939,905,0,0.142472,30.083218,1070,500,970,-160
2.4972,45.0,211.151556,12323,19939,905,0,0.142472,30.083218,1570,-500,660,-1470
2.4972,45.0,211.151556,12323,19939,905,0,0.142472,30.083218,-1070,910,-100,1570
2.4972,45.0,211.151556,12323,19939,905,0,0.142472,30.083218,-160,-910,-660,-810
2.4972,45.0,211.151556,12323,19939,905,0,0.142472,30.083218,-810,970,100,1470
2.4972,45.0,211.151556,12323,19939,905,0,0.142472,30.083218,160,-970,-500,-1070
2.4972,45.0,211.151556,12323,19939,905,0,0.142472,30.083218,810,660,910,160
2.4972,45.0,211.151556,12323,19939,905,0,0.142472,30.083218,1470,-660,500,-1570
2.4972,45.0,211.151556,12323,19939,905,0,0.142472,30.083218,-1470,-100,-970,810
2.4972,45.0,211.151556,12323,19939,905,0,0.142472,30.083218,-1570,100,-910,1070
2.4972,45.0,212.849681,12522,20261,605,0,0.115559,24.596748,1310,310,1000,-500
2.4972,45.0,212.849681,12522,20261,605,0,0.115559,24.596748,1620,-310,810,-1310
2.4972,45.0,212.849681,12522,20261,605,0,0.115559,24.596748,-1310,810,-310,1620
2.4972,45.0,212.849681,12522,20261,605,0,0.115559,24.596748,-500,-810,-810,-500
2.4972,45.0,212.849681,12522,20261,605,0,0.115559,24.596748,-500,1000,310,1310
2.4972,45.0,212.849681,12522,20261,605,0,0.115559,24.596748,500,-1000,-310,-1310
2.4972,45.0,212.849681,12522,20261,605,0,0.115559,24.596748,500,810,810,500
2.4972,45.0,212.849681,12522,20261,605,0,0.115559,24.596748,1310,-810,310,-1620
2.4972,45.0,212.849681,12522,20261,605,0,0.115559,24.596748,-1310,-310,-1000,500
2.4972,45.0,212.849681,12522,20261,605,0,0.115559,24.596748,-1620,310,-810,1310
2.4972,45.0,212.849681,12522,20261,605,0,0.115559,24.596748,1150,450,990,-260
2.4972,45.0,212.849681,12522,20261,605,0,0.115559,24.596748,1600,-450,710,-1440
2.4972,45.0,212.849681,12522,20261,605,0,0.115559,24.596748,-1150,890,-160,1600
2.4972,45.0,212.849681,12522,20261,605,0,0.115559,24.596748,-260,-890,-710,-730
2.4972,45.0,212.849681,12522,20261,605,0,0.115559,24.596748,-730,990,160,1440
2.4972,45.0,212.849681,12522,20261,605,0,0.115559,24.596748,260,-990,-450,-1150
2.4972,45.0,212.849681,12522,20261,605,0,0.115559,24.596748,730,710,890,260
2.4972,45.0,212.849681,12522,20261,605,0,0.115559,24.596748,1440,-710,450,-1600
2.4972,45.0,212.849681,12522,20261,605,0,0.115559,24.596748,-1440,-160,-990,730
2.4972,45.0,212.849681,12522,20261,605,0,0.115559,24.596748,-1600,160,-890,1150
