R,lim,r,p,q,N,sigma_abs,r_sigma,c0,c1,c2,c3
44.8913,45.0,0.000000,0,0,0,0.000000,0.000000,0,0,0,0
44.8913,45.0,321.996894,28657,46368,1,0.003106,1.000000,0,-1440,-890,-1440
44.8913,45.0,321.996894,28657,46368,1,0.003106,1.000000,2330,-890,890,-2330
44.8913,45.0,321.996894,28657,46368,1,0.003106,1.000000,-1440,1440,0,2330
44.8913,45.0,321.996894,28657,46368,1,0.003106,1.000000,-2330,0,-1440,1440
44.8913,45.0,321.996894,28657,46368,1,0.003106,1.000000,1440,890,1440,0
40.6982,45.0,122.991869,4181,6765,1,0.008131,1.000000,0,550,340,550
40.6982,45.0,122.991869,4181,6765,1,0.008131,1.000000,550,-550,0,-890
40.6982,45.0,122.991869,4181,6765,1,0.008131,1.000000,-890,340,-340,890
40.6982,45.0,122.991869,4181,6765,1,0.008131,1.000000,890,0,550,-550
40.6982,45.0,122.991869,4181,6765,1,0.008131,1.000000,-550,-340,-550,0
40.6982,45.0,189.820967,9959,16114,11,0.017472,3.316625,1100,340,890,-340
40.6982,45.0,189.820967,9959,16114,11,0.017472,3.316625,1440,-340,680,-1230
40.6982,45.0,189.820967,9959,16114,11,0.017472,3.316625,-1100,760,-210,1440
40.6982,45.0,189.820967,9959,16114,11,0.017472,3.316625,-340,-760,-680,-550
40.6982,45.0,189.820967,9959,16114,11,0.017472,3.316625,-550,890,210,1230
40.6982,45.0,189.820967,9959,16114,11,0.017472,3.316625,340,-890,-340,-1100
40.6982,45.0,189.820967,9959,16114,11,0.017472,3.316625,550,680,760,340
40.6982,45.0,189.820967,9959,16114,11,0.017472,3.316625,1230,-680,340,-1440
40.6982,45.0,189.820967,9959,16114,11,0.017472,3.316625,-1230,-210,-890,550
40.6982,45.0,189.820967,9959,16114,11,0.017472,3.316625,-1440,210,-760,1100
40.6982,45.0,264.304748,19308,31241,11,0.012548,3.316625,1780,210,1230,-890
40.6982,45.0,264.304748,19308,31241,11,0.012548,3.316625,1990,-210,1100,-1440
40.6982,45.0,264.304748,19308,31241,11,0.012548,3.316625,-1780,890,-550,1990
40.6982,45.0,264.304748,19308,31241,11,0.012548,3.316625,-890,-890,-1100,-340
40.6982,45.0,264.304748,19308,31241,11,0.012548,3.316625,-340,1230,550,1440
40.6982,45.0,264.304748,19308,31241,11,0.012548,3.316625,890,-1230,-210,-1780
40.6982,45.0,264.304748,19308,31241,11,0.012548,3.316625,340,1100,890,890
40.6982,45.0,264.304748,19308,31241,11,0.012548,3.316625,1440,-1100,210,-1990
40.6982,45.0,264.304748,19308,31241,11,0.012548,3.316625,-1440,-550,-1230,340
40.6982,45.0,264.304748,19308,31241,11,0.012548,3.316625,-1990,550,-890,1780
40.6982,45.0,352.968837,34435,55717,31,0.015774,5.567764,2330,340,1650,-1100
40.6982,45.0,352.968837,34435,55717,31,0.015774,5.567764,2670,-340,1440,-1990
40.6982,45.0,352.968837,34435,55717,31,0.015774,5.567764,-2330,1230,-680,2670
40.6982,45.0,352.968837,34435,55717,31,0.015774,5.567764,-1100,-1230,-1440,-550
40.6982,45.0,352.968837,34435,55717,31,0.015774,5.567764,-550,1650,680,1990
40.6982,45.0,352.968837,34435,55717,31,0.015774,5.567764,1100,-1650,-340,-2330
40.6982,45.0,352.968837,34435,55717,31,0.015774,5.567764,550,1440,1230,1100
40.6982,45.0,352.968837,34435,55717,31,0.015774,5.567764,1990,-1440,340,-2670
40.6982,45.0,352.968837,34435,55717,31,0.015774,5.567764,-1990,-680,-1650,550
40.6982,45.0,352.968837,34435,55717,31,0.015774,5.567764,-2670,680,-1230,2330
40.6982,45.0,398.010050,43784,70844,16,0.010050,4.000000,0,1780,1100,1780
40.6982,45.0,398.010050,43784,70844,16,0.010050,4.000000,1780,-1780,0,-2880
40.6982,45.0,398.010050,43784,70844,16,0.010050,4.000000,-2880,1100,-1100,2880
40.6982,45.0,398.010050,43784,70844,16,0.010050,4.000000,2880,0,1780,-1780
40.6982,45.0,398.010050,43784,70844,16,0.010050,4.000000,-1780,-1100,-1780,0
40.6982,45.0,423.458380,49562,80193,61,0.018444,7.810250,2540,680,1990,-890
40.6982,45.0,423.458380,49562,80193,61,0.018444,7.810250,3220,-680,1570,-2670
40.6982,45.0,423.458380,49562,80193,61,0.018444,7.810250,-2540,1650,-550,3220
40.6982,45.0,423.458380,49562,80193,61,0.018444,7.810250,-890,-1650,-1570,-1100
40.6982,45.0,423.458380,49562,80193,61,0.018444,7.810250,-1100,1990,550,2670
40.6982,45.0,423.458380,49562,80193,61,0.018444,7.810250,890,-1990,-680,-2540
40.6982,45.0,423.458380,49562,80193,61,0.018444,7.810250,1100,1570,1650,890
40.6982,45.0,423.458380,49562,80193,61,0.018444,7.810250,2670,-1570,680,-3220
40.6982,45.0,423.458380,49562,80193,61,0.018444,7.810250,-2670,-550,-1990,1100
40.6982,45.0,423.458380,49562,80193,61,0.018444,7.810250,-3220,550,-1650,2540
40.6982,45.0,461.673044,58911,95320,41,0.013869,6.403124,2330,1100,2120,-340
40.6982,45.0,461.673044,58911,95320,41,0.013869,6.403124,3430,-1100,1440,-3220
40.6982,45.0,461.673044,58911,95320,41,0.013869,6.403124,-2330,1990,-210,3430
40.6982,45.0,461.673044,58911,95320,41,0.013869,6.403124,-340,-1990,-1440,-1780
40.6982,45.0,461.673044,58911,95320,41,0.013869,6.403124,-1780,2120,210,3220
40.6982,45.0,461.673044,58911,95320,41,0.013869,6.403124,340,-2120,-1100,-2330
40.6982,45.0,461.673044,58911,95320,41,0.013869,6.403124,1780,1440,1990,340
40.6982,45.0,461.673044,58911,95320,41,0.013869,6.403124,3220,-1440,1100,-3430
40.6982,45.0,461.673044,58911,95320,41,0.013869,6.403124,-3220,-210,-2120,1780
40.6982,45.0,461.673044,58911,95320,41,0.013869,6.403124,-3430,210,-1990,2330
40.6982,45.0,496.957745,68260,110447,11,0.006674,3.316625,3220,550,2330,-1440
40.6982,45.0,496.957745,68260,110447,11,0.006674,3.316625,3770,-550,1990,-2880
40.6982,45.0,496.957745,68260,110447,11,0.006674,3.316625,-3220,1780,-890,3770
40.6982,45.0,496.957745,68260,110447,11,0.006674,3.316625,-1440,-1780,-1990,-890
40.6982,45.0,496.957745,68260,110447,11,0.006674,3.316625,-890,2330,890,2880
40.6982,45.0,496.957745,68260,110447,11,0.006674,3.316625,1440,-2330,-550,-3220
40.6982,45.0,496.957745,68260,110447,11,0.006674,3.316625,890,1990,1780,1440
40.6982,45.0,496.957745,68260,110447,11,0.006674,3.316625,2880,-1990,550,-3770
40.6982,45.0,496.957745,68260,110447,11,0.006674,3.316625,-2880,-890,-2330,890
40.6982,45.0,496.957745,68260,110447,11,0.006674,3.316625,-3770,890,-1780,3220
37.8276,45.0,46.978714,610,987,1,0.021286,1.000000,0,-210,-130,-210
37.8276,45.0,46.978714,610,987,1,0.021286,1.000000,210,130,210,0
37.8276,45.0,46.978714,610,987,1,0.021286,1.000000,-340,0,-210,210
37.8276,45.0,46.978714,610,987,1,0.021286,1.000000,340,-130,130,-340
37.8276,45.0,46.978714,610,987,1,0.021286,1.000000,-210,210,0,340
6.5378,45.0,17.944272,89,144,1,0.055728,1.000000,130,0,80,-80
6.5378,45.0,17.944272,89,144,1,0.055728,1.000000,0,80,50,80
6.5378,45.0,17.944272,89,144,1,0.055728,1.000000,-130,50,-50,130
6.5378,45.0,17.944272,89,144,1,0.055728,1.000000,-80,-50,-80,0
6.5378,45.0,17.944272,89,144,1,0.055728,1.000000,80,-80,0,-130
6.5378,45.0,27.694506,212,343,11,0.119757,3.316625,80,100,110,50
6.5378,45.0,27.694506,212,343,11,0.119757,3.316625,160,50,130,-50
6.5378,45.0,27.694506,212,343,11,0.119757,3.316625,-210,30,-110,160
6.5378,45.0,27.694506,212,343,11,0.119757,3.316625,-180,-30,-130,80
6.5378,45.0,27.694506,212,343,11,0.119757,3.316625,50,-130,-50,-160
6.5378,45.0,27.694506,212,343,11,0.119757,3.316625,180,-100,50,-210
6.5378,45.0,27.694506,212,343,11,0.119757,3.316625,210,-50,100,-180
6.5378,45.0,27.694506,212,343,11,0.119757,3.316625,-160,110,-30,210
6.5378,45.0,27.694506,212,343,11,0.119757,3.316625,-80,130,30,180
6.5378,45.0,27.694506,212,343,11,0.119757,3.316625,-50,-110,-100,-80
6.5378,45.0,34.132033,322,521,5,0.065512,2.236068,260,-50,130,-210
6.5378,45.0,34.132033,322,521,5,0.065512,2.236068,-210,130,-50,260
6.5378,45.0,34.132033,322,521,5,0.065512,2.236068,210,-130,50,-260
6.5378,45.0,34.132033,322,521,5,0.065512,2.236068,210,50,160,-80
6.5378,45.0,34.132033,322,521,5,0.065512,2.236068,-210,-50,-160,80
6.5378,45.0,34.132033,322,521,5,0.065512,2.236068,80,130,130,80
6.5378,45.0,34.132033,322,521,5,0.065512,2.236068,-80,160,50,210
6.5378,45.0,34.132033,322,521,5,0.065512,2.236068,-80,-130,-130,-80
6.5378,45.0,34.132033,322,521,5,0.065512,2.236068,-260,50,-130,210
6.5378,45.0,34.132033,322,521,5,0.065512,2.236068,80,-160,-50,-210
6.5378,45.0,38.561543,411,665,11,0.086009,3.316625,210,-160,30,-290
6.5378,45.0,38.561543,411,665,11,0.086009,3.316625,-290,80,-130,260
6.5378,45.0,38.561543,411,665,11,0.086009,3.316625,-210,-80,-180,50
6.5378,45.0,38.561543,411,665,11,0.086009,3.316625,-130,-130,-160,-50
6.5378,45.0,38.561543,411,665,11,0.086009,3.316625,-260,130,-80,290
6.5378,45.0,38.561543,411,665,11,0.086009,3.316625,130,-180,-30,-260
6.5378,45.0,38.561543,411,665,11,0.086009,3.316625,50,160,130,130
6.5378,45.0,38.561543,411,665,11,0.086009,3.316625,260,30,180,-130
6.5378,45.0,38.561543,411,665,11,0.086009,3.316625,-50,180,80,210
6.5378,45.0,38.561543,411,665,11,0.086009,3.316625,290,-30,160,-210
6.5378,45.0,51.497459,733,1186,31,0.108117,5.567764,-390,100,-180,340
6.5378,45.0,51.497459,733,1186,31,0.108117,5.567764,390,-50,210,-290
6.5378,45.0,51.497459,733,1186,31,0.108117,5.567764,-340,180,-100,390
6.5378,45.0,51.497459,733,1186,31,0.108117,5.567764,80,210,180,160
6.5378,45.0,51.497459,733,1186,31,0.108117,5.567764,-80,240,100,290
6.5378,45.0,51.497459,733,1186,31,0.108117,5.567764,340,50,240,-160
6.5378,45.0,51.497459,733,1186,31,0.108117,5.567764,160,-240,-50,-340
6.5378,45.0,51.497459,733,1186,31,0.108117,5.567764,-290,-100,-240,80
6.5378,45.0,51.497459,733,1186,31,0.108117,5.567764,290,-210,50,-390
6.5378,45.0,51.497459,733,1186,31,0.108117,5.567764,-160,-180,-210,-80
6.5378,45.0,55.226790,843,1364,5,0.040489,2.236068,340,80,260,-130
6.5378,45.0,55.226790,843,1364,5,0.040489,2.236068,420,-80,210,-340
6.5378,45.0,55.226790,843,1364,5,0.040489,2.236068,130,210,210,130
6.5378,45.0,55.226790,843,1364,5,0.040489,2.236068,-340,-80,-260,130
6.5378,45.0,55.226790,843,1364,5,0.040489,2.236068,-130,260,80,340
6.5378,45.0,55.226790,843,1364,5,0.040489,2.236068,-340,210,-80,420
6.5378,45.0,55.226790,843,1364,5,0.040489,2.236068,130,-260,-80,-340
6.5378,45.0,55.226790,843,1364,5,0.040489,2.236068,-130,-210,-210,-130
6.5378,45.0,55.226790,843,1364,5,0.040489,2.236068,-420,80,-210,340
6.5378,45.0,55.226790,843,1364,5,0.040489,2.236068,340,-210,80,-420
6.5378,45.0,58.068884,932,1508,16,0.068884,4.000000,420,0,260,-260
6.5378,45.0,58.068884,932,1508,16,0.068884,4.000000,0,260,160,260
6.5378,45.0,58.068884,932,1508,16,0.068884,4.000000,-420,160,-160,420
6.5378,45.0,58.068884,932,1508,16,0.068884,4.000000,-260,-160,-260,0
6.5378,45.0,58.068884,932,1508,16,0.068884,4.000000,260,-260,0,-420
6.5378,45.0,61.781745,1055,1707,61,0.126417,7.810250,-370,240,-80,470
6.5378,45.0,61.781745,1055,1707,61,0.126417,7.810250,470,-100,230,-390
6.5378,45.0,61.781745,1055,1707,61,0.126417,7.810250,-390,-80,-290,160
6.5378,45.0,61.781745,1055,1707,61,0.126417,7.810250,-470,80,-240,370
6.5378,45.0,61.781745,1055,1707,61,0.126417,7.810250,390,-230,100,-470
6.5378,45.0,61.781745,1055,1707,61,0.126417,7.810250,370,100,290,-130
6.5378,45.0,61.781745,1055,1707,61,0.126417,7.810250,160,230,240,130
6.5378,45.0,61.781745,1055,1707,61,0.126417,7.810250,130,-290,-100,-370
6.5378,45.0,61.781745,1055,1707,61,0.126417,7.810250,-160,290,80,390
6.5378,45.0,61.781745,1055,1707,61,0.126417,7.810250,-130,-240,-230,-160
6.5378,45.0,64.922986,1165,1885,25,0.077014,5.000000,470,-180,180,-470
6.5378,45.0,64.922986,1165,1885,25,0.077014,5.000000,0,-290,-180,-290
6.5378,45.0,64.922986,1165,1885,25,0.077014,5.000000,-290,290,0,470
6.5378,45.0,64.922986,1165,1885,25,0.077014,5.000000,290,180,290,0
6.5378,45.0,64.922986,1165,1885,25,0.077014,5.000000,-470,0,-290,290
6.5378,45.0,64.922986,1165,1885,25,0.077014,5.000000,-470,180,-180,470
6.5378,45.0,64.922986,1165,1885,25,0.077014,5.000000,-290,-180,-290,0
6.5378,45.0,64.922986,1165,1885,25,0.077014,5.000000,470,0,290,-290
6.5378,45.0,64.922986,1165,1885,25,0.077014,5.000000,290,-290,0,-470
6.5378,45.0,64.922986,1165,1885,25,0.077014,5.000000,0,290,180,290
6.5378,45.0,67.357189,1254,2029,41,0.095062,6.403124,-260,310,30,470
6.5378,45.0,67.357189,1254,2029,41,0.095062,6.403124,-500,30,-290,340
6.5378,45.0,67.357189,1254,2029,41,0.095062,6.403124,-470,-30,-310,260
6.5378,45.0,67.357189,1254,2029,41,0.095062,6.403124,470,-210,160,-500
6.5378,45.0,67.357189,1254,2029,41,0.095062,6.403124,50,-310,-160,-340
6.5378,45.0,67.357189,1254,2029,41,0.095062,6.403124,-340,290,-30,500
6.5378,45.0,67.357189,1254,2029,41,0.095062,6.403124,500,-160,210,-470
6.5378,45.0,67.357189,1254,2029,41,0.095062,6.403124,260,210,290,50
6.5378,45.0,67.357189,1254,2029,41,0.095062,6.403124,340,160,310,-50
6.5378,45.0,67.357189,1254,2029,41,0.095062,6.403124,-50,-290,-210,-260
6.5378,45.0,72.505158,1453,2351,11,0.045743,3.316625,-470,260,-130,550
6.5378,45.0,72.505158,1453,2351,11,0.045743,3.316625,130,290,260,210
6.5378,45.0,72.505158,1453,2351,11,0.045743,3.316625,-420,-130,-340,130
6.5378,45.0,72.505158,1453,2351,11,0.045743,3.316625,550,-80,290,-420
6.5378,45.0,72.505158,1453,2351,11,0.045743,3.316625,-210,-260,-290,-130
6.5378,45.0,72.505158,1453,2351,11,0.045743,3.316625,470,80,340,-210
6.5378,45.0,72.505158,1453,2351,11,0.045743,3.316625,-550,130,-260,470
6.5378,45.0,72.505158,1453,2351,11,0.045743,3.316625,420,-290,80,-550
6.5378,45.0,72.505158,1453,2351,11,0.045743,3.316625,-130,340,130,420
6.5378,45.0,72.505158,1453,2351,11,0.045743,3.316625,210,-340,-80,-470
6.5378,45.0,73.348414,1487,2406,55,0.101109,7.416198,390,-310,50,-550
6.5378,45.0,73.348414,1487,2406,55,0.101109,7.416198,-260,-240,-310,-80
6.5378,45.0,73.348414,1487,2406,55,0.101109,7.416198,-500,240,-160,550
6.5378,45.0,73.348414,1487,2406,55,0.101109,7.416198,500,50,340,-260
6.5378,45.0,73.348414,1487,2406,55,0.101109,7.416198,260,-340,-50,-500
6.5378,45.0,73.348414,1487,2406,55,0.101109,7.416198,80,310,240,260
6.5378,45.0,73.348414,1487,2406,55,0.101109,7.416198,-550,160,-240,500
6.5378,45.0,73.348414,1487,2406,55,0.101109,7.416198,-80,340,160,390
6.5378,45.0,73.348414,1487,2406,55,0.101109,7.416198,550,-50,310,-390
6.5378,45.0,73.348414,1487,2406,55,0.101109,7.416198,-390,-160,-340,80
6.5378,45.0,80.137342,1775,2872,41,0.079902,6.403124,420,180,370,-80
6.5378,45.0,80.137342,1775,2872,41,0.079902,6.403124,600,-180,260,-550
6.5378,45.0,80.137342,1775,2872,41,0.079902,6.403124,-80,-340,-260,-290
6.5378,45.0,80.137342,1775,2872,41,0.079902,6.403124,550,-260,180,-600
6.5378,45.0,80.137342,1775,2872,41,0.079902,6.403124,-420,340,-50,600
6.5378,45.0,80.137342,1775,2872,41,0.079902,6.403124,-550,-50,-370,290
6.5378,45.0,80.137342,1775,2872,41,0.079902,6.403124,290,260,340,80
6.5378,45.0,80.137342,1775,2872,41,0.079902,6.403124,-290,370,50,550
6.5378,45.0,80.137342,1775,2872,41,0.079902,6.403124,-600,50,-340,420
6.5378,45.0,80.137342,1775,2872,41,0.079902,6.403124,80,-370,-180,-420
6.5378,45.0,82.867258,1898,3071,121,0.132742,11.000000,-630,110,-320,500
6.5378,45.0,82.867258,1898,3071,121,0.132742,11.000000,210,310,320,180
6.5378,45.0,82.867258,1898,3071,121,0.132742,11.000000,630,-130,310,-520
6.5378,45.0,82.867258,1898,3071,121,0.132742,11.000000,-520,-110,-390,210
6.5378,45.0,82.867258,1898,3071,121,0.132742,11.000000,520,-310,130,-630
6.5378,45.0,82.867258,1898,3071,121,0.132742,11.000000,-180,-320,-310,-210
6.5378,45.0,82.867258,1898,3071,121,0.132742,11.000000,-500,320,-110,630
6.5378,45.0,82.867258,1898,3071,121,0.132742,11.000000,180,-390,-130,-500
6.5378,45.0,82.867258,1898,3071,121,0.132742,11.000000,500,130,390,-180
6.5378,45.0,82.867258,1898,3071,121,0.132742,11.000000,-210,390,110,520
6.5378,45.0,85.234925,2008,3249,55,0.087009,7.416198,-630,30,-370,420
6.5378,45.0,85.234925,2008,3249,55,0.087009,7.416198,-340,390,30,600
6.5378,45.0,85.234925,2008,3249,55,0.087009,7.416198,600,-260,210,-630
6.5378,45.0,85.234925,2008,3249,55,0.087009,7.416198,50,-390,-210,-420
6.5378,45.0,85.234925,2008,3249,55,0.087009,7.416198,-420,370,-30,630
6.5378,45.0,85.234925,2008,3249,55,0.087009,7.416198,340,260,370,50
6.5378,45.0,85.234925,2008,3249,55,0.087009,7.416198,-50,-370,-260,-340
6.5378,45.0,85.234925,2008,3249,55,0.087009,7.416198,420,210,390,-50
6.5378,45.0,85.234925,2008,3249,55,0.087009,7.416198,630,-210,260,-600
6.5378,45.0,85.234925,2008,3249,55,0.087009,7.416198,-600,-30,-390,340
6.5378,45.0,85.234925,2008,3249,55,0.087009,7.416198,-630,210,-260,600
6.5378,45.0,85.234925,2008,3249,55,0.087009,7.416198,600,30,390,-340
6.5378,45.0,85.234925,2008,3249,55,0.087009,7.416198,50,370,260,340
6.5378,45.0,85.234925,2008,3249,55,0.087009,7.416198,-50,390,210,420
6.5378,45.0,85.234925,2008,3249,55,0.087009,7.416198,-340,-260,-370,-50
6.5378,45.0,85.234925,2008,3249,55,0.087009,7.416198,-600,260,-210,630
6.5378,45.0,85.234925,2008,3249,55,0.087009,7.416198,340,-390,-30,-600
6.5378,45.0,85.234925,2008,3249,55,0.087009,7.416198,630,-30,370,-420
6.5378,45.0,85.234925,2008,3249,55,0.087009,7.416198,420,-370,30,-630
6.5378,45.0,85.234925,2008,3249,55,0.087009,7.416198,-420,-210,-390,50
6.5378,45.0,87.103326,2097,3393,81,0.103326,9.000000,-630,0,-390,390
6.5378,45.0,87.103326,2097,3393,81,0.103326,9.000000,390,240,390,0
6.5378,45.0,87.103326,2097,3393,81,0.103326,9.000000,-390,390,0,630
6.5378,45.0,87.103326,2097,3393,81,0.103326,9.000000,0,-390,-240,-390
6.5378,45.0,87.103326,2097,3393,81,0.103326,9.000000,630,-240,240,-630
6.5378,45.0,89.358824,2207,3571,5,0.025023,2.236068,680,-130,340,-550
6.5378,45.0,89.358824,2207,3571,5,0.025023,2.236068,550,130,420,-210
6.5378,45.0,89.358824,2207,3571,5,0.025023,2.236068,550,-340,130,-680
6.5378,45.0,89.358824,2207,3571,5,0.025023,2.236068,-680,130,-340,550
6.5378,45.0,89.358824,2207,3571,5,0.025023,2.236068,210,340,340,210
6.5378,45.0,89.358824,2207,3571,5,0.025023,2.236068,-550,340,-130,680
6.5378,45.0,89.358824,2207,3571,5,0.025023,2.236068,-210,-340,-340,-210
6.5378,45.0,89.358824,2207,3571,5,0.025023,2.236068,210,-420,-130,-550
6.5378,45.0,89.358824,2207,3571,5,0.025023,2.236068,-210,420,130,550
6.5378,45.0,89.358824,2207,3571,5,0.025023,2.236068,-550,-130,-420,210
6.5378,45.0,91.142725,2296,3715,31,0.061088,5.567764,-630,290,-210,680
6.5378,45.0,91.142725,2296,3715,31,0.061088,5.567764,680,-50,390,-470
6.5378,45.0,91.142725,2296,3715,31,0.061088,5.567764,470,-390,50,-680
6.5378,45.0,91.142725,2296,3715,31,0.061088,5.567764,-470,-210,-420,80
6.5378,45.0,91.142725,2296,3715,31,0.061088,5.567764,80,390,290,340
6.5378,45.0,91.142725,2296,3715,31,0.061088,5.567764,-680,210,-290,630
6.5378,45.0,91.142725,2296,3715,31,0.061088,5.567764,-340,-290,-390,-80
6.5378,45.0,91.142725,2296,3715,31,0.061088,5.567764,630,50,420,-340
6.5378,45.0,91.142725,2296,3715,31,0.061088,5.567764,340,-420,-50,-630
6.5378,45.0,91.142725,2296,3715,31,0.061088,5.567764,-80,420,210,470
6.5378,45.0,93.552045,2419,3914,131,0.122344,11.445523,710,-110,370,-550
6.5378,45.0,93.552045,2419,3914,131,0.122344,11.445523,600,110,440,-260
6.5378,45.0,93.552045,2419,3914,131,0.122344,11.445523,-600,340,-160,710
6.5378,45.0,93.552045,2419,3914,131,0.122344,11.445523,260,-440,-110,-600
6.5378,45.0,93.552045,2419,3914,131,0.122344,11.445523,-180,440,160,550
6.5378,45.0,93.552045,2419,3914,131,0.122344,11.445523,-260,-340,-370,-180
6.5378,45.0,93.552045,2419,3914,131,0.122344,11.445523,550,-370,110,-710
6.5378,45.0,93.552045,2419,3914,131,0.122344,11.445523,180,370,340,260
6.5378,45.0,93.552045,2419,3914,131,0.122344,11.445523,-710,160,-340,600
6.5378,45.0,93.552045,2419,3914,131,0.122344,11.445523,-550,-160,-440,180
6.5378,45.0,100.955430,2817,4558,11,0.032852,3.316625,-680,-80,-470,340
6.5378,45.0,100.955430,2817,4558,11,0.032852,3.316625,760,-210,340,-680
6.5378,45.0,100.955430,2817,4558,11,0.032852,3.316625,-760,80,-420,550
6.5378,45.0,100.955430,2817,4558,11,0.032852,3.316625,680,-340,210,-760
6.5378,45.0,100.955430,2817,4558,11,0.032852,3.316625,550,210,470,-130
6.5378,45.0,100.955430,2817,4558,11,0.032852,3.316625,130,-470,-210,-550
6.5378,45.0,100.955430,2817,4558,11,0.032852,3.316625,-340,470,80,680
6.5378,45.0,100.955430,2817,4558,11,0.032852,3.316625,-130,-420,-340,-340
6.5378,45.0,100.955430,2817,4558,11,0.032852,3.316625,-550,420,-80,760
6.5378,45.0,100.955430,2817,4558,11,0.032852,3.316625,340,340,420,130
6.5378,45.0,103.135773,2940,4757,131,0.110975,11.445523,-420,-310,-450,-50
6.5378,45.0,103.135773,2940,4757,131,0.110975,11.445523,-50,470,260,500
6.5378,45.0,103.135773,2940,4757,131,0.110975,11.445523,420,-470,-30,-730
6.5378,45.0,103.135773,2940,4757,131,0.110975,11.445523,-760,260,-310,730
6.5378,45.0,103.135773,2940,4757,131,0.110975,11.445523,760,-30,450,-500
6.5378,45.0,103.135773,2940,4757,131,0.110975,11.445523,730,30,470,-420
6.5378,45.0,103.135773,2940,4757,131,0.110975,11.445523,-730,310,-260,760
6.5378,45.0,103.135773,2940,4757,131,0.110975,11.445523,50,450,310,420
6.5378,45.0,103.135773,2940,4757,131,0.110975,11.445523,500,-450,30,-760
6.5378,45.0,103.135773,2940,4757,131,0.110975,11.445523,-500,-260,-470,50
6.5378,45.0,105.047597,3050,4935,25,0.047597,5.000000,-760,290,-290,760
6.5378,45.0,105.047597,3050,4935,25,0.047597,5.000000,760,0,470,-470
6.5378,45.0,105.047597,3050,4935,25,0.047597,5.000000,-470,-290,-470,0
6.5378,45.0,105.047597,3050,4935,25,0.047597,5.000000,470,-470,0,-760
6.5378,45.0,105.047597,3050,4935,25,0.047597,5.000000,0,470,290,470
6.5378,45.0,105.047597,3050,4935,25,0.047597,5.000000,0,-470,-290,-470
6.5378,45.0,105.047597,3050,4935,25,0.047597,5.000000,760,-290,290,-760
6.5378,45.0,105.047597,3050,4935,25,0.047597,5.000000,-470,470,0,760
6.5378,45.0,105.047597,3050,4935,25,0.047597,5.000000,-760,0,-470,470
6.5378,45.0,105.047597,3050,4935,25,0.047597,5.000000,470,290,470,0
6.5378,45.0,106.569201,3139,5079,61,0.073288,7.810250,-630,-180,-500,210
6.5378,45.0,106.569201,3139,5079,61,0.073288,7.810250,290,-500,-130,-680
6.5378,45.0,106.569201,3139,5079,61,0.073288,7.810250,-680,390,-180,810
6.5378,45.0,106.569201,3139,5079,61,0.073288,7.810250,-810,180,-390,680
6.5378,45.0,106.569201,3139,5079,61,0.073288,7.810250,680,130,500,-290
6.5378,45.0,106.569201,3139,5079,61,0.073288,7.810250,-210,500,180,630
6.5378,45.0,106.569201,3139,5079,61,0.073288,7.810250,-290,-390,-420,-210
6.5378,45.0,106.569201,3139,5079,61,0.073288,7.810250,630,-420,130,-810
6.5378,45.0,106.569201,3139,5079,61,0.073288,7.810250,810,-130,420,-630
6.5378,45.0,106.569201,3139,5079,61,0.073288,7.810250,210,420,390,290
6.5378,45.0,110.453580,3372,5456,80,0.080978,8.944272,840,-160,420,-680
6.5378,45.0,110.453580,3372,5456,80,0.080978,8.944272,-680,-160,-520,260
6.5378,45.0,110.453580,3372,5456,80,0.080978,8.944272,-260,-420,-420,-260
6.5378,45.0,110.453580,3372,5456,80,0.080978,8.944272,680,160,520,-260
6.5378,45.0,110.453580,3372,5456,80,0.080978,8.944272,-680,420,-160,840
6.5378,45.0,110.453580,3372,5456,80,0.080978,8.944272,680,-420,160,-840
6.5378,45.0,110.453580,3372,5456,80,0.080978,8.944272,260,-520,-160,-680
6.5378,45.0,110.453580,3372,5456,80,0.080978,8.944272,260,420,420,260
6.5378,45.0,110.453580,3372,5456,80,0.080978,8.944272,-840,160,-420,680
6.5378,45.0,110.453580,3372,5456,80,0.080978,8.944272,-260,520,160,680
6.5378,45.0,111.901699,3461,5600,121,0.098301,11.000000,760,80,520,-390
6.5378,45.0,111.901699,3461,5600,121,0.098301,11.000000,-390,-370,-470,-130
6.5378,45.0,111.901699,3461,5600,121,0.098301,11.000000,840,-80,470,-600
6.5378,45.0,111.901699,3461,5600,121,0.098301,11.000000,-600,-240,-520,130
6.5378,45.0,111.901699,3461,5600,121,0.098301,11.000000,130,470,370,390
6.5378,45.0,111.901699,3461,5600,121,0.098301,11.000000,-760,370,-240,840
6.5378,45.0,111.901699,3461,5600,121,0.098301,11.000000,-840,240,-370,760
6.5378,45.0,111.901699,3461,5600,121,0.098301,11.000000,600,-470,80,-840
6.5378,45.0,111.901699,3461,5600,121,0.098301,11.000000,390,-520,-80,-760
6.5378,45.0,111.901699,3461,5600,121,0.098301,11.000000,-130,520,240,600
6.5378,45.0,111.901699,3461,5600,121,0.098301,11.000000,0,-500,-310,-500
6.5378,45.0,111.901699,3461,5600,121,0.098301,11.000000,810,-310,310,-810
6.5378,45.0,111.901699,3461,5600,121,0.098301,11.000000,-500,500,0,810
6.5378,45.0,111.901699,3461,5600,121,0.098301,11.000000,-810,0,-500,500
6.5378,45.0,111.901699,3461,5600,121,0.098301,11.000000,500,310,500,0
6.5378,45.0,116.991393,3783,6121,191,0.118131,13.820275,-890,160,-450,710
6.5378,45.0,116.991393,3783,6121,191,0.118131,13.820275,710,180,550,-260
6.5378,45.0,116.991393,3783,6121,191,0.118131,13.820275,890,-180,440,-730
6.5378,45.0,116.991393,3783,6121,191,0.118131,13.820275,-730,-160,-550,290
6.5378,45.0,116.991393,3783,6121,191,0.118131,13.820275,-260,-450,-440,-290
6.5378,45.0,116.991393,3783,6121,191,0.118131,13.820275,290,440,450,260
6.5378,45.0,116.991393,3783,6121,191,0.118131,13.820275,260,-550,-180,-710
6.5378,45.0,116.991393,3783,6121,191,0.118131,13.820275,-290,550,160,730
6.5378,45.0,116.991393,3783,6121,191,0.118131,13.820275,-710,450,-160,890
6.5378,45.0,116.991393,3783,6121,191,0.118131,13.820275,730,-440,180,-890
6.5378,45.0,118.680226,3893,6299,55,0.062489,7.416198,810,80,550,-420
6.5378,45.0,118.680226,3893,6299,55,0.062489,7.416198,-420,-390,-500,-130
6.5378,45.0,118.680226,3893,6299,55,0.062489,7.416198,890,-80,500,-630
6.5378,45.0,118.680226,3893,6299,55,0.062489,7.416198,-630,-260,-550,130
6.5378,45.0,118.680226,3893,6299,55,0.062489,7.416198,130,500,390,420
6.5378,45.0,118.680226,3893,6299,55,0.062489,7.416198,-810,390,-260,890
6.5378,45.0,118.680226,3893,6299,55,0.062489,7.416198,-890,260,-390,810
6.5378,45.0,118.680226,3893,6299,55,0.062489,7.416198,630,-500,80,-890
6.5378,45.0,118.680226,3893,6299,55,0.062489,7.416198,420,-550,-80,-810
6.5378,45.0,118.680226,3893,6299,55,0.062489,7.416198,-130,550,260,630
6.5378,45.0,118.680226,3893,6299,55,0.062489,7.416198,-810,-80,-550,420
6.5378,45.0,118.680226,3893,6299,55,0.062489,7.416198,130,-550,-260,-630
6.5378,45.0,118.680226,3893,6299,55,0.062489,7.416198,810,-390,260,-890
6.5378,45.0,118.680226,3893,6299,55,0.062489,7.416198,630,260,550,-130
6.5378,45.0,118.680226,3893,6299,55,0.062489,7.416198,890,-260,390,-810
6.5378,45.0,118.680226,3893,6299,55,0.062489,7.416198,-130,-500,-390,-420
6.5378,45.0,118.680226,3893,6299,55,0.062489,7.416198,-420,550,80,810
6.5378,45.0,118.680226,3893,6299,55,0.062489,7.416198,-630,500,-80,890
6.5378,45.0,118.680226,3893,6299,55,0.062489,7.416198,-890,80,-500,630
6.5378,45.0,118.680226,3893,6299,55,0.062489,7.416198,420,390,500,130
6.5378,45.0,120.029134,3982,6443,101,0.083729,10.049876,80,-550,-290,-600
6.5378,45.0,120.029134,3982,6443,101,0.083729,10.049876,840,-370,290,-890
6.5378,45.0,120.029134,3982,6443,101,0.083729,10.049876,-470,550,50,840
6.5378,45.0,120.029134,3982,6443,101,0.083729,10.049876,-890,50,-520,600
6.5378,45.0,120.029134,3982,6443,101,0.083729,10.049876,470,370,520,80
6.5378,45.0,120.029134,3982,6443,101,0.083729,10.049876,-80,-520,-370,-470
6.5378,45.0,120.029134,3982,6443,101,0.083729,10.049876,600,290,550,-80
6.5378,45.0,120.029134,3982,6443,101,0.083729,10.049876,890,-290,370,-840
6.5378,45.0,120.029134,3982,6443,101,0.083729,10.049876,-600,520,-50,890
6.5378,45.0,120.029134,3982,6443,101,0.083729,10.049876,-840,-50,-550,470
6.5378,45.0,123.490857,4215,6820,125,0.090536,11.180340,760,180,580,-290
6.5378,45.0,123.490857,4215,6820,125,0.090536,11.180340,940,-180,470,-760
6.5378,45.0,123.490857,4215,6820,125,0.090536,11.180340,-760,470,-180,940
6.5378,45.0,123.490857,4215,6820,125,0.090536,11.180340,-290,-470,-470,-290
6.5378,45.0,123.490857,4215,6820,125,0.090536,11.180340,-290,580,180,760
6.5378,45.0,123.490857,4215,6820,125,0.090536,11.180340,290,-580,-180,-760
6.5378,45.0,123.490857,4215,6820,125,0.090536,11.180340,290,470,470,290
6.5378,45.0,123.490857,4215,6820,125,0.090536,11.180340,760,-470,180,-940
6.5378,45.0,123.490857,4215,6820,125,0.090536,11.180340,-760,-180,-580,290
6.5378,45.0,123.490857,4215,6820,125,0.090536,11.180340,-940,180,-470,760
6.5378,45.0,124.787775,4304,6964,176,0.106312,13.266499,840,100,580,-420
6.5378,45.0,124.787775,4304,6964,176,0.106312,13.266499,-420,-420,-520,-160
6.5378,45.0,124.787775,4304,6964,176,0.106312,13.266499,940,-100,520,-680
6.5378,45.0,124.787775,4304,6964,176,0.106312,13.266499,-680,-260,-580,160
6.5378,45.0,124.787775,4304,6964,176,0.106312,13.266499,160,520,420,420
6.5378,45.0,124.787775,4304,6964,176,0.106312,13.266499,-840,420,-260,940
6.5378,45.0,124.787775,4304,6964,176,0.106312,13.266499,-940,260,-420,840
6.5378,45.0,124.787775,4304,6964,176,0.106312,13.266499,680,-520,100,-940
6.5378,45.0,124.787775,4304,6964,176,0.106312,13.266499,420,-580,-100,-840
6.5378,45.0,124.787775,4304,6964,176,0.106312,13.266499,-160,580,260,680
6.5378,45.0,127.640102,4503,7286,71,0.066015,8.426150,810,160,600,-340
6.5378,45.0,127.640102,4503,7286,71,0.066015,8.426150,970,-160,500,-760
6.5378,45.0,127.640102,4503,7286,71,0.066015,8.426150,-810,470,-210,970
6.5378,45.0,127.640102,4503,7286,71,0.066015,8.426150,-340,-470,-500,-260
6.5378,45.0,127.640102,4503,7286,71,0.066015,8.426150,-260,600,210,760
6.5378,45.0,127.640102,4503,7286,71,0.066015,8.426150,340,-600,-160,-810
6.5378,45.0,127.640102,4503,7286,71,0.066015,8.426150,260,500,470,340
6.5378,45.0,127.640102,4503,7286,71,0.066015,8.426150,760,-500,160,-970
6.5378,45.0,127.640102,4503,7286,71,0.066015,8.426150,-760,-210,-600,260
6.5378,45.0,127.640102,4503,7286,71,0.066015,8.426150,-970,210,-470,810
6.5378,45.0,132.124908,4825,7807,151,0.093004,12.288206,50,-600,-340,-630
6.5378,45.0,132.124908,4825,7807,151,0.093004,12.288206,940,-390,340,-970
6.5378,45.0,132.124908,4825,7807,151,0.093004,12.288206,-550,600,30,940
6.5378,45.0,132.124908,4825,7807,151,0.093004,12.288206,-970,30,-580,630
6.5378,45.0,132.124908,4825,7807,151,0.093004,12.288206,550,390,580,50
6.5378,45.0,132.124908,4825,7807,151,0.093004,12.288206,-50,-580,-390,-550
6.5378,45.0,132.124908,4825,7807,151,0.093004,12.288206,630,340,600,-50
6.5378,45.0,132.124908,4825,7807,151,0.093004,12.288206,970,-340,390,-940
6.5378,45.0,132.124908,4825,7807,151,0.093004,12.288206,-630,580,-30,970
6.5378,45.0,132.124908,4825,7807,151,0.093004,12.288206,-940,-30,-600,550
6.5378,45.0,134.822099,5024,8129,31,0.041297,5.567764,-1020,130,-550,760
6.5378,45.0,134.822099,5024,8129,31,0.041297,5.567764,760,260,630,-210
6.5378,45.0,134.822099,5024,8129,31,0.041297,5.567764,1020,-260,470,-890
6.5378,45.0,134.822099,5024,8129,31,0.041297,5.567764,-890,-130,-630,420
6.5378,45.0,134.822099,5024,8129,31,0.041297,5.567764,-210,-550,-470,-420
6.5378,45.0,134.822099,5024,8129,31,0.041297,5.567764,420,470,550,210
6.5378,45.0,134.822099,5024,8129,31,0.041297,5.567764,210,-630,-260,-760
6.5378,45.0,134.822099,5024,8129,31,0.041297,5.567764,-420,630,130,890
6.5378,45.0,134.822099,5024,8129,31,0.041297,5.567764,-760,550,-130,1020
6.5378,45.0,134.822099,5024,8129,31,0.041297,5.567764,890,-470,260,-1020
6.5378,45.0,136.462402,5147,8328,241,0.113762,15.524175,940,80,630,-500
6.5378,45.0,136.462402,5147,8328,241,0.113762,15.524175,-500,-440,-580,-130
6.5378,45.0,136.462402,5147,8328,241,0.113762,15.524175,1020,-80,580,-710
6.5378,45.0,136.462402,5147,8328,241,0.113762,15.524175,-710,-310,-630,130
6.5378,45.0,136.462402,5147,8328,241,0.113762,15.524175,130,580,440,500
6.5378,45.0,136.462402,5147,8328,241,0.113762,15.524175,-940,440,-310,1020
6.5378,45.0,136.462402,5147,8328,241,0.113762,15.524175,-1020,310,-440,940
6.5378,45.0,136.462402,5147,8328,241,0.113762,15.524175,710,-580,80,-1020
6.5378,45.0,136.462402,5147,8328,241,0.113762,15.524175,500,-630,-80,-940
6.5378,45.0,136.462402,5147,8328,241,0.113762,15.524175,-130,630,310,710
6.5378,45.0,137.913006,5257,8506,55,0.053774,7.416198,80,600,420,550
6.5378,45.0,137.913006,5257,8506,55,0.053774,7.416198,680,-600,50,-1020
6.5378,45.0,137.913006,5257,8506,55,0.053774,7.416198,-1020,340,-420,970
6.5378,45.0,137.913006,5257,8506,55,0.053774,7.416198,1020,-50,600,-680
6.5378,45.0,137.913006,5257,8506,55,0.053774,7.416198,550,-630,-50,-970
6.5378,45.0,137.913006,5257,8506,55,0.053774,7.416198,970,50,630,-550
6.5378,45.0,137.913006,5257,8506,55,0.053774,7.416198,-550,-420,-600,-80
6.5378,45.0,137.913006,5257,8506,55,0.053774,7.416198,-80,630,340,680
6.5378,45.0,137.913006,5257,8506,55,0.053774,7.416198,-680,-340,-630,80
6.5378,45.0,137.913006,5257,8506,55,0.053774,7.416198,-970,420,-340,1020
6.5378,45.0,137.913006,5257,8506,55,0.053774,7.416198,80,-630,-340,-680
6.5378,45.0,137.913006,5257,8506,55,0.053774,7.416198,970,-420,340,-1020
6.5378,45.0,137.913006,5257,8506,55,0.053774,7.416198,-550,630,50,970
6.5378,45.0,137.913006,5257,8506,55,0.053774,7.416198,-1020,50,-600,680
6.5378,45.0,137.913006,5257,8506,55,0.053774,7.416198,550,420,600,80
6.5378,45.0,137.913006,5257,8506,55,0.053774,7.416198,-80,-600,-420,-550
6.5378,45.0,137.913006,5257,8506,55,0.053774,7.416198,680,340,630,-80
6.5378,45.0,137.913006,5257,8506,55,0.053774,7.416198,1020,-340,420,-970
6.5378,45.0,137.913006,5257,8506,55,0.053774,7.416198,-680,600,-50,1020
6.5378,45.0,137.913006,5257,8506,55,0.053774,7.416198,-970,-50,-630,550
6.5378,45.0,140.666210,5469,8849,341,0.131277,18.466185,890,180,660,-370
6.5378,45.0,140.666210,5469,8849,341,0.131277,18.466185,1070,-180,550,-840
6.5378,45.0,140.666210,5469,8849,341,0.131277,18.466185,-890,520,-230,1070
6.5378,45.0,140.666210,5469,8849,341,0.131277,18.466185,-370,-520,-550,-290
6.5378,45.0,140.666210,5469,8849,341,0.131277,18.466185,-290,660,230,840
6.5378,45.0,140.666210,5469,8849,341,0.131277,18.466185,370,-660,-180,-890
6.5378,45.0,140.666210,5469,8849,341,0.131277,18.466185,290,550,520,370
6.5378,45.0,140.666210,5469,8849,341,0.131277,18.466185,840,-550,180,-1070
6.5378,45.0,140.666210,5469,8849,341,0.131277,18.466185,-840,-230,-660,290
6.5378,45.0,140.666210,5469,8849,341,0.131277,18.466185,-1070,230,-520,890
6.5378,45.0,143.202618,5668,9171,211,0.101436,14.525839,50,630,420,600
6.5378,45.0,143.202618,5668,9171,211,0.101436,14.525839,680,-630,30,-1050
6.5378,45.0,143.202618,5668,9171,211,0.101436,14.525839,-1050,370,-420,1020
6.5378,45.0,143.202618,5668,9171,211,0.101436,14.525839,1050,-30,630,-680
6.5378,45.0,143.202618,5668,9171,211,0.101436,14.525839,600,-650,-30,-1020
6.5378,45.0,143.202618,5668,9171,211,0.101436,14.525839,1020,30,650,-600
6.5378,45.0,143.202618,5668,9171,211,0.101436,14.525839,-600,-420,-630,-50
6.5378,45.0,143.202618,5668,9171,211,0.101436,14.525839,-50,650,370,680
6.5378,45.0,143.202618,5668,9171,211,0.101436,14.525839,-680,-370,-650,50
6.5378,45.0,143.202618,5668,9171,211,0.101436,14.525839,-1020,420,-370,1050
6.5378,45.0,144.585614,5778,9349,5,0.015465,2.236068,890,210,680,-340
6.5378,45.0,144.585614,5778,9349,5,0.015465,2.236068,1100,-210,550,-890
6.5378,45.0,144.585614,5778,9349,5,0.015465,2.236068,-890,550,-210,1100
6.5378,45.0,144.585614,5778,9349,5,0.015465,2.236068,-340,-550,-550,-340
6.5378,45.0,144.585614,5778,9349,5,0.015465,2.236068,-340,680,210,890
6.5378,45.0,144.585614,5778,9349,5,0.015465,2.236068,340,-680,-210,-890
6.5378,45.0,144.585614,5778,9349,5,0.015465,2.236068,340,550,550,340
6.5378,45.0,144.585614,5778,9349,5,0.015465,2.236068,890,-550,210,-1100
6.5378,45.0,144.585614,5778,9349,5,0.015465,2.236068,-890,-210,-680,340
6.5378,45.0,144.585614,5778,9349,5,0.015465,2.236068,-1100,210,-550,890
6.5378,45.0,145.694875,5867,9493,71,0.057834,8.426150,970,130,680,-470
6.5378,45.0,145.694875,5867,9493,71,0.057834,8.426150,-470,-500,-600,-210
6.5378,45.0,145.694875,5867,9493,71,0.057834,8.426150,1100,-130,600,-810
6.5378,45.0,145.694875,5867,9493,71,0.057834,8.426150,-810,-290,-680,210
6.5378,45.0,145.694875,5867,9493,71,0.057834,8.426150,210,600,500,470
6.5378,45.0,145.694875,5867,9493,71,0.057834,8.426150,-970,500,-290,1100
6.5378,45.0,145.694875,5867,9493,71,0.057834,8.426150,-1100,290,-500,970
6.5378,45.0,145.694875,5867,9493,71,0.057834,8.426150,810,-600,130,-1100
6.5378,45.0,145.694875,5867,9493,71,0.057834,8.426150,470,-680,-130,-970
6.5378,45.0,145.694875,5867,9493,71,0.057834,8.426150,-210,680,290,810
6.5378,45.0,151.119096,6312,10213,431,0.137379,20.760539,920,230,710,-340
6.5378,45.0,151.119096,6312,10213,431,0.137379,20.760539,1150,-230,570,-940
6.5378,45.0,151.119096,6312,10213,431,0.137379,20.760539,-920,580,-210,1150
6.5378,45.0,151.119096,6312,10213,431,0.137379,20.760539,-340,-580,-570,-370
6.5378,45.0,151.119096,6312,10213,431,0.137379,20.760539,-370,710,210,940
6.5378,45.0,151.119096,6312,10213,431,0.137379,20.760539,340,-710,-230,-920
6.5378,45.0,151.119096,6312,10213,431,0.137379,20.760539,370,570,580,340
6.5378,45.0,151.119096,6312,10213,431,0.137379,20.760539,940,-570,230,-1150
6.5378,45.0,151.119096,6312,10213,431,0.137379,20.760539,-940,-210,-710,370
6.5378,45.0,151.119096,6312,10213,431,0.137379,20.760539,-1150,210,-580,920
6.5378,45.0,152.026311,6388,10336,16,0.026311,4.000000,0,-680,-420,-680
6.5378,45.0,152.026311,6388,10336,16,0.026311,4.000000,1100,-420,420,-1100
6.5378,45.0,152.026311,6388,10336,16,0.026311,4.000000,-680,680,0,1100
6.5378,45.0,152.026311,6388,10336,16,0.026311,4.000000,-1100,0,-680,680
6.5378,45.0,152.026311,6388,10336,16,0.026311,4.000000,680,420,680,0
6.5378,45.0,152.430283,6422,10391,205,0.093930,14.317821,1020,130,710,-500
6.5378,45.0,152.430283,6422,10391,205,0.093930,14.317821,-500,-520,-630,-210
6.5378,45.0,152.430283,6422,10391,205,0.093930,14.317821,1150,-130,630,-840
6.5378,45.0,152.430283,6422,10391,205,0.093930,14.317821,-840,-310,-710,210
6.5378,45.0,152.430283,6422,10391,205,0.093930,14.317821,210,630,520,500
6.5378,45.0,152.430283,6422,10391,205,0.093930,14.317821,-1020,520,-310,1150
6.5378,45.0,152.430283,6422,10391,205,0.093930,14.317821,-1150,310,-520,1020
6.5378,45.0,152.430283,6422,10391,205,0.093930,14.317821,840,-630,130,-1150
6.5378,45.0,152.430283,6422,10391,205,0.093930,14.317821,500,-710,-130,-1020
6.5378,45.0,152.430283,6422,10391,205,0.093930,14.317821,-210,710,310,840
6.5378,45.0,152.430283,6422,10391,205,0.093930,14.317821,840,310,710,-210
6.5378,45.0,152.430283,6422,10391,205,0.093930,14.317821,1150,-310,520,-1020
6.5378,45.0,152.430283,6422,10391,205,0.093930,14.317821,-840,630,-130,1150
6.5378,45.0,152.430283,6422,10391,205,0.093930,14.317821,-210,-630,-520,-500
6.5378,45.0,152.430283,6422,10391,205,0.093930,14.317821,-500,710,130,1020
6.5378,45.0,152.430283,6422,10391,205,0.093930,14.317821,210,-710,-310,-840
6.5378,45.0,152.430283,6422,10391,205,0.093930,14.317821,500,520,630,210
6.5378,45.0,152.430283,6422,10391,205,0.093930,14.317821,1020,-520,310,-1150
6.5378,45.0,152.430283,6422,10391,205,0.093930,14.317821,-1020,-130,-710,500
6.5378,45.0,152.430283,6422,10391,205,0.093930,14.317821,-1150,130,-630,840
6.5378,45.0,153.482859,6511,10535,281,0.109218,16.763055,-1050,-100,-710,550
6.5378,45.0,153.482859,6511,10535,281,0.109218,16.763055,160,-710,-340,-810
6.5378,45.0,153.482859,6511,10535,281,0.109218,16.763055,1050,-500,340,-1150
6.5378,45.0,153.482859,6511,10535,281,0.109218,16.763055,810,340,710,-160
6.5378,45.0,153.482859,6511,10535,281,0.109218,16.763055,1150,-340,500,-1050
6.5378,45.0,153.482859,6511,10535,281,0.109218,16.763055,-160,-650,-500,-550
6.5378,45.0,153.482859,6511,10535,281,0.109218,16.763055,-550,710,100,1050
6.5378,45.0,153.482859,6511,10535,281,0.109218,16.763055,-810,650,-100,1150
6.5378,45.0,153.482859,6511,10535,281,0.109218,16.763055,-1150,100,-650,810
6.5378,45.0,153.482859,6511,10535,281,0.109218,16.763055,550,500,650,160
6.5378,45.0,155.810767,6710,10857,121,0.070598,11.000000,80,680,470,630
6.5378,45.0,155.810767,6710,10857,121,0.070598,11.000000,760,-680,50,-1150
6.5378,45.0,155.810767,6710,10857,121,0.070598,11.000000,-1150,390,-470,1100
6.5378,45.0,155.810767,6710,10857,121,0.070598,11.000000,1150,-50,680,-760
6.5378,45.0,155.810767,6710,10857,121,0.070598,11.000000,630,-710,-50,-1100
6.5378,45.0,155.810767,6710,10857,121,0.070598,11.000000,1100,50,710,-630
6.5378,45.0,155.810767,6710,10857,121,0.070598,11.000000,-630,-470,-680,-80
6.5378,45.0,155.810767,6710,10857,121,0.070598,11.000000,-80,710,390,760
6.5378,45.0,155.810767,6710,10857,121,0.070598,11.000000,-760,-390,-710,80
6.5378,45.0,155.810767,6710,10857,121,0.070598,11.000000,-1100,470,-390,1150
6.5378,45.0,155.810767,6710,10857,121,0.070598,11.000000,890,290,730,-260
6.5378,45.0,155.810767,6710,10857,121,0.070598,11.000000,1180,-290,550,-1020
6.5378,45.0,155.810767,6710,10857,121,0.070598,11.000000,-890,630,-160,1180
6.5378,45.0,155.810767,6710,10857,121,0.070598,11.000000,-260,-630,-550,-470
6.5378,45.0,155.810767,6710,10857,121,0.070598,11.000000,-470,730,160,1020
6.5378,45.0,155.810767,6710,10857,121,0.070598,11.000000,260,-730,-290,-890
6.5378,45.0,155.810767,6710,10857,121,0.070598,11.000000,470,550,630,260
6.5378,45.0,155.810767,6710,10857,121,0.070598,11.000000,1020,-550,290,-1180
6.5378,45.0,155.810767,6710,10857,121,0.070598,11.000000,-1020,-160,-730,470
6.5378,45.0,155.810767,6710,10857,121,0.070598,11.000000,-1180,160,-630,890
6.5378,45.0,158.492883,6943,11234,155,0.078552,12.449900,130,680,500,600
6.5378,45.0,158.492883,6943,11234,155,0.078552,12.449900,810,-680,80,-1180
6.5378,45.0,158.492883,6943,11234,155,0.078552,12.449900,-1180,370,-500,1100
6.5378,45.0,158.492883,6943,11234,155,0.078552,12.449900,1180,-80,680,-810
6.5378,45.0,158.492883,6943,11234,155,0.078552,12.449900,600,-730,-80,-1100
6.5378,45.0,158.492883,6943,11234,155,0.078552,12.449900,1100,80,730,-600
6.5378,45.0,158.492883,6943,11234,155,0.078552,12.449900,-600,-500,-680,-130
6.5378,45.0,158.492883,6943,11234,155,0.078552,12.449900,-130,730,370,810
6.5378,45.0,158.492883,6943,11234,155,0.078552,12.449900,-810,-370,-730,130
6.5378,45.0,158.492883,6943,11234,155,0.078552,12.449900,-1100,500,-370,1180
6.5378,45.0,158.492883,6943,11234,155,0.078552,12.449900,130,-730,-370,-810
6.5378,45.0,158.492883,6943,11234,155,0.078552,12.449900,1100,-500,370,-1180
6.5378,45.0,158.492883,6943,11234,155,0.078552,12.449900,-600,730,80,1100
6.5378,45.0,158.492883,6943,11234,155,0.078552,12.449900,-1180,80,-680,810
6.5378,45.0,158.492883,6943,11234,155,0.078552,12.449900,600,500,680,130
6.5378,45.0,158.492883,6943,11234,155,0.078552,12.449900,-130,-680,-500,-600
6.5378,45.0,158.492883,6943,11234,155,0.078552,12.449900,810,370,730,-130
6.5378,45.0,158.492883,6943,11234,155,0.078552,12.449900,1180,-370,500,-1100
6.5378,45.0,158.492883,6943,11234,155,0.078552,12.449900,-810,680,-80,1180
6.5378,45.0,158.492883,6943,11234,155,0.078552,12.449900,-1100,-80,-730,600
6.5378,45.0,161.746708,7231,11700,61,0.048287,7.810250,1020,210,760,-420
6.5378,45.0,161.746708,7231,11700,61,0.048287,7.810250,1230,-210,630,-970
6.5378,45.0,161.746708,7231,11700,61,0.048287,7.810250,-1020,600,-260,1230
6.5378,45.0,161.746708,7231,11700,61,0.048287,7.810250,-420,-600,-630,-340
6.5378,45.0,161.746708,7231,11700,61,0.048287,7.810250,-340,760,260,970
6.5378,45.0,161.746708,7231,11700,61,0.048287,7.810250,420,-760,-210,-1020
6.5378,45.0,161.746708,7231,11700,61,0.048287,7.810250,340,630,600,420
6.5378,45.0,161.746708,7231,11700,61,0.048287,7.810250,970,-630,210,-1230
6.5378,45.0,161.746708,7231,11700,61,0.048287,7.810250,-970,-260,-760,340
6.5378,45.0,161.746708,7231,11700,61,0.048287,7.810250,-1230,260,-600,1020
6.5378,45.0,162.126462,7265,11755,275,0.102285,16.583124,1050,180,760,-470
6.5378,45.0,162.126462,7265,11755,275,0.102285,16.583124,1230,-180,650,-940
6.5378,45.0,162.126462,7265,11755,275,0.102285,16.583124,-1050,580,-290,1230
6.5378,45.0,162.126462,7265,11755,275,0.102285,16.583124,-470,-580,-650,-290
6.5378,45.0,162.126462,7265,11755,275,0.102285,16.583124,-290,760,290,940
6.5378,45.0,162.126462,7265,11755,275,0.102285,16.583124,470,-760,-180,-1050
6.5378,45.0,162.126462,7265,11755,275,0.102285,16.583124,290,650,580,470
6.5378,45.0,162.126462,7265,11755,275,0.102285,16.583124,940,-650,180,-1230
6.5378,45.0,162.126462,7265,11755,275,0.102285,16.583124,-940,-290,-760,290
6.5378,45.0,162.126462,7265,11755,275,0.102285,16.583124,-1230,290,-580,1050
6.5378,45.0,163.116481,7354,11899,361,0.116481,19.000000,0,730,450,730
6.5378,45.0,163.116481,7354,11899,361,0.116481,19.000000,730,-730,0,-1180
6.5378,45.0,163.116481,7354,11899,361,0.116481,19.000000,-1180,450,-450,1180
6.5378,45.0,163.116481,7354,11899,361,0.116481,19.000000,1180,0,730,-730
6.5378,45.0,163.116481,7354,11899,361,0.116481,19.000000,-730,-450,-730,0
6.5378,45.0,165.308782,7553,12221,181,0.081385,13.453624,130,-760,-390,-840
6.5378,45.0,165.308782,7553,12221,181,0.081385,13.453624,1150,-520,390,-1230
6.5378,45.0,165.308782,7553,12221,181,0.081385,13.453624,-630,760,80,1150
6.5378,45.0,165.308782,7553,12221,181,0.081385,13.453624,-1230,80,-710,840
6.5378,45.0,165.308782,7553,12221,181,0.081385,13.453624,630,520,710,130
6.5378,45.0,165.308782,7553,12221,181,0.081385,13.453624,-130,-710,-520,-630
6.5378,45.0,165.308782,7553,12221,181,0.081385,13.453624,840,390,760,-130
6.5378,45.0,165.308782,7553,12221,181,0.081385,13.453624,1230,-390,520,-1150
6.5378,45.0,165.308782,7553,12221,181,0.081385,13.453624,-840,710,-80,1230
6.5378,45.0,165.308782,7553,12221,181,0.081385,13.453624,-1150,-80,-760,630
6.5378,45.0,168.795702,7875,12742,311,0.104477,17.635192,970,310,790,-290
6.5378,45.0,168.795702,7875,12742,311,0.104477,17.635192,1280,-310,600,-1100
6.5378,45.0,168.795702,7875,12742,311,0.104477,17.635192,-970,680,-180,1280
6.5378,45.0,168.795702,7875,12742,311,0.104477,17.635192,-290,-680,-600,-500
6.5378,45.0,168.795702,7875,12742,311,0.104477,17.635192,-500,790,180,1100
6.5378,45.0,168.795702,7875,12742,311,0.104477,17.635192,290,-790,-310,-970
6.5378,45.0,168.795702,7875,12742,311,0.104477,17.635192,500,600,680,290
6.5378,45.0,168.795702,7875,12742,311,0.104477,17.635192,1100,-600,310,-1280
6.5378,45.0,168.795702,7875,12742,311,0.104477,17.635192,-1100,-180,-790,500
6.5378,45.0,168.795702,7875,12742,311,0.104477,17.635192,-1280,180,-680,970
6.5378,45.0,169.970583,7985,12920,25,0.029417,5.000000,0,760,470,760
6.5378,45.0,169.970583,7985,12920,25,0.029417,5.000000,760,-760,0,-1230
6.5378,45.0,169.970583,7985,12920,25,0.029417,5.000000,-1230,470,-470,1230
6.5378,45.0,169.970583,7985,12920,25,0.029417,5.000000,1230,0,760,-760
6.5378,45.0,169.970583,7985,12920,25,0.029417,5.000000,-760,-470,-760,0
6.5378,45.0,169.970583,7985,12920,25,0.029417,5.000000,0,-760,-470,-760
6.5378,45.0,169.970583,7985,12920,25,0.029417,5.000000,1230,-470,470,-1230
6.5378,45.0,169.970583,7985,12920,25,0.029417,5.000000,-760,760,0,1230
6.5378,45.0,169.970583,7985,12920,25,0.029417,5.000000,-1230,0,-760,760
6.5378,45.0,169.970583,7985,12920,25,0.029417,5.000000,760,470,760,0
6.5378,45.0,171.274598,8108,13119,355,0.110007,18.841444,160,730,550,630
6.5378,45.0,171.274598,8108,13119,355,0.110007,18.841444,890,-730,100,-1280
6.5378,45.0,171.274598,8108,13119,355,0.110007,18.841444,-1280,390,-550,1180
6.5378,45.0,171.274598,8108,13119,355,0.110007,18.841444,1280,-100,730,-890
6.5378,45.0,171.274598,8108,13119,355,0.110007,18.841444,630,-790,-100,-1180
6.5378,45.0,171.274598,8108,13119,355,0.110007,18.841444,1180,100,790,-630
6.5378,45.0,171.274598,8108,13119,355,0.110007,18.841444,-630,-550,-730,-160
6.5378,45.0,171.274598,8108,13119,355,0.110007,18.841444,-160,790,390,890
6.5378,45.0,171.274598,8108,13119,355,0.110007,18.841444,-890,-390,-790,160
6.5378,45.0,171.274598,8108,13119,355,0.110007,18.841444,-1180,550,-390,1280
6.5378,45.0,172.212034,8197,13263,451,0.123318,21.236761,1050,260,810,-390
6.5378,45.0,172.212034,8197,13263,451,0.123318,21.236761,1310,-260,650,-1070
6.5378,45.0,172.212034,8197,13263,451,0.123318,21.236761,-1050,660,-240,1310
6.5378,45.0,172.212034,8197,13263,451,0.123318,21.236761,-390,-660,-650,-420
6.5378,45.0,172.212034,8197,13263,451,0.123318,21.236761,-420,810,240,1070
6.5378,45.0,172.212034,8197,13263,451,0.123318,21.236761,390,-810,-260,-1050
6.5378,45.0,172.212034,8197,13263,451,0.123318,21.236761,420,650,660,390
6.5378,45.0,172.212034,8197,13263,451,0.123318,21.236761,1070,-650,260,-1310
6.5378,45.0,172.212034,8197,13263,451,0.123318,21.236761,-1070,-240,-810,420
6.5378,45.0,172.212034,8197,13263,451,0.123318,21.236761,-1310,240,-660,1050
6.5378,45.0,172.212034,8197,13263,451,0.123318,21.236761,50,-780,-450,-810
6.5378,45.0,172.212034,8197,13263,451,0.123318,21.236761,1230,-500,450,-1260
6.5378,45.0,172.212034,8197,13263,451,0.123318,21.236761,-730,780,30,1230
6.5378,45.0,172.212034,8197,13263,451,0.123318,21.236761,-1260,30,-760,810
6.5378,45.0,172.212034,8197,13263,451,0.123318,21.236761,730,500,760,50
6.5378,45.0,172.212034,8197,13263,451,0.123318,21.236761,-50,-760,-500,-730
6.5378,45.0,172.212034,8197,13263,451,0.123318,21.236761,810,450,780,-50
6.5378,45.0,172.212034,8197,13263,451,0.123318,21.236761,1260,-450,500,-1230
6.5378,45.0,172.212034,8197,13263,451,0.123318,21.236761,-810,760,-30,1260
6.5378,45.0,172.212034,8197,13263,451,0.123318,21.236761,-1230,-30,-780,730
6.5378,45.0,173.363765,8307,13441,155,0.071814,12.449900,1150,160,810,-550
6.5378,45.0,173.363765,8307,13441,155,0.071814,12.449900,1310,-160,710,-970
6.5378,45.0,173.363765,8307,13441,155,0.071814,12.449900,-1150,600,-340,1310
6.5378,45.0,173.363765,8307,13441,155,0.071814,12.449900,-550,-600,-710,-260
6.5378,45.0,173.363765,8307,13441,155,0.071814,12.449900,-260,810,340,970
6.5378,45.0,173.363765,8307,13441,155,0.071814,12.449900,550,-810,-160,-1150
6.5378,45.0,173.363765,8307,13441,155,0.071814,12.449900,260,710,600,550
6.5378,45.0,173.363765,8307,13441,155,0.071814,12.449900,970,-710,160,-1310
6.5378,45.0,173.363765,8307,13441,155,0.071814,12.449900,-970,-340,-810,260
6.5378,45.0,173.363765,8307,13441,155,0.071814,12.449900,-1310,340,-600,1150
6.5378,45.0,173.363765,8307,13441,155,0.071814,12.449900,970,340,810,-260
6.5378,45.0,173.363765,8307,13441,155,0.071814,12.449900,1310,-340,600,-1150
6.5378,45.0,173.363765,8307,13441,155,0.071814,12.449900,-970,710,-160,1310
6.5378,45.0,173.363765,8307,13441,155,0.071814,12.449900,-260,-710,-600,-550
6.5378,45.0,173.363765,8307,13441,155,0.071814,12.449900,-550,810,160,1150
6.5378,45.0,173.363765,8307,13441,155,0.071814,12.449900,260,-810,-340,-970
6.5378,45.0,173.363765,8307,13441,155,0.071814,12.449900,550,600,710,260
6.5378,45.0,173.363765,8307,13441,155,0.071814,12.449900,1150,-600,340,-1310
6.5378,45.0,173.363765,8307,13441,155,0.071814,12.449900,-1150,-160,-810,550
6.5378,45.0,173.363765,8307,13441,155,0.071814,12.449900,-1310,160,-710,970
6.5378,45.0,174.289965,8396,13585,251,0.090900,15.842980,940,370,810,-210
6.5378,45.0,174.289965,8396,13585,251,0.090900,15.842980,1310,-370,580,-1180
6.5378,45.0,174.289965,8396,13585,251,0.090900,15.842980,-940,730,-130,1310
6.5378,45.0,174.289965,8396,13585,251,0.090900,15.842980,-210,-730,-580,-600
6.5378,45.0,174.289965,8396,13585,251,0.090900,15.842980,-600,810,130,1180
6.5378,45.0,174.289965,8396,13585,251,0.090900,15.842980,210,-810,-370,-940
6.5378,45.0,174.289965,8396,13585,251,0.090900,15.842980,600,580,730,210
6.5378,45.0,174.289965,8396,13585,251,0.090900,15.842980,1180,-580,370,-1310
6.5378,45.0,174.289965,8396,13585,251,0.090900,15.842980,-1180,-130,-810,600
6.5378,45.0,174.289965,8396,13585,251,0.090900,15.842980,-1310,130,-730,940
6.5378,45.0,176.343411,8595,13907,41,0.036311,6.403124,130,760,550,680
6.5378,45.0,176.343411,8595,13907,41,0.036311,6.403124,890,-760,80,-1310
6.5378,45.0,176.343411,8595,13907,41,0.036311,6.403124,-1310,420,-550,1230
6.5378,45.0,176.343411,8595,13907,41,0.036311,6.403124,1310,-80,760,-890
6.5378,45.0,176.343411,8595,13907,41,0.036311,6.403124,680,-810,-80,-1230
6.5378,45.0,176.343411,8595,13907,41,0.036311,6.403124,1230,80,810,-680
6.5378,45.0,176.343411,8595,13907,41,0.036311,6.403124,-680,-550,-760,-130
6.5378,45.0,176.343411,8595,13907,41,0.036311,6.403124,-130,810,420,890
6.5378,45.0,176.343411,8595,13907,41,0.036311,6.403124,-890,-420,-810,130
6.5378,45.0,176.343411,8595,13907,41,0.036311,6.403124,-1230,550,-420,1310
6.5378,45.0,178.717647,8828,14284,80,0.050047,8.944272,1100,260,840,-420
6.5378,45.0,178.717647,8828,14284,80,0.050047,8.944272,1360,-260,680,-1100
6.5378,45.0,178.717647,8828,14284,80,0.050047,8.944272,-1100,680,-260,1360
6.5378,45.0,178.717647,8828,14284,80,0.050047,8.944272,-420,-680,-680,-420
6.5378,45.0,178.717647,8828,14284,80,0.050047,8.944272,-420,840,260,1100
6.5378,45.0,178.717647,8828,14284,80,0.050047,8.944272,420,-840,-260,-1100
6.5378,45.0,178.717647,8828,14284,80,0.050047,8.944272,420,680,680,420
6.5378,45.0,178.717647,8828,14284,80,0.050047,8.944272,1100,-680,260,-1360
6.5378,45.0,178.717647,8828,14284,80,0.050047,8.944272,-1100,-260,-840,420
6.5378,45.0,178.717647,8828,14284,80,0.050047,8.944272,-1360,260,-680,1100
6.5378,45.0,179.616242,8917,14428,181,0.074902,13.453624,1180,180,840,-550
6.5378,45.0,179.616242,8917,14428,181,0.074902,13.453624,1360,-180,730,-1020
6.5378,45.0,179.616242,8917,14428,181,0.074902,13.453624,-1180,630,-340,1360
6.5378,45.0,179.616242,8917,14428,181,0.074902,13.453624,-550,-630,-730,-290
6.5378,45.0,179.616242,8917,14428,181,0.074902,13.453624,-290,840,340,1020
6.5378,45.0,179.616242,8917,14428,181,0.074902,13.453624,550,-840,-180,-1180
6.5378,45.0,179.616242,8917,14428,181,0.074902,13.453624,290,730,630,550
6.5378,45.0,179.616242,8917,14428,181,0.074902,13.453624,1020,-730,180,-1360
6.5378,45.0,179.616242,8917,14428,181,0.074902,13.453624,-1020,-340,-840,290
6.5378,45.0,179.616242,8917,14428,181,0.074902,13.453624,-1360,340,-630,1180
6.5378,45.0,182.830496,9239,14949,331,0.099510,18.193405,1150,240,860,-470
6.5378,45.0,182.830496,9239,14949,331,0.099510,18.193405,1390,-240,710,-1100
6.5378,45.0,182.830496,9239,14949,331,0.099510,18.193405,-1150,680,-290,1390
6.5378,45.0,182.830496,9239,14949,331,0.099510,18.193405,-470,-680,-710,-390
6.5378,45.0,182.830496,9239,14949,331,0.099510,18.193405,-390,860,290,1100
6.5378,45.0,182.830496,9239,14949,331,0.099510,18.193405,470,-860,-240,-1150
6.5378,45.0,182.830496,9239,14949,331,0.099510,18.193405,390,710,680,470
6.5378,45.0,182.830496,9239,14949,331,0.099510,18.193405,1100,-710,240,-1390
6.5378,45.0,182.830496,9239,14949,331,0.099510,18.193405,-1100,-290,-860,390
6.5378,45.0,182.830496,9239,14949,331,0.099510,18.193405,-1390,290,-680,1150
6.5378,45.0,184.789061,9438,15271,101,0.054386,10.049876,80,-840,-470,-890
6.5378,45.0,184.789061,9438,15271,101,0.054386,10.049876,1310,-550,470,-1360
6.5378,45.0,184.789061,9438,15271,101,0.054386,10.049876,-760,840,50,1310
6.5378,45.0,184.789061,9438,15271,101,0.054386,10.049876,-1360,50,-810,890
6.5378,45.0,184.789061,9438,15271,101,0.054386,10.049876,760,550,810,80
6.5378,45.0,184.789061,9438,15271,101,0.054386,10.049876,-80,-810,-550,-760
6.5378,45.0,184.789061,9438,15271,101,0.054386,10.049876,890,470,840,-80
6.5378,45.0,184.789061,9438,15271,101,0.054386,10.049876,1360,-470,550,-1310
6.5378,45.0,184.789061,9438,15271,101,0.054386,10.049876,-890,810,-50,1360
6.5378,45.0,184.789061,9438,15271,101,0.054386,10.049876,-1310,-50,-840,760
6.5378,45.0,185.989209,9561,15470,491,0.119139,22.158520,970,420,860,-180
6.5378,45.0,185.989209,9561,15470,491,0.119139,22.158520,1390,-420,600,-1280
6.5378,45.0,185.989209,9561,15470,491,0.119139,22.158520,-970,790,-110,1390
6.5378,45.0,185.989209,9561,15470,491,0.119139,22.158520,-180,-790,-600,-680
6.5378,45.0,185.989209,9561,15470,491,0.119139,22.158520,-680,860,110,1280
6.5378,45.0,185.989209,9561,15470,491,0.119139,22.158520,180,-860,-420,-970
6.5378,45.0,185.989209,9561,15470,491,0.119139,22.158520,680,600,790,180
6.5378,45.0,185.989209,9561,15470,491,0.119139,22.158520,1280,-600,420,-1390
6.5378,45.0,185.989209,9561,15470,491,0.119139,22.158520,-1280,-110,-860,680
6.5378,45.0,185.989209,9561,15470,491,0.119139,22.158520,-1390,110,-790,970
6.5378,45.0,187.914855,9760,15792,256,0.085145,16.000000,0,840,520,840
6.5378,45.0,187.914855,9760,15792,256,0.085145,16.000000,840,-840,0,-1360
6.5378,45.0,187.914855,9760,15792,256,0.085145,16.000000,-1360,520,-520,1360
6.5378,45.0,187.914855,9760,15792,256,0.085145,16.000000,1360,0,840,-840
6.5378,45.0,187.914855,9760,15792,256,0.085145,16.000000,-840,-520,-840,0
6.5378,45.0,190.144660,9993,16169,305,0.091847,17.464249,50,840,550,810
6.5378,45.0,190.144660,9993,16169,305,0.091847,17.464249,890,-840,30,-1390
6.5378,45.0,190.144660,9993,16169,305,0.091847,17.464249,-1390,500,-550,1360
6.5378,45.0,190.144660,9993,16169,305,0.091847,17.464249,1390,-30,840,-890
6.5378,45.0,190.144660,9993,16169,305,0.091847,17.464249,810,-860,-30,-1360
6.5378,45.0,190.144660,9993,16169,305,0.091847,17.464249,1360,30,860,-810
6.5378,45.0,190.144660,9993,16169,305,0.091847,17.464249,-810,-550,-840,-50
6.5378,45.0,190.144660,9993,16169,305,0.091847,17.464249,-50,860,500,890
6.5378,45.0,190.144660,9993,16169,305,0.091847,17.464249,-890,-500,-860,50
6.5378,45.0,190.144660,9993,16169,305,0.091847,17.464249,-1360,550,-500,1390
6.5378,45.0,190.144660,9993,16169,305,0.091847,17.464249,-50,-840,-550,-810
6.5378,45.0,190.144660,9993,16169,305,0.091847,17.464249,50,-860,-500,-890
6.5378,45.0,190.144660,9993,16169,305,0.091847,17.464249,1360,-550,500,-1390
6.5378,45.0,190.144660,9993,16169,305,0.091847,17.464249,1390,-500,550,-1360
6.5378,45.0,190.144660,9993,16169,305,0.091847,17.464249,-810,860,30,1360
6.5378,45.0,190.144660,9993,16169,305,0.091847,17.464249,-890,840,-30,1390
6.5378,45.0,190.144660,9993,16169,305,0.091847,17.464249,-1390,30,-840,890
6.5378,45.0,190.144660,9993,16169,305,0.091847,17.464249,-1360,-30,-860,810
6.5378,45.0,190.144660,9993,16169,305,0.091847,17.464249,810,550,840,50
6.5378,45.0,190.144660,9993,16169,305,0.091847,17.464249,890,500,860,-50
6.5378,45.0,190.989498,10082,16313,421,0.107431,20.518285,1280,160,890,-630
6.5378,45.0,190.989498,10082,16313,421,0.107431,20.518285,1440,-160,790,-1050
6.5378,45.0,190.989498,10082,16313,421,0.107431,20.518285,-1280,650,-390,1440
6.5378,45.0,190.989498,10082,16313,421,0.107431,20.518285,-630,-650,-790,-260
6.5378,45.0,190.989498,10082,16313,421,0.107431,20.518285,-260,890,390,1050
6.5378,45.0,190.989498,10082,16313,421,0.107431,20.518285,630,-890,-160,-1280
6.5378,45.0,190.989498,10082,16313,421,0.107431,20.518285,260,790,650,630
6.5378,45.0,190.989498,10082,16313,421,0.107431,20.518285,1050,-790,160,-1440
6.5378,45.0,190.989498,10082,16313,421,0.107431,20.518285,-1050,-390,-890,260
6.5378,45.0,190.989498,10082,16313,421,0.107431,20.518285,-1440,390,-650,1280
6.5378,45.0,192.028640,10192,16491,55,0.038620,7.416198,210,810,630,680
6.5378,45.0,192.028640,10192,16491,55,0.038620,7.416198,1020,-810,130,-1440
6.5378,45.0,192.028640,10192,16491,55,0.038620,7.416198,-1440,420,-630,1310
6.5378,45.0,192.028640,10192,16491,55,0.038620,7.416198,1440,-130,810,-1020
6.5378,45.0,192.028640,10192,16491,55,0.038620,7.416198,680,-890,-130,-1310
6.5378,45.0,192.028640,10192,16491,55,0.038620,7.416198,1310,130,890,-680
6.5378,45.0,192.028640,10192,16491,55,0.038620,7.416198,-680,-630,-810,-210
6.5378,45.0,192.028640,10192,16491,55,0.038620,7.416198,-210,890,420,1020
6.5378,45.0,192.028640,10192,16491,55,0.038620,7.416198,-1020,-420,-890,210
6.5378,45.0,192.028640,10192,16491,55,0.038620,7.416198,-1310,630,-420,1440
6.5378,45.0,192.028640,10192,16491,55,0.038620,7.416198,1020,420,890,-210
6.5378,45.0,192.028640,10192,16491,55,0.038620,7.416198,1440,-420,630,-1310
6.5378,45.0,192.028640,10192,16491,55,0.038620,7.416198,-1020,810,-130,1440
6.5378,45.0,192.028640,10192,16491,55,0.038620,7.416198,-210,-810,-630,-680
6.5378,45.0,192.028640,10192,16491,55,0.038620,7.416198,-680,890,130,1310
6.5378,45.0,192.028640,10192,16491,55,0.038620,7.416198,210,-890,-420,-1020
6.5378,45.0,192.028640,10192,16491,55,0.038620,7.416198,680,630,810,210
6.5378,45.0,192.028640,10192,16491,55,0.038620,7.416198,1310,-630,420,-1440
6.5378,45.0,192.028640,10192,16491,55,0.038620,7.416198,-1310,-130,-890,680
6.5378,45.0,192.028640,10192,16491,55,0.038620,7.416198,-1440,130,-810,1020
6.5378,45.0,195.862174,10603,17156,341,0.094282,18.466185,1230,260,920,-500
6.5378,45.0,195.862174,10603,17156,341,0.094282,18.466185,1490,-260,760,-1180
6.5378,45.0,195.862174,10603,17156,341,0.094282,18.466185,-1230,730,-310,1490
6.5378,45.0,195.862174,10603,17156,341,0.094282,18.466185,-500,-730,-760,-420
6.5378,45.0,195.862174,10603,17156,341,0.094282,18.466185,-420,920,310,1180
6.5378,45.0,195.862174,10603,17156,341,0.094282,18.466185,500,-920,-260,-1230
6.5378,45.0,195.862174,10603,17156,341,0.094282,18.466185,420,760,730,500
6.5378,45.0,195.862174,10603,17156,341,0.094282,18.466185,1180,-760,260,-1490
6.5378,45.0,195.862174,10603,17156,341,0.094282,18.466185,-1180,-310,-920,420
6.5378,45.0,195.862174,10603,17156,341,0.094282,18.466185,-1490,310,-730,1230
6.5378,45.0,195.862174,10603,17156,341,0.094282,18.466185,80,860,580,810
6.5378,45.0,195.862174,10603,17156,341,0.094282,18.466185,940,-860,50,-1440
6.5378,45.0,195.862174,10603,17156,341,0.094282,18.466185,-1440,500,-580,1390
6.5378,45.0,195.862174,10603,17156,341,0.094282,18.466185,1440,-50,860,-940
6.5378,45.0,195.862174,10603,17156,341,0.094282,18.466185,810,-890,-50,-1390
6.5378,45.0,195.862174,10603,17156,341,0.094282,18.466185,1390,50,890,-810
6.5378,45.0,195.862174,10603,17156,341,0.094282,18.466185,-810,-580,-860,-80
6.5378,45.0,195.862174,10603,17156,341,0.094282,18.466185,-80,890,500,940
6.5378,45.0,195.862174,10603,17156,341,0.094282,18.466185,-940,-500,-890,80
6.5378,45.0,195.862174,10603,17156,341,0.094282,18.466185,-1390,580,-500,1440
6.5378,45.0,198.813950,10925,17677,521,0.114808,22.825424,1050,440,920,-210
6.5378,45.0,198.813950,10925,17677,521,0.114808,22.825424,1490,-440,650,-1360
6.5378,45.0,198.813950,10925,17677,521,0.114808,22.825424,-1050,840,-130,1490
6.5378,45.0,198.813950,10925,17677,521,0.114808,22.825424,-210,-840,-650,-710
6.5378,45.0,198.813950,10925,17677,521,0.114808,22.825424,-710,920,130,1360
6.5378,45.0,198.813950,10925,17677,521,0.114808,22.825424,210,-920,-440,-1050
6.5378,45.0,198.813950,10925,17677,521,0.114808,22.825424,710,650,840,210
6.5378,45.0,198.813950,10925,17677,521,0.114808,22.825424,1360,-650,440,-1490
6.5378,45.0,198.813950,10925,17677,521,0.114808,22.825424,-1360,-130,-920,710
6.5378,45.0,198.813950,10925,17677,521,0.114808,22.825424,-1490,130,-840,1050
6.5378,45.0,199.812404,11035,17855,125,0.055954,11.180340,1230,290,940,-470
6.5378,45.0,199.812404,11035,17855,125,0.055954,11.180340,1520,-290,760,-1230
6.5378,45.0,199.812404,11035,17855,125,0.055954,11.180340,-1230,760,-290,1520
6.5378,45.0,199.812404,11035,17855,125,0.055954,11.180340,-470,-760,-760,-470
6.5378,45.0,199.812404,11035,17855,125,0.055954,11.180340,-470,940,290,1230
6.5378,45.0,199.812404,11035,17855,125,0.055954,11.180340,470,-940,-290,-1230
6.5378,45.0,199.812404,11035,17855,125,0.055954,11.180340,470,760,760,470
6.5378,45.0,199.812404,11035,17855,125,0.055954,11.180340,1230,-760,290,-1520
6.5378,45.0,199.812404,11035,17855,125,0.055954,11.180340,-1230,-290,-940,470
6.5378,45.0,199.812404,11035,17855,125,0.055954,11.180340,-1520,290,-760,1230
6.5378,45.0,200.616534,11124,17999,251,0.078971,15.842980,1310,210,940,-600
6.5378,45.0,200.616534,11124,17999,251,0.078971,15.842980,1520,-210,810,-1150
6.5378,45.0,200.616534,11124,17999,251,0.078971,15.842980,-1310,710,-370,1520
6.5378,45.0,200.616534,11124,17999,251,0.078971,15.842980,-600,-710,-810,-340
6.5378,45.0,200.616534,11124,17999,251,0.078971,15.842980,-340,940,370,1150
6.5378,45.0,200.616534,11124,17999,251,0.078971,15.842980,600,-940,-210,-1310
6.5378,45.0,200.616534,11124,17999,251,0.078971,15.842980,340,810,710,600
6.5378,45.0,200.616534,11124,17999,251,0.078971,15.842980,1150,-810,210,-1520
6.5378,45.0,200.616534,11124,17999,251,0.078971,15.842980,-1150,-370,-940,340
6.5378,45.0,200.616534,11124,17999,251,0.078971,15.842980,-1520,370,-710,1310
6.5378,45.0,202.706666,11357,18376,305,0.086155,17.464249,80,890,600,840
6.5378,45.0,202.706666,11357,18376,305,0.086155,17.464249,970,-890,50,-1490
6.5378,45.0,202.706666,11357,18376,305,0.086155,17.464249,-1490,520,-600,1440
6.5378,45.0,202.706666,11357,18376,305,0.086155,17.464249,1490,-50,890,-970
6.5378,45.0,202.706666,11357,18376,305,0.086155,17.464249,840,-920,-50,-1440
6.5378,45.0,202.706666,11357,18376,305,0.086155,17.464249,1440,50,920,-840
6.5378,45.0,202.706666,11357,18376,305,0.086155,17.464249,-840,-600,-890,-80
6.5378,45.0,202.706666,11357,18376,305,0.086155,17.464249,-80,920,520,970
6.5378,45.0,202.706666,11357,18376,305,0.086155,17.464249,-970,-520,-920,80
6.5378,45.0,202.706666,11357,18376,305,0.086155,17.464249,-1440,600,-520,1490
6.5378,45.0,202.706666,11357,18376,305,0.086155,17.464249,-80,-890,-600,-840
6.5378,45.0,202.706666,11357,18376,305,0.086155,17.464249,80,-920,-520,-970
6.5378,45.0,202.706666,11357,18376,305,0.086155,17.464249,1440,-600,520,-1490
6.5378,45.0,202.706666,11357,18376,305,0.086155,17.464249,1490,-520,600,-1440
6.5378,45.0,202.706666,11357,18376,305,0.086155,17.464249,-840,920,50,1440
6.5378,45.0,202.706666,11357,18376,305,0.086155,17.464249,-970,890,-50,1490
6.5378,45.0,202.706666,11357,18376,305,0.086155,17.464249,-1490,50,-890,970
6.5378,45.0,202.706666,11357,18376,305,0.086155,17.464249,-1440,-50,-920,840
6.5378,45.0,202.706666,11357,18376,305,0.086155,17.464249,840,600,890,80
6.5378,45.0,202.706666,11357,18376,305,0.086155,17.464249,970,520,920,-80
6.5378,45.0,205.260801,11645,18842,151,0.059866,12.288206,130,-940,-500,-1020
6.5378,45.0,205.260801,11645,18842,151,0.059866,12.288206,1440,-630,500,-1520
6.5378,45.0,205.260801,11645,18842,151,0.059866,12.288206,-810,940,80,1440
6.5378,45.0,205.260801,11645,18842,151,0.059866,12.288206,-1520,80,-890,1020
6.5378,45.0,205.260801,11645,18842,151,0.059866,12.288206,810,630,890,130
6.5378,45.0,205.260801,11645,18842,151,0.059866,12.288206,-130,-890,-630,-810
6.5378,45.0,205.260801,11645,18842,151,0.059866,12.288206,1020,500,940,-130
6.5378,45.0,205.260801,11645,18842,151,0.059866,12.288206,1520,-500,630,-1440
6.5378,45.0,205.260801,11645,18842,151,0.059866,12.288206,-1020,890,-80,1520
6.5378,45.0,205.260801,11645,18842,151,0.059866,12.288206,-1440,-80,-940,810
6.5378,45.0,206.341913,11768,19041,631,0.121738,25.119713,1260,310,970,-470
6.5378,45.0,206.341913,11768,19041,631,0.121738,25.119713,1570,-310,780,-1280
6.5378,45.0,206.341913,11768,19041,631,0.121738,25.119713,-1260,790,-290,1570
6.5378,45.0,206.341913,11768,19041,631,0.121738,25.119713,-470,-790,-780,-500
6.5378,45.0,206.341913,11768,19041,631,0.121738,25.119713,-500,970,290,1280
6.5378,45.0,206.341913,11768,19041,631,0.121738,25.119713,470,-970,-310,-1260
6.5378,45.0,206.341913,11768,19041,631,0.121738,25.119713,500,780,790,470
6.5378,45.0,206.341913,11768,19041,631,0.121738,25.119713,1280,-780,310,-1570
6.5378,45.0,206.341913,11768,19041,631,0.121738,25.119713,-1280,-290,-970,500
6.5378,45.0,206.341913,11768,19041,631,0.121738,25.119713,-1570,290,-790,1260
6.5378,45.0,207.304113,11878,19219,205,0.069067,14.317821,1360,210,970,-630
6.5378,45.0,207.304113,11878,19219,205,0.069067,14.317821,1570,-210,840,-1180
6.5378,45.0,207.304113,11878,19219,205,0.069067,14.317821,-1360,730,-390,1570
6.5378,45.0,207.304113,11878,19219,205,0.069067,14.317821,-630,-730,-840,-340
6.5378,45.0,207.304113,11878,19219,205,0.069067,14.317821,-340,970,390,1180
6.5378,45.0,207.304113,11878,19219,205,0.069067,14.317821,630,-970,-210,-1360
6.5378,45.0,207.304113,11878,19219,205,0.069067,14.317821,340,840,730,630
6.5378,45.0,207.304113,11878,19219,205,0.069067,14.317821,1180,-840,210,-1570
6.5378,45.0,207.304113,11878,19219,205,0.069067,14.317821,-1180,-390,-970,340
6.5378,45.0,207.304113,11878,19219,205,0.069067,14.317821,-1570,390,-730,1360
6.5378,45.0,207.304113,11878,19219,205,0.069067,14.317821,1180,390,970,-340
6.5378,45.0,207.304113,11878,19219,205,0.069067,14.317821,1570,-390,730,-1360
6.5378,45.0,207.304113,11878,19219,205,0.069067,14.317821,-1180,840,-210,1570
6.5378,45.0,207.304113,11878,19219,205,0.069067,14.317821,-340,-840,-730,-630
6.5378,45.0,207.304113,11878,19219,205,0.069067,14.317821,-630,970,210,1360
6.5378,45.0,207.304113,11878,19219,205,0.069067,14.317821,340,-970,-390,-1180
6.5378,45.0,207.304113,11878,19219,205,0.069067,14.317821,630,730,840,340
6.5378,45.0,207.304113,11878,19219,205,0.069067,14.317821,1360,-730,390,-1570
6.5378,45.0,207.304113,11878,19219,205,0.069067,14.317821,-1360,-210,-970,630
6.5378,45.0,207.304113,11878,19219,205,0.069067,14.317821,-1570,210,-840,1180
6.5378,45.0,208.079293,11967,19363,341,0.088746,18.466185,50,920,600,890
6.5378,45.0,208.079293,11967,19363,341,0.088746,18.466185,970,-920,30,-1520
6.5378,45.0,208.079293,11967,19363,341,0.088746,18.466185,-1520,550,-600,1490
6.5378,45.0,208.079293,11967,19363,341,0.088746,18.466185,1520,-30,920,-970
6.5378,45.0,208.079293,11967,19363,341,0.088746,18.466185,890,-940,-30,-1490
6.5378,45.0,208.079293,11967,19363,341,0.088746,18.466185,1490,30,940,-890
6.5378,45.0,208.079293,11967,19363,341,0.088746,18.466185,-890,-600,-920,-50
6.5378,45.0,208.079293,11967,19363,341,0.088746,18.466185,-50,940,550,970
6.5378,45.0,208.079293,11967,19363,341,0.088746,18.466185,-970,-550,-940,50
6.5378,45.0,208.079293,11967,19363,341,0.088746,18.466185,-1490,600,-550,1520
6.5378,45.0,208.079293,11967,19363,341,0.088746,18.466185,1150,420,970,-290
6.5378,45.0,208.079293,11967,19363,341,0.088746,18.466185,1570,-420,710,-1390
6.5378,45.0,208.079293,11967,19363,341,0.088746,18.466185,-1150,860,-180,1570
6.5378,45.0,208.079293,11967,19363,341,0.088746,18.466185,-290,-860,-710,-680
6.5378,45.0,208.079293,11967,19363,341,0.088746,18.466185,-680,970,180,1390
6.5378,45.0,208.079293,11967,19363,341,0.088746,18.466185,290,-970,-420,-1150
6.5378,45.0,208.079293,11967,19363,341,0.088746,18.466185,680,710,860,290
6.5378,45.0,208.079293,11967,19363,341,0.088746,18.466185,1390,-710,420,-1570
6.5378,45.0,208.079293,11967,19363,341,0.088746,18.466185,-1390,-180,-970,680
6.5378,45.0,208.079293,11967,19363,341,0.088746,18.466185,-1570,180,-860,1150
6.5378,45.0,209.802286,12166,19685,41,0.030520,6.403124,210,890,680,760
6.5378,45.0,209.802286,12166,19685,41,0.030520,6.403124,1100,-890,130,-1570
6.5378,45.0,209.802286,12166,19685,41,0.030520,6.403124,-1570,470,-680,1440
6.5378,45.0,209.802286,12166,19685,41,0.030520,6.403124,1570,-130,890,-1100
6.5378,45.0,209.802286,12166,19685,41,0.030520,6.403124,760,-970,-130,-1440
6.5378,45.0,209.802286,12166,19685,41,0.030520,6.403124,1440,130,970,-760
6.5378,45.0,209.802286,12166,19685,41,0.030520,6.403124,-760,-680,-890,-210
6.5378,45.0,209.802286,12166,19685,41,0.030520,6.403124,-210,970,470,1100
6.5378,45.0,209.802286,12166,19685,41,0.030520,6.403124,-1100,-470,-970,210
6.5378,45.0,209.802286,12166,19685,41,0.030520,6.403124,-1440,680,-470,1570
6.5378,45.0,210.095195,12200,19740,400,0.095195,20.000000,0,940,580,940
6.5378,45.0,210.095195,12200,19740,400,0.095195,20.000000,940,-940,0,-1520
6.5378,45.0,210.095195,12200,19740,400,0.095195,20.000000,-1520,580,-580,1520
6.5378,45.0,210.095195,12200,19740,400,0.095195,20.000000,1520,0,940,-940
6.5378,45.0,210.095195,12200,19740,400,0.095195,20.000000,-940,-580,-940,0
6.5378,45.0,210.095195,12200,19740,400,0.095195,20.000000,0,-940,-580,-940
6.5378,45.0,210.095195,12200,19740,400,0.095195,20.000000,1520,-580,580,-1520
6.5378,45.0,210.095195,12200,19740,400,0.095195,20.000000,-940,940,0,1520
6.5378,45.0,210.095195,12200,19740,400,0.095195,20.000000,-1520,0,-940,940
6.5378,45.0,210.095195,12200,19740,400,0.095195,20.000000,940,580,940,0
6.5378,45.0,210.860114,12289,19884,541,0.110307,23.259407,1230,370,990,-390
6.5378,45.0,210.860114,12289,19884,541,0.110307,23.259407,1600,-370,760,-1360
6.5378,45.0,210.860114,12289,19884,541,0.110307,23.259407,-1230,840,-240,1600
6.5378,45.0,210.860114,12289,19884,541,0.110307,23.259407,-390,-840,-760,-600
6.5378,45.0,210.860114,12289,19884,541,0.110307,23.259407,-600,990,240,1360
6.5378,45.0,210.860114,12289,19884,541,0.110307,23.259407,390,-990,-370,-1230
6.5378,45.0,210.860114,12289,19884,541,0.110307,23.259407,600,760,840,390
6.5378,45.0,210.860114,12289,19884,541,0.110307,23.259407,1360,-760,370,-1600
6.5378,45.0,210.860114,12289,19884,541,0.110307,23.259407,-1360,-240,-990,600
6.5378,45.0,210.860114,12289,19884,541,0.110307,23.259407,-1600,240,-840,1230
6.5378,45.0,212.849681,12522,20261,605,0.115559,24.596748,1440,160,990,-730
6.5378,45.0,212.849681,12522,20261,605,0.115559,24.596748,1600,-160,890,-1150
6.5378,45.0,212.849681,12522,20261,605,0.115559,24.596748,-1440,710,-450,1600
6.5378,45.0,212.849681,12522,20261,605,0.115559,24.596748,-730,-710,-890,-260
6.5378,45.0,212.849681,12522,20261,605,0.115559,24.596748,-260,990,450,1150
6.5378,45.0,212.849681,12522,20261,605,0.115559,24.596748,730,-990,-160,-1440
6.5378,45.0,212.849681,12522,20261,605,0.115559,24.596748,260,890,710,730
6.5378,45.0,212.849681,12522,20261,605,0.115559,24.596748,1150,-890,160,-1600
6.5378,45.0,212.849681,12522,20261,605,0.115559,24.596748,-1150,-450,-990,260
6.5378,45.0,212.849681,12522,20261,605,0.115559,24.596748,-1600,450,-710,1440
6.5378,45.0,216.949297,13009,21049,121,0.050703,11.000000,1360,290,1020,-550
6.5378,45.0,216.949297,13009,21049,121,0.050703,11.000000,1650,-290,840,-1310
6.5378,45.0,216.949297,13009,21049,121,0.050703,11.000000,-1360,810,-340,1650
6.5378,45.0,216.949297,13009,21049,121,0.050703,11.000000,-550,-810,-840,-470
6.5378,45.0,216.949297,13009,21049,121,0.050703,11.000000,-470,1020,340,1310
6.5378,45.0,216.949297,13009,21049,121,0.050703,11.000000,550,-1020,-290,-1360
6.5378,45.0,216.949297,13009,21049,121,0.050703,11.000000,470,840,810,550
6.5378,45.0,216.949297,13009,21049,121,0.050703,11.000000,1310,-840,290,-1650
6.5378,45.0,216.949297,13009,21049,121,0.050703,11.000000,-1310,-340,-1020,470
6.5378,45.0,216.949297,13009,21049,121,0.050703,11.000000,-1650,340,-810,1360
6.5378,45.0,216.949297,13009,21049,121,0.050703,11.000000,0,-970,-600,-970
6.5378,45.0,216.949297,13009,21049,121,0.050703,11.000000,1570,-600,600,-1570
6.5378,45.0,216.949297,13009,21049,121,0.050703,11.000000,-970,970,0,1570
6.5378,45.0,216.949297,13009,21049,121,0.050703,11.000000,-1570,0,-970,970
6.5378,45.0,216.949297,13009,21049,121,0.050703,11.000000,970,600,970,0
6.5378,45.0,217.232570,13043,21104,505,0.103448,22.472205,1390,260,1020,-600
6.5378,45.0,217.232570,13043,21104,505,0.103448,22.472205,1650,-260,860,-1280
6.5378,45.0,217.232570,13043,21104,505,0.103448,22.472205,-1390,790,-370,1650
6.5378,45.0,217.232570,13043,21104,505,0.103448,22.472205,-600,-790,-860,-420
6.5378,45.0,217.232570,13043,21104,505,0.103448,22.472205,-420,1020,370,1280
6.5378,45.0,217.232570,13043,21104,505,0.103448,22.472205,600,-1020,-260,-1390
6.5378,45.0,217.232570,13043,21104,505,0.103448,22.472205,420,860,790,600
6.5378,45.0,217.232570,13043,21104,505,0.103448,22.472205,1280,-860,260,-1650
6.5378,45.0,217.232570,13043,21104,505,0.103448,22.472205,-1280,-370,-1020,420
6.5378,45.0,217.232570,13043,21104,505,0.103448,22.472205,-1650,370,-790,1390
6.5378,45.0,217.972444,13132,21248,656,0.117503,25.612497,1100,520,1000,-160
6.5378,45.0,217.972444,13132,21248,656,0.117503,25.612497,1620,-520,680,-1520
6.5378,45.0,217.972444,13132,21248,656,0.117503,25.612497,-1100,940,-100,1620
6.5378,45.0,217.972444,13132,21248,656,0.117503,25.612497,-160,-940,-680,-840
6.5378,45.0,217.972444,13132,21248,656,0.117503,25.612497,-840,1000,100,1520
6.5378,45.0,217.972444,13132,21248,656,0.117503,25.612497,160,-1000,-520,-1100
6.5378,45.0,217.972444,13132,21248,656,0.117503,25.612497,840,680,940,160
6.5378,45.0,217.972444,13132,21248,656,0.117503,25.612497,1520,-680,520,-1620
6.5378,45.0,217.972444,13132,21248,656,0.117503,25.612497,-1520,-100,-1000,840
6.5378,45.0,217.972444,13132,21248,656,0.117503,25.612497,-1620,100,-940,1100
6.5378,45.0,219.617834,13331,21570,331,0.082841,18.193405,1180,470,1020,-260
6.5378,45.0,219.617834,13331,21570,331,0.082841,18.193405,1650,-470,730,-1490
6.5378,45.0,219.617834,13331,21570,331,0.082841,18.193405,-1180,920,-160,1650
6.5378,45.0,219.617834,13331,21570,331,0.082841,18.193405,-260,-920,-730,-760
6.5378,45.0,219.617834,13331,21570,331,0.082841,18.193405,-760,1020,160,1490
6.5378,45.0,219.617834,13331,21570,331,0.082841,18.193405,260,-1020,-470,-1180
6.5378,45.0,219.617834,13331,21570,331,0.082841,18.193405,760,730,920,260
6.5378,45.0,219.617834,13331,21570,331,0.082841,18.193405,1490,-730,470,-1650
6.5378,45.0,219.617834,13331,21570,331,0.082841,18.193405,-1490,-160,-1020,760
6.5378,45.0,219.617834,13331,21570,331,0.082841,18.193405,-1650,160,-920,1180
6.5378,45.0,223.147931,13763,22269,55,0.033234,7.416198,130,970,680,890
6.5378,45.0,223.147931,13763,22269,55,0.033234,7.416198,1100,-970,80,-1650
6.5378,45.0,223.147931,13763,22269,55,0.033234,7.416198,-1650,550,-680,1570
6.5378,45.0,223.147931,13763,22269,55,0.033234,7.416198,1650,-80,970,-1100
6.5378,45.0,223.147931,13763,22269,55,0.033234,7.416198,890,-1020,-80,-1570
6.5378,45.0,223.147931,13763,22269,55,0.033234,7.416198,1570,80,1020,-890
6.5378,45.0,223.147931,13763,22269,55,0.033234,7.416198,-890,-680,-970,-130
6.5378,45.0,223.147931,13763,22269,55,0.033234,7.416198,-130,1020,550,1100
6.5378,45.0,223.147931,13763,22269,55,0.033234,7.416198,-1100,-550,-1020,130
6.5378,45.0,223.147931,13763,22269,55,0.033234,7.416198,-1570,680,-550,1650
6.5378,45.0,223.147931,13763,22269,55,0.033234,7.416198,1100,550,1020,-130
6.5378,45.0,223.147931,13763,22269,55,0.033234,7.416198,1650,-550,680,-1570
6.5378,45.0,223.147931,13763,22269,55,0.033234,7.416198,-1100,970,-80,1650
6.5378,45.0,223.147931,13763,22269,55,0.033234,7.416198,-130,-970,-680,-890
6.5378,45.0,223.147931,13763,22269,55,0.033234,7.416198,-890,1020,80,1570
6.5378,45.0,223.147931,13763,22269,55,0.033234,7.416198,130,-1020,-550,-1100
6.5378,45.0,223.147931,13763,22269,55,0.033234,7.416198,890,680,970,130
6.5378,45.0,223.147931,13763,22269,55,0.033234,7.416198,1570,-680,550,-1650
6.5378,45.0,223.147931,13763,22269,55,0.033234,7.416198,-1570,-80,-1020,890
6.5378,45.0,223.147931,13763,22269,55,0.033234,7.416198,-1650,80,-970,1100
6.5378,45.0,223.868255,13852,22413,211,0.064886,14.525839,1310,390,1050,-420
6.5378,45.0,223.868255,13852,22413,211,0.064886,14.525839,1700,-390,810,-1440
6.5378,45.0,223.868255,13852,22413,211,0.064886,14.525839,-1310,890,-260,1700
6.5378,45.0,223.868255,13852,22413,211,0.064886,14.525839,-420,-890,-810,-630
6.5378,45.0,223.868255,13852,22413,211,0.064886,14.525839,-630,1050,260,1440
6.5378,45.0,223.868255,13852,22413,211,0.064886,14.525839,420,-1050,-390,-1310
6.5378,45.0,223.868255,13852,22413,211,0.064886,14.525839,630,810,890,420
6.5378,45.0,223.868255,13852,22413,211,0.064886,14.525839,1440,-810,390,-1700
6.5378,45.0,223.868255,13852,22413,211,0.064886,14.525839,-1440,-260,-1050,630
6.5378,45.0,223.868255,13852,22413,211,0.064886,14.525839,-1700,260,-890,1310
6.5378,45.0,224.859922,13975,22612,781,0.124283,27.946377,-80,-990,-660,-940
6.5378,45.0,224.859922,13975,22612,781,0.124283,27.946377,80,-1020,-580,-1070
6.5378,45.0,224.859922,13975,22612,781,0.124283,27.946377,1600,-660,580,-1650
6.5378,45.0,224.859922,13975,22612,781,0.124283,27.946377,1650,-580,660,-1600
6.5378,45.0,224.859922,13975,22612,781,0.124283,27.946377,-940,1020,50,1600
6.5378,45.0,224.859922,13975,22612,781,0.124283,27.946377,-1070,990,-50,1650
6.5378,45.0,224.859922,13975,22612,781,0.124283,27.946377,-1650,50,-990,1070
6.5378,45.0,224.859922,13975,22612,781,0.124283,27.946377,-1600,-50,-1020,940
6.5378,45.0,224.859922,13975,22612,781,0.124283,27.946377,940,660,990,80
6.5378,45.0,224.859922,13975,22612,781,0.124283,27.946377,1070,580,1020,-80
6.5378,45.0,225.743205,14085,22790,275,0.073460,16.583124,1520,180,1050,-760
6.5378,45.0,225.743205,14085,22790,275,0.073460,16.583124,1700,-180,940,-1230
6.5378,45.0,225.743205,14085,22790,275,0.073460,16.583124,-1520,760,-470,1700
6.5378,45.0,225.743205,14085,22790,275,0.073460,16.583124,-760,-760,-940,-290
6.5378,45.0,225.743205,14085,22790,275,0.073460,16.583124,-290,1050,470,1230
6.5378,45.0,225.743205,14085,22790,275,0.073460,16.583124,760,-1050,-180,-1520
6.5378,45.0,225.743205,14085,22790,275,0.073460,16.583124,290,940,760,760
6.5378,45.0,225.743205,14085,22790,275,0.073460,16.583124,1230,-940,180,-1700
6.5378,45.0,225.743205,14085,22790,275,0.073460,16.583124,-1230,-470,-1050,290
6.5378,45.0,225.743205,14085,22790,275,0.073460,16.583124,-1700,470,-760,1520
6.5378,45.0,225.743205,14085,22790,275,0.073460,16.583124,1230,470,1050,-290
6.5378,45.0,225.743205,14085,22790,275,0.073460,16.583124,1700,-470,760,-1520
6.5378,45.0,225.743205,14085,22790,275,0.073460,16.583124,-1230,940,-180,1700
6.5378,45.0,225.743205,14085,22790,275,0.073460,16.583124,-290,-940,-760,-760
6.5378,45.0,225.743205,14085,22790,275,0.073460,16.583124,-760,1050,180,1520
6.5378,45.0,225.743205,14085,22790,275,0.073460,16.583124,290,-1050,-470,-1230
6.5378,45.0,225.743205,14085,22790,275,0.073460,16.583124,760,760,940,290
6.5378,45.0,225.743205,14085,22790,275,0.073460,16.583124,1520,-760,470,-1700
6.5378,45.0,225.743205,14085,22790,275,0.073460,16.583124,-1520,-180,-1050,760
6.5378,45.0,225.743205,14085,22790,275,0.073460,16.583124,-1700,180,-940,1230
6.5378,45.0,227.435662,14297,23133,1021,0.140493,31.953091,1390,340,1070,-520
6.5378,45.0,227.435662,14297,23133,1021,0.140493,31.953091,1730,-340,860,-1410
6.5378,45.0,227.435662,14297,23133,1021,0.140493,31.953091,-1390,870,-320,1730
6.5378,45.0,227.435662,14297,23133,1021,0.140493,31.953091,-520,-870,-860,-550
6.5378,45.0,227.435662,14297,23133,1021,0.140493,31.953091,-550,1070,320,1410
6.5378,45.0,227.435662,14297,23133,1021,0.140493,31.953091,520,-1070,-340,-1390
6.5378,45.0,227.435662,14297,23133,1021,0.140493,31.953091,550,860,870,520
6.5378,45.0,227.435662,14297,23133,1021,0.140493,31.953091,1410,-860,340,-1730
6.5378,45.0,227.435662,14297,23133,1021,0.140493,31.953091,-1410,-320,-1070,550
6.5378,45.0,227.435662,14297,23133,1021,0.140493,31.953091,-1730,320,-870,1390
6.5378,45.0,228.039467,14373,23256,81,0.039467,9.000000,0,1020,630,1020
6.5378,45.0,228.039467,14373,23256,81,0.039467,9.000000,1020,-1020,0,-1650
6.5378,45.0,228.039467,14373,23256,81,0.039467,9.000000,-1650,630,-630,1650
6.5378,45.0,228.039467,14373,23256,81,0.039467,9.000000,1650,0,1020,-1020
6.5378,45.0,228.039467,14373,23256,81,0.039467,9.000000,-1020,-630,-1020,0
6.5378,45.0,228.308980,14407,23311,505,0.098429,22.472205,1490,240,1070,-680
6.5378,45.0,228.308980,14407,23311,505,0.098429,22.472205,1730,-240,920,-1310
6.5378,45.0,228.308980,14407,23311,505,0.098429,22.472205,-1490,810,-420,1730
6.5378,45.0,228.308980,14407,23311,505,0.098429,22.472205,-680,-810,-920,-390
6.5378,45.0,228.308980,14407,23311,505,0.098429,22.472205,-390,1070,420,1310
6.5378,45.0,228.308980,14407,23311,505,0.098429,22.472205,680,-1070,-240,-1490
6.5378,45.0,228.308980,14407,23311,505,0.098429,22.472205,390,920,810,680
6.5378,45.0,228.308980,14407,23311,505,0.098429,22.472205,1310,-920,240,-1730
6.5378,45.0,228.308980,14407,23311,505,0.098429,22.472205,-1310,-420,-1070,390
6.5378,45.0,228.308980,14407,23311,505,0.098429,22.472205,-1730,420,-810,1490
6.5378,45.0,228.308980,14407,23311,505,0.098429,22.472205,1310,420,1070,-390
6.5378,45.0,228.308980,14407,23311,505,0.098429,22.472205,1730,-420,810,-1490
6.5378,45.0,228.308980,14407,23311,505,0.098429,22.472205,-1310,920,-240,1730
6.5378,45.0,228.308980,14407,23311,505,0.098429,22.472205,-390,-920,-810,-680
6.5378,45.0,228.308980,14407,23311,505,0.098429,22.472205,-680,1070,240,1490
6.5378,45.0,228.308980,14407,23311,505,0.098429,22.472205,390,-1070,-420,-1310
6.5378,45.0,228.308980,14407,23311,505,0.098429,22.472205,680,810,920,390
6.5378,45.0,228.308980,14407,23311,505,0.098429,22.472205,1490,-810,420,-1730
6.5378,45.0,228.308980,14407,23311,505,0.098429,22.472205,-1490,-240,-1070,680
6.5378,45.0,228.308980,14407,23311,505,0.098429,22.472205,-1730,240,-920,1310
6.5378,45.0,229.013072,14496,23455,671,0.113110,25.903668,160,990,710,890
6.5378,45.0,229.013072,14496,23455,671,0.113110,25.903668,1150,-990,100,-1700
6.5378,45.0,229.013072,14496,23455,671,0.113110,25.903668,-1700,550,-710,1600
6.5378,45.0,229.013072,14496,23455,671,0.113110,25.903668,1700,-100,990,-1150
6.5378,45.0,229.013072,14496,23455,671,0.113110,25.903668,890,-1050,-100,-1600
6.5378,45.0,229.013072,14496,23455,671,0.113110,25.903668,1600,100,1050,-890
6.5378,45.0,229.013072,14496,23455,671,0.113110,25.903668,-890,-710,-990,-160
6.5378,45.0,229.013072,14496,23455,671,0.113110,25.903668,-160,1050,550,1150
6.5378,45.0,229.013072,14496,23455,671,0.113110,25.903668,-1150,-550,-1050,160
6.5378,45.0,229.013072,14496,23455,671,0.113110,25.903668,-1600,710,-550,1700
6.5378,45.0,229.013072,14496,23455,671,0.113110,25.903668,1280,450,1070,-340
6.5378,45.0,229.013072,14496,23455,671,0.113110,25.903668,1730,-450,790,-1520
6.5378,45.0,229.013072,14496,23455,671,0.113110,25.903668,-1280,940,-210,1730
6.5378,45.0,229.013072,14496,23455,671,0.113110,25.903668,-340,-940,-790,-730
6.5378,45.0,229.013072,14496,23455,671,0.113110,25.903668,-730,1070,210,1520
6.5378,45.0,229.013072,14496,23455,671,0.113110,25.903668,340,-1070,-450,-1280
6.5378,45.0,229.013072,14496,23455,671,0.113110,25.903668,730,790,940,340
6.5378,45.0,229.013072,14496,23455,671,0.113110,25.903668,1520,-790,450,-1730
6.5378,45.0,229.013072,14496,23455,671,0.113110,25.903668,-1520,-210,-1070,730
6.5378,45.0,229.013072,14496,23455,671,0.113110,25.903668,-1730,210,-940,1280
6.5378,45.0,230.579692,14695,23777,311,0.076482,17.635192,1570,160,1070,-810
6.5378,45.0,230.579692,14695,23777,311,0.076482,17.635192,1730,-160,970,-1230
6.5378,45.0,230.579692,14695,23777,311,0.076482,17.635192,-1570,760,-500,1730
6.5378,45.0,230.579692,14695,23777,311,0.076482,17.635192,-810,-760,-970,-260
6.5378,45.0,230.579692,14695,23777,311,0.076482,17.635192,-260,1070,500,1230
6.5378,45.0,230.579692,14695,23777,311,0.076482,17.635192,810,-1070,-160,-1570
6.5378,45.0,230.579692,14695,23777,311,0.076482,17.635192,260,970,760,810
6.5378,45.0,230.579692,14695,23777,311,0.076482,17.635192,1230,-970,160,-1730
6.5378,45.0,230.579692,14695,23777,311,0.076482,17.635192,-1230,-500,-1070,260
6.5378,45.0,230.579692,14695,23777,311,0.076482,17.635192,-1730,500,-760,1570
6.5378,45.0,233.944438,15127,24476,5,0.009558,2.236068,1440,340,1100,-550
6.5378,45.0,233.944438,15127,24476,5,0.009558,2.236068,1780,-340,890,-1440
6.5378,45.0,233.944438,15127,24476,5,0.009558,2.236068,-1440,890,-340,1780
6.5378,45.0,233.944438,15127,24476,5,0.009558,2.236068,-550,-890,-890,-550
6.5378,45.0,233.944438,15127,24476,5,0.009558,2.236068,-550,1100,340,1440
6.5378,45.0,233.944438,15127,24476,5,0.009558,2.236068,550,-1100,-340,-1440
6.5378,45.0,233.944438,15127,24476,5,0.009558,2.236068,550,890,890,550
6.5378,45.0,233.944438,15127,24476,5,0.009558,2.236068,1440,-890,340,-1780
6.5378,45.0,233.944438,15127,24476,5,0.009558,2.236068,-1440,-340,-1100,550
6.5378,45.0,233.944438,15127,24476,5,0.009558,2.236068,-1780,340,-890,1440
6.5378,45.0,234.631619,15216,24620,176,0.056542,13.266499,1520,260,1100,-680
6.5378,45.0,234.631619,15216,24620,176,0.056542,13.266499,1780,-260,940,-1360
6.5378,45.0,234.631619,15216,24620,176,0.056542,13.266499,-1520,840,-420,1780
6.5378,45.0,234.631619,15216,24620,176,0.056542,13.266499,-680,-840,-940,-420
6.5378,45.0,234.631619,15216,24620,176,0.056542,13.266499,-420,1100,420,1360
6.5378,45.0,234.631619,15216,24620,176,0.056542,13.266499,680,-1100,-260,-1520
6.5378,45.0,234.631619,15216,24620,176,0.056542,13.266499,420,940,840,680
6.5378,45.0,234.631619,15216,24620,176,0.056542,13.266499,1360,-940,260,-1780
6.5378,45.0,234.631619,15216,24620,176,0.056542,13.266499,-1360,-420,-1100,420
6.5378,45.0,234.631619,15216,24620,176,0.056542,13.266499,-1780,420,-840,1520
6.5378,45.0,234.893569,15250,24675,625,0.106431,25.000000,0,1050,650,1050
6.5378,45.0,234.893569,15250,24675,625,0.106431,25.000000,1050,-1050,0,-1700
6.5378,45.0,234.893569,15250,24675,625,0.106431,25.000000,-1700,650,-650,1700
6.5378,45.0,234.893569,15250,24675,625,0.106431,25.000000,1700,0,1050,-1050
6.5378,45.0,234.893569,15250,24675,625,0.106431,25.000000,-1050,-650,-1050,0
6.5378,45.0,237.101228,15538,25141,421,0.086538,20.518285,-50,-1050,-680,-1020
6.5378,45.0,237.101228,15538,25141,421,0.086538,20.518285,50,-1070,-630,-1100
6.5378,45.0,237.101228,15538,25141,421,0.086538,20.518285,1700,-680,630,-1730
6.5378,45.0,237.101228,15538,25141,421,0.086538,20.518285,1730,-630,680,-1700
6.5378,45.0,237.101228,15538,25141,421,0.086538,20.518285,-1020,1070,30,1700
6.5378,45.0,237.101228,15538,25141,421,0.086538,20.518285,-1100,1050,-30,1730
6.5378,45.0,237.101228,15538,25141,421,0.086538,20.518285,-1730,30,-1050,1100
6.5378,45.0,237.101228,15538,25141,421,0.086538,20.518285,-1700,-30,-1070,1020
6.5378,45.0,237.101228,15538,25141,421,0.086538,20.518285,1020,680,1050,50
6.5378,45.0,237.101228,15538,25141,421,0.086538,20.518285,1100,630,1070,-50
6.5378,45.0,238.037773,15661,25340,1061,0.136840,32.572995,1490,320,1120,-600
6.5378,45.0,238.037773,15661,25340,1061,0.136840,32.572995,1810,-320,920,-1440
6.5378,45.0,238.037773,15661,25340,1061,0.136840,32.572995,-1490,890,-370,1810
6.5378,45.0,238.037773,15661,25340,1061,0.136840,32.572995,-600,-890,-920,-520
6.5378,45.0,238.037773,15661,25340,1061,0.136840,32.572995,-520,1120,370,1440
6.5378,45.0,238.037773,15661,25340,1061,0.136840,32.572995,600,-1120,-320,-1490
6.5378,45.0,238.037773,15661,25340,1061,0.136840,32.572995,520,920,890,600
6.5378,45.0,238.037773,15661,25340,1061,0.136840,32.572995,1440,-920,320,-1810
6.5378,45.0,238.037773,15661,25340,1061,0.136840,32.572995,-1440,-370,-1120,520
6.5378,45.0,238.037773,15661,25340,1061,0.136840,32.572995,-1810,370,-890,1490
6.5378,45.0,238.614751,15737,25463,31,0.023334,5.567764,1230,550,1100,-210
6.5378,45.0,238.614751,15737,25463,31,0.023334,5.567764,1780,-550,760,-1650
6.5378,45.0,238.614751,15737,25463,31,0.023334,5.567764,-1230,1020,-130,1780
6.5378,45.0,238.614751,15737,25463,31,0.023334,5.567764,-210,-1020,-760,-890
6.5378,45.0,238.614751,15737,25463,31,0.023334,5.567764,-890,1100,130,1650
6.5378,45.0,238.614751,15737,25463,31,0.023334,5.567764,210,-1100,-550,-1230
6.5378,45.0,238.614751,15737,25463,31,0.023334,5.567764,890,760,1020,210
6.5378,45.0,238.614751,15737,25463,31,0.023334,5.567764,1650,-760,550,-1780
6.5378,45.0,238.614751,15737,25463,31,0.023334,5.567764,-1650,-130,-1100,890
6.5378,45.0,238.614751,15737,25463,31,0.023334,5.567764,-1780,130,-1020,1230
6.5378,45.0,241.043554,16059,25984,281,0.069544,16.763055,130,1050,730,970
6.5378,45.0,241.043554,16059,25984,281,0.069544,16.763055,1180,-1050,80,-1780
6.5378,45.0,241.043554,16059,25984,281,0.069544,16.763055,-1780,600,-730,1700
6.5378,45.0,241.043554,16059,25984,281,0.069544,16.763055,1780,-80,1050,-1180
6.5378,45.0,241.043554,16059,25984,281,0.069544,16.763055,970,-1100,-80,-1700
6.5378,45.0,241.043554,16059,25984,281,0.069544,16.763055,1700,80,1100,-970
6.5378,45.0,241.043554,16059,25984,281,0.069544,16.763055,-970,-730,-1050,-130
6.5378,45.0,241.043554,16059,25984,281,0.069544,16.763055,-130,1100,600,1180
6.5378,45.0,241.043554,16059,25984,281,0.069544,16.763055,-1180,-600,-1100,130
6.5378,45.0,241.043554,16059,25984,281,0.069544,16.763055,-1700,730,-600,1780
6.5378,45.0,242.785902,16292,26361,355,0.077605,18.841444,80,1070,710,1020
6.5378,45.0,242.785902,16292,26361,355,0.077605,18.841444,-80,1100,630,1150
6.5378,45.0,242.785902,16292,26361,355,0.077605,18.841444,1020,-1100,-50,-1730
6.5378,45.0,242.785902,16292,26361,355,0.077605,18.841444,1150,-1070,50,-1780
6.5378,45.0,242.785902,16292,26361,355,0.077605,18.841444,-1780,630,-710,1730
6.5378,45.0,242.785902,16292,26361,355,0.077605,18.841444,-1730,710,-630,1780
6.5378,45.0,242.785902,16292,26361,355,0.077605,18.841444,1780,-50,1070,-1150
6.5378,45.0,242.785902,16292,26361,355,0.077605,18.841444,1730,50,1100,-1020
6.5378,45.0,242.785902,16292,26361,355,0.077605,18.841444,-1020,-710,-1070,-80
6.5378,45.0,242.785902,16292,26361,355,0.077605,18.841444,-1150,-630,-1100,80
6.5378,45.0,242.785902,16292,26361,355,0.077605,18.841444,-80,-1070,-710,-1020
6.5378,45.0,242.785902,16292,26361,355,0.077605,18.841444,80,-1100,-630,-1150
6.5378,45.0,242.785902,16292,26361,355,0.077605,18.841444,1730,-710,630,-1780
6.5378,45.0,242.785902,16292,26361,355,0.077605,18.841444,1780,-630,710,-1730
6.5378,45.0,242.785902,16292,26361,355,0.077605,18.841444,-1020,1100,50,1730
6.5378,45.0,242.785902,16292,26361,355,0.077605,18.841444,-1150,1070,-50,1780
6.5378,45.0,242.785902,16292,26361,355,0.077605,18.841444,-1780,50,-1070,1150
6.5378,45.0,242.785902,16292,26361,355,0.077605,18.841444,-1730,-50,-1100,1020
6.5378,45.0,242.785902,16292,26361,355,0.077605,18.841444,1020,710,1070,80
6.5378,45.0,242.785902,16292,26361,355,0.077605,18.841444,1150,630,1100,-80
6.5378,45.0,243.448128,16381,26505,541,0.095542,23.259407,1650,180,1130,-840
6.5378,45.0,243.448128,16381,26505,541,0.095542,23.259407,1830,-180,1020,-1310
6.5378,45.0,243.448128,16381,26505,541,0.095542,23.259407,-1650,810,-520,1830
6.5378,45.0,243.448128,16381,26505,541,0.095542,23.259407,-840,-810,-1020,-290
6.5378,45.0,243.448128,16381,26505,541,0.095542,23.259407,-290,1130,520,1310
6.5378,45.0,243.448128,16381,26505,541,0.095542,23.259407,840,-1130,-180,-1650
6.5378,45.0,243.448128,16381,26505,541,0.095542,23.259407,290,1020,810,840
6.5378,45.0,243.448128,16381,26505,541,0.095542,23.259407,1310,-1020,180,-1830
6.5378,45.0,243.448128,16381,26505,541,0.095542,23.259407,-1310,-520,-1130,290
6.5378,45.0,243.448128,16381,26505,541,0.095542,23.259407,-1830,520,-810,1650
6.5378,45.0,244.922432,16580,26827,131,0.046731,11.445523,1440,420,1150,-470
6.5378,45.0,244.922432,16580,26827,131,0.046731,11.445523,1860,-420,890,-1570
6.5378,45.0,244.922432,16580,26827,131,0.046731,11.445523,-1440,970,-290,1860
6.5378,45.0,244.922432,16580,26827,131,0.046731,11.445523,-470,-970,-890,-680
6.5378,45.0,244.922432,16580,26827,131,0.046731,11.445523,-680,1150,290,1570
6.5378,45.0,244.922432,16580,26827,131,0.046731,11.445523,470,-1150,-420,-1440
6.5378,45.0,244.922432,16580,26827,131,0.046731,11.445523,680,890,970,470
6.5378,45.0,244.922432,16580,26827,131,0.046731,11.445523,1570,-890,420,-1860
6.5378,45.0,244.922432,16580,26827,131,0.046731,11.445523,-1570,-290,-1150,680
6.5378,45.0,244.922432,16580,26827,131,0.046731,11.445523,-1860,290,-970,1440
6.5378,45.0,245.829182,16703,27026,811,0.115845,28.478062,1620,240,1150,-760
6.5378,45.0,245.829182,16703,27026,811,0.115845,28.478062,1860,-240,1000,-1390
6.5378,45.0,245.829182,16703,27026,811,0.115845,28.478062,-1620,860,-470,1860
6.5378,45.0,245.829182,16703,27026,811,0.115845,28.478062,-760,-860,-1000,-390
6.5378,45.0,245.829182,16703,27026,811,0.115845,28.478062,-390,1150,470,1390
6.5378,45.0,245.829182,16703,27026,811,0.115845,28.478062,760,-1150,-240,-1620
6.5378,45.0,245.829182,16703,27026,811,0.115845,28.478062,390,1000,860,760
6.5378,45.0,245.829182,16703,27026,811,0.115845,28.478062,1390,-1000,240,-1860
6.5378,45.0,245.829182,16703,27026,811,0.115845,28.478062,-1390,-470,-1150,390
6.5378,45.0,245.829182,16703,27026,811,0.115845,28.478062,-1860,470,-860,1620
6.5378,45.0,246.637379,16813,27204,205,0.058052,14.317821,1650,210,1150,-810
6.5378,45.0,246.637379,16813,27204,205,0.058052,14.317821,1860,-210,1020,-1360
6.5378,45.0,246.637379,16813,27204,205,0.058052,14.317821,-1650,840,-500,1860
6.5378,45.0,246.637379,16813,27204,205,0.058052,14.317821,-810,-840,-1020,-340
6.5378,45.0,246.637379,16813,27204,205,0.058052,14.317821,-340,1150,500,1360
6.5378,45.0,246.637379,16813,27204,205,0.058052,14.317821,810,-1150,-210,-1650
6.5378,45.0,246.637379,16813,27204,205,0.058052,14.317821,340,1020,840,810
6.5378,45.0,246.637379,16813,27204,205,0.058052,14.317821,1360,-1020,210,-1860
6.5378,45.0,246.637379,16813,27204,205,0.058052,14.317821,-1360,-500,-1150,340
6.5378,45.0,246.637379,16813,27204,205,0.058052,14.317821,-1860,500,-840,1650
6.5378,45.0,246.637379,16813,27204,205,0.058052,14.317821,1360,500,1150,-340
6.5378,45.0,246.637379,16813,27204,205,0.058052,14.317821,1860,-500,840,-1650
6.5378,45.0,246.637379,16813,27204,205,0.058052,14.317821,-1360,1020,-210,1860
6.5378,45.0,246.637379,16813,27204,205,0.058052,14.317821,-340,-1020,-840,-810
6.5378,45.0,246.637379,16813,27204,205,0.058052,14.317821,-810,1150,210,1650
6.5378,45.0,246.637379,16813,27204,205,0.058052,14.317821,340,-1150,-500,-1360
6.5378,45.0,246.637379,16813,27204,205,0.058052,14.317821,810,840,1020,340
6.5378,45.0,246.637379,16813,27204,205,0.058052,14.317821,1650,-840,500,-1860
6.5378,45.0,246.637379,16813,27204,205,0.058052,14.317821,-1650,-210,-1150,810
6.5378,45.0,246.637379,16813,27204,205,0.058052,14.317821,-1860,210,-1020,1360
6.5378,45.0,249.633710,17224,27869,671,0.103767,25.903668,210,1070,790,940
6.5378,45.0,249.633710,17224,27869,671,0.103767,25.903668,1280,-1070,130,-1860
6.5378,45.0,249.633710,17224,27869,671,0.103767,25.903668,-1860,580,-790,1730
6.5378,45.0,249.633710,17224,27869,671,0.103767,25.903668,1860,-130,1070,-1280
6.5378,45.0,249.633710,17224,27869,671,0.103767,25.903668,940,-1150,-130,-1730
6.5378,45.0,249.633710,17224,27869,671,0.103767,25.903668,1730,130,1150,-940
6.5378,45.0,249.633710,17224,27869,671,0.103767,25.903668,-940,-790,-1070,-210
6.5378,45.0,249.633710,17224,27869,671,0.103767,25.903668,-210,1150,580,1280
6.5378,45.0,249.633710,17224,27869,671,0.103767,25.903668,-1280,-580,-1150,210
6.5378,45.0,249.633710,17224,27869,671,0.103767,25.903668,-1730,790,-580,1860
6.5378,45.0,249.633710,17224,27869,671,0.103767,25.903668,-80,-1100,-730,-1050
6.5378,45.0,249.633710,17224,27869,671,0.103767,25.903668,80,-1130,-650,-1180
6.5378,45.0,249.633710,17224,27869,671,0.103767,25.903668,1780,-730,650,-1830
6.5378,45.0,249.633710,17224,27869,671,0.103767,25.903668,1830,-650,730,-1780
6.5378,45.0,249.633710,17224,27869,671,0.103767,25.903668,-1050,1130,50,1780
6.5378,45.0,249.633710,17224,27869,671,0.103767,25.903668,-1180,1100,-50,1830
6.5378,45.0,249.633710,17224,27869,671,0.103767,25.903668,-1830,50,-1100,1180
6.5378,45.0,249.633710,17224,27869,671,0.103767,25.903668,-1780,-50,-1130,1050
6.5378,45.0,249.633710,17224,27869,671,0.103767,25.903668,1050,730,1100,80
6.5378,45.0,249.633710,17224,27869,671,0.103767,25.903668,1180,650,1130,-80
6.5378,45.0,251.071695,17423,28191,241,0.061832,15.524175,1570,340,1180,-630
6.5378,45.0,251.071695,17423,28191,241,0.061832,15.524175,1910,-340,970,-1520
6.5378,45.0,251.071695,17423,28191,241,0.061832,15.524175,-1570,940,-390,1910
6.5378,45.0,251.071695,17423,28191,241,0.061832,15.524175,-630,-940,-970,-550
6.5378,45.0,251.071695,17423,28191,241,0.061832,15.524175,-550,1180,390,1520
6.5378,45.0,251.071695,17423,28191,241,0.061832,15.524175,630,-1180,-340,-1570
6.5378,45.0,251.071695,17423,28191,241,0.061832,15.524175,550,970,940,630
6.5378,45.0,251.071695,17423,28191,241,0.061832,15.524175,1520,-970,340,-1910
6.5378,45.0,251.071695,17423,28191,241,0.061832,15.524175,-1520,-390,-1180,550
6.5378,45.0,251.071695,17423,28191,241,0.061832,15.524175,-1910,390,-940,1570
6.5378,45.0,253.381120,17745,28712,521,0.090083,22.825424,1390,520,1180,-340
6.5378,45.0,253.381120,17745,28712,521,0.090083,22.825424,1910,-520,860,-1700
6.5378,45.0,253.381120,17745,28712,521,0.090083,22.825424,-1390,1050,-210,1910
6.5378,45.0,253.381120,17745,28712,521,0.090083,22.825424,-340,-1050,-860,-840
6.5378,45.0,253.381120,17745,28712,521,0.090083,22.825424,-840,1180,210,1700
6.5378,45.0,253.381120,17745,28712,521,0.090083,22.825424,340,-1180,-520,-1390
6.5378,45.0,253.381120,17745,28712,521,0.090083,22.825424,840,860,1050,340
6.5378,45.0,253.381120,17745,28712,521,0.090083,22.825424,1700,-860,520,-1910
6.5378,45.0,253.381120,17745,28712,521,0.090083,22.825424,-1700,-210,-1180,840
6.5378,45.0,253.381120,17745,28712,521,0.090083,22.825424,-1910,210,-1050,1390
6.5378,45.0,255.039194,17978,29089,605,0.096443,24.596748,1570,370,1200,-600
6.5378,45.0,255.039194,17978,29089,605,0.096443,24.596748,1940,-370,970,-1570
6.5378,45.0,255.039194,17978,29089,605,0.096443,24.596748,-1570,970,-370,1940
6.5378,45.0,255.039194,17978,29089,605,0.096443,24.596748,-600,-970,-970,-600
6.5378,45.0,255.039194,17978,29089,605,0.096443,24.596748,-600,1200,370,1570
6.5378,45.0,255.039194,17978,29089,605,0.096443,24.596748,600,-1200,-370,-1570
6.5378,45.0,255.039194,17978,29089,605,0.096443,24.596748,600,970,970,600
6.5378,45.0,255.039194,17978,29089,605,0.096443,24.596748,1570,-970,370,-1940
6.5378,45.0,255.039194,17978,29089,605,0.096443,24.596748,-1570,-370,-1200,600
6.5378,45.0,255.039194,17978,29089,605,0.096443,24.596748,-1940,370,-970,1570
6.5378,45.0,255.039194,17978,29089,605,0.096443,24.596748,50,1130,730,1100
6.5378,45.0,255.039194,17978,29089,605,0.096443,24.596748,-50,1150,680,1180
6.5378,45.0,255.039194,17978,29089,605,0.096443,24.596748,1100,-1150,-30,-1830
6.5378,45.0,255.039194,17978,29089,605,0.096443,24.596748,1180,-1130,30,-1860
6.5378,45.0,255.039194,17978,29089,605,0.096443,24.596748,-1860,680,-730,1830
6.5378,45.0,255.039194,17978,29089,605,0.096443,24.596748,-1830,730,-680,1860
6.5378,45.0,255.039194,17978,29089,605,0.096443,24.596748,1860,-30,1130,-1180
6.5378,45.0,255.039194,17978,29089,605,0.096443,24.596748,1830,30,1150,-1100
6.5378,45.0,255.039194,17978,29089,605,0.096443,24.596748,-1100,-730,-1130,-50
6.5378,45.0,255.039194,17978,29089,605,0.096443,24.596748,-1180,-680,-1150,50
6.5378,45.0,255.039194,17978,29089,605,0.096443,24.596748,-50,-1130,-730,-1100
6.5378,45.0,255.039194,17978,29089,605,0.096443,24.596748,50,-1150,-680,-1180
6.5378,45.0,255.039194,17978,29089,605,0.096443,24.596748,1830,-730,680,-1860
6.5378,45.0,255.039194,17978,29089,605,0.096443,24.596748,1860,-680,730,-1830
6.5378,45.0,255.039194,17978,29089,605,0.096443,24.596748,-1100,1150,30,1830
6.5378,45.0,255.039194,17978,29089,605,0.096443,24.596748,-1180,1130,-30,1860
6.5378,45.0,255.039194,17978,29089,605,0.096443,24.596748,-1860,30,-1130,1180
6.5378,45.0,255.039194,17978,29089,605,0.096443,24.596748,-1830,-30,-1150,1100
6.5378,45.0,255.039194,17978,29089,605,0.096443,24.596748,1100,730,1130,50
6.5378,45.0,255.039194,17978,29089,605,0.096443,24.596748,1180,680,1150,-50
6.5378,45.0,255.669685,18067,29233,811,0.111386,28.478062,1650,290,1200,-730
6.5378,45.0,255.669685,18067,29233,811,0.111386,28.478062,1940,-290,1020,-1490
6.5378,45.0,255.669685,18067,29233,811,0.111386,28.478062,-1650,920,-450,1940
6.5378,45.0,255.669685,18067,29233,811,0.111386,28.478062,-730,-920,-1020,-470
6.5378,45.0,255.669685,18067,29233,811,0.111386,28.478062,-470,1200,450,1490
6.5378,45.0,255.669685,18067,29233,811,0.111386,28.478062,730,-1200,-290,-1650
6.5378,45.0,255.669685,18067,29233,811,0.111386,28.478062,470,1020,920,730
6.5378,45.0,255.669685,18067,29233,811,0.111386,28.478062,1490,-1020,290,-1940
6.5378,45.0,255.669685,18067,29233,811,0.111386,28.478062,-1490,-450,-1200,470
6.5378,45.0,255.669685,18067,29233,811,0.111386,28.478062,-1940,450,-920,1650
6.5378,45.0,256.446871,18177,29411,155,0.048548,12.449900,210,1100,810,970
6.5378,45.0,256.446871,18177,29411,155,0.048548,12.449900,1310,-1100,130,-1910
6.5378,45.0,256.446871,18177,29411,155,0.048548,12.449900,-1910,600,-810,1780
6.5378,45.0,256.446871,18177,29411,155,0.048548,12.449900,1910,-130,1100,-1310
6.5378,45.0,256.446871,18177,29411,155,0.048548,12.449900,970,-1180,-130,-1780
6.5378,45.0,256.446871,18177,29411,155,0.048548,12.449900,1780,130,1180,-970
6.5378,45.0,256.446871,18177,29411,155,0.048548,12.449900,-970,-810,-1100,-210
6.5378,45.0,256.446871,18177,29411,155,0.048548,12.449900,-210,1180,600,1310
6.5378,45.0,256.446871,18177,29411,155,0.048548,12.449900,-1310,-600,-1180,210
6.5378,45.0,256.446871,18177,29411,155,0.048548,12.449900,-1780,810,-600,1910
6.5378,45.0,256.446871,18177,29411,155,0.048548,12.449900,1310,600,1180,-210
6.5378,45.0,256.446871,18177,29411,155,0.048548,12.449900,1910,-600,810,-1780
6.5378,45.0,256.446871,18177,29411,155,0.048548,12.449900,-1310,1100,-130,1910
6.5378,45.0,256.446871,18177,29411,155,0.048548,12.449900,-210,-1100,-810,-970
6.5378,45.0,256.446871,18177,29411,155,0.048548,12.449900,-970,1180,130,1780
6.5378,45.0,256.446871,18177,29411,155,0.048548,12.449900,210,-1180,-600,-1310
6.5378,45.0,256.446871,18177,29411,155,0.048548,12.449900,970,810,1100,210
6.5378,45.0,256.446871,18177,29411,155,0.048548,12.449900,1780,-810,600,-1910
6.5378,45.0,256.446871,18177,29411,155,0.048548,12.449900,-1780,-130,-1180,970
6.5378,45.0,256.446871,18177,29411,155,0.048548,12.449900,-1910,130,-1100,1310
6.5378,45.0,257.073909,18266,29555,361,0.073909,19.000000,0,-1150,-710,-1150
6.5378,45.0,257.073909,18266,29555,361,0.073909,19.000000,1860,-710,710,-1860
6.5378,45.0,257.073909,18266,29555,361,0.073909,19.000000,-1150,1150,0,1860
6.5378,45.0,257.073909,18266,29555,361,0.073909,19.000000,-1860,0,-1150,1150
6.5378,45.0,257.073909,18266,29555,361,0.073909,19.000000,1150,710,1150,0
6.5378,45.0,259.329887,18588,30076,656,0.098764,25.612497,1360,580,1200,-260
6.5378,45.0,259.329887,18588,30076,656,0.098764,25.612497,1940,-580,840,-1780
6.5378,45.0,259.329887,18588,30076,656,0.098764,25.612497,-1360,1100,-160,1940
6.5378,45.0,259.329887,18588,30076,656,0.098764,25.612497,-260,-1100,-840,-940
6.5378,45.0,259.329887,18588,30076,656,0.098764,25.612497,-940,1200,160,1780
6.5378,45.0,259.329887,18588,30076,656,0.098764,25.612497,260,-1200,-580,-1360
6.5378,45.0,259.329887,18588,30076,656,0.098764,25.612497,940,840,1100,260
6.5378,45.0,259.329887,18588,30076,656,0.098764,25.612497,1780,-840,580,-1940
6.5378,45.0,259.329887,18588,30076,656,0.098764,25.612497,-1780,-160,-1200,940
6.5378,45.0,259.329887,18588,30076,656,0.098764,25.612497,-1940,160,-1100,1360
6.5378,45.0,260.714398,18787,30398,191,0.053009,13.820275,80,1150,760,1100
6.5378,45.0,260.714398,18787,30398,191,0.053009,13.820275,-80,1180,680,1230
6.5378,45.0,260.714398,18787,30398,191,0.053009,13.820275,1100,-1180,-50,-1860
6.5378,45.0,260.714398,18787,30398,191,0.053009,13.820275,1230,-1150,50,-1910
6.5378,45.0,260.714398,18787,30398,191,0.053009,13.820275,-1910,680,-760,1860
6.5378,45.0,260.714398,18787,30398,191,0.053009,13.820275,-1860,760,-680,1910
6.5378,45.0,260.714398,18787,30398,191,0.053009,13.820275,1910,-50,1150,-1230
6.5378,45.0,260.714398,18787,30398,191,0.053009,13.820275,1860,50,1180,-1100
6.5378,45.0,260.714398,18787,30398,191,0.053009,13.820275,-1100,-760,-1150,-80
6.5378,45.0,260.714398,18787,30398,191,0.053009,13.820275,-1230,-680,-1180,80
6.5378,45.0,261.566408,18910,30597,961,0.118517,31.000000,1600,390,1230,-600
6.5378,45.0,261.566408,18910,30597,961,0.118517,31.000000,1990,-390,990,-1620
6.5378,45.0,261.566408,18910,30597,961,0.118517,31.000000,-1600,1000,-370,1990
6.5378,45.0,261.566408,18910,30597,961,0.118517,31.000000,-600,-1000,-990,-630
6.5378,45.0,261.566408,18910,30597,961,0.118517,31.000000,-630,1230,370,1620
6.5378,45.0,261.566408,18910,30597,961,0.118517,31.000000,600,-1230,-390,-1600
6.5378,45.0,261.566408,18910,30597,961,0.118517,31.000000,630,990,1000,600
6.5378,45.0,261.566408,18910,30597,961,0.118517,31.000000,1620,-990,390,-1990
6.5378,45.0,261.566408,18910,30597,961,0.118517,31.000000,-1620,-370,-1230,630
6.5378,45.0,261.566408,18910,30597,961,0.118517,31.000000,-1990,370,-1000,1600
6.5378,45.0,261.566408,18910,30597,961,0.118517,31.000000,180,1130,810,1020
6.5378,45.0,261.566408,18910,30597,961,0.118517,31.000000,1310,-1130,110,-1940
6.5378,45.0,261.566408,18910,30597,961,0.118517,31.000000,-1940,630,-810,1830
6.5378,45.0,261.566408,18910,30597,961,0.118517,31.000000,1940,-110,1130,-1310
6.5378,45.0,261.566408,18910,30597,961,0.118517,31.000000,1020,-1200,-110,-1830
6.5378,45.0,261.566408,18910,30597,961,0.118517,31.000000,1830,110,1200,-1020
6.5378,45.0,261.566408,18910,30597,961,0.118517,31.000000,-1020,-810,-1130,-180
6.5378,45.0,261.566408,18910,30597,961,0.118517,31.000000,-180,1200,630,1310
6.5378,45.0,261.566408,18910,30597,961,0.118517,31.000000,-1310,-630,-1200,180
6.5378,45.0,261.566408,18910,30597,961,0.118517,31.000000,-1830,810,-630,1940
6.5378,45.0,262.326125,19020,30775,275,0.063216,16.583124,1700,290,1230,-760
6.5378,45.0,262.326125,19020,30775,275,0.063216,16.583124,1990,-290,1050,-1520
6.5378,45.0,262.326125,19020,30775,275,0.063216,16.583124,-1700,940,-470,1990
6.5378,45.0,262.326125,19020,30775,275,0.063216,16.583124,-760,-940,-1050,-470
6.5378,45.0,262.326125,19020,30775,275,0.063216,16.583124,-470,1230,470,1520
6.5378,45.0,262.326125,19020,30775,275,0.063216,16.583124,760,-1230,-290,-1700
6.5378,45.0,262.326125,19020,30775,275,0.063216,16.583124,470,1050,940,760
6.5378,45.0,262.326125,19020,30775,275,0.063216,16.583124,1520,-1050,290,-1990
6.5378,45.0,262.326125,19020,30775,275,0.063216,16.583124,-1520,-470,-1230,470
6.5378,45.0,262.326125,19020,30775,275,0.063216,16.583124,-1990,470,-940,1700
6.5378,45.0,262.326125,19020,30775,275,0.063216,16.583124,1520,470,1230,-470
6.5378,45.0,262.326125,19020,30775,275,0.063216,16.583124,1990,-470,940,-1700
6.5378,45.0,262.326125,19020,30775,275,0.063216,16.583124,-1520,1050,-290,1990
6.5378,45.0,262.326125,19020,30775,275,0.063216,16.583124,-470,-1050,-940,-760
6.5378,45.0,262.326125,19020,30775,275,0.063216,16.583124,-760,1230,290,1700
6.5378,45.0,262.326125,19020,30775,275,0.063216,16.583124,470,-1230,-470,-1520
6.5378,45.0,262.326125,19020,30775,275,0.063216,16.583124,760,940,1050,470
6.5378,45.0,262.326125,19020,30775,275,0.063216,16.583124,1700,-940,470,-1990
6.5378,45.0,262.326125,19020,30775,275,0.063216,16.583124,-1700,-290,-1230,760
6.5378,45.0,262.326125,19020,30775,275,0.063216,16.583124,-1990,290,-1050,1520
6.5378,45.0,262.939143,19109,30919,491,0.084272,22.158520,1490,500,1230,-420
6.5378,45.0,262.939143,19109,30919,491,0.084272,22.158520,1990,-500,920,-1730
6.5378,45.0,262.939143,19109,30919,491,0.084272,22.158520,-1490,1070,-260,1990
6.5378,45.0,262.939143,19109,30919,491,0.084272,22.158520,-420,-1070,-920,-810
6.5378,45.0,262.939143,19109,30919,491,0.084272,22.158520,-810,1230,260,1730
6.5378,45.0,262.939143,19109,30919,491,0.084272,22.158520,420,-1230,-500,-1490
6.5378,45.0,262.939143,19109,30919,491,0.084272,22.158520,810,920,1070,420
6.5378,45.0,262.939143,19109,30919,491,0.084272,22.158520,1730,-920,500,-1990
6.5378,45.0,262.939143,19109,30919,491,0.084272,22.158520,-1730,-260,-1230,810
6.5378,45.0,262.939143,19109,30919,491,0.084272,22.158520,-1990,260,-1070,1490
6.5378,45.0,268.076471,19863,32139,405,0.075070,20.124612,1650,390,1260,-630
6.5378,45.0,268.076471,19863,32139,405,0.075070,20.124612,2040,-390,1020,-1650
6.5378,45.0,268.076471,19863,32139,405,0.075070,20.124612,-1650,1020,-390,2040
6.5378,45.0,268.076471,19863,32139,405,0.075070,20.124612,-630,-1020,-1020,-630
6.5378,45.0,268.076471,19863,32139,405,0.075070,20.124612,-630,1260,390,1650
6.5378,45.0,268.076471,19863,32139,405,0.075070,20.124612,630,-1260,-390,-1650
6.5378,45.0,268.076471,19863,32139,405,0.075070,20.124612,630,1020,1020,630
6.5378,45.0,268.076471,19863,32139,405,0.075070,20.124612,1650,-1020,390,-2040
6.5378,45.0,268.076471,19863,32139,405,0.075070,20.124612,-1650,-390,-1260,630
6.5378,45.0,268.076471,19863,32139,405,0.075070,20.124612,-2040,390,-1020,1650
6.5378,45.0,268.676369,19952,32283,631,0.093494,25.119713,1730,310,1260,-760
6.5378,45.0,268.676369,19952,32283,631,0.093494,25.119713,2040,-310,1070,-1570
6.5378,45.0,268.676369,19952,32283,631,0.093494,25.119713,-1730,970,-470,2040
6.5378,45.0,268.676369,19952,32283,631,0.093494,25.119713,-760,-970,-1070,-500
6.5378,45.0,268.676369,19952,32283,631,0.093494,25.119713,-500,1260,470,1570
6.5378,45.0,268.676369,19952,32283,631,0.093494,25.119713,760,-1260,-310,-1730
6.5378,45.0,268.676369,19952,32283,631,0.093494,25.119713,500,1070,970,760
6.5378,45.0,268.676369,19952,32283,631,0.093494,25.119713,1570,-1070,310,-2040
6.5378,45.0,268.676369,19952,32283,631,0.093494,25.119713,-1570,-470,-1260,500
6.5378,45.0,268.676369,19952,32283,631,0.093494,25.119713,-2040,470,-970,1730
6.5378,45.0,270.012959,20151,32605,131,0.042389,11.445523,-130,-1180,-810,-1100
6.5378,45.0,270.012959,20151,32605,131,0.042389,11.445523,130,-1230,-680,-1310
6.5378,45.0,270.012959,20151,32605,131,0.042389,11.445523,1910,-810,680,-1990
6.5378,45.0,270.012959,20151,32605,131,0.042389,11.445523,1990,-680,810,-1910
6.5378,45.0,270.012959,20151,32605,131,0.042389,11.445523,-1100,1230,80,1910
6.5378,45.0,270.012959,20151,32605,131,0.042389,11.445523,-1310,1180,-80,1990
6.5378,45.0,270.012959,20151,32605,131,0.042389,11.445523,-1990,80,-1180,1310
6.5378,45.0,270.012959,20151,32605,131,0.042389,11.445523,-1910,-80,-1230,1100
6.5378,45.0,270.012959,20151,32605,131,0.042389,11.445523,1100,810,1180,130
6.5378,45.0,270.012959,20151,32605,131,0.042389,11.445523,1310,680,1230,-130
6.5378,45.0,272.161705,20473,33126,451,0.078030,21.236761,1700,370,1280,-680
6.5378,45.0,272.161705,20473,33126,451,0.078030,21.236761,2070,-370,1050,-1650
6.5378,45.0,272.161705,20473,33126,451,0.078030,21.236761,-1700,1020,-420,2070
6.5378,45.0,272.161705,20473,33126,451,0.078030,21.236761,-680,-1020,-1050,-600
6.5378,45.0,272.161705,20473,33126,451,0.078030,21.236761,-600,1280,420,1650
6.5378,45.0,272.161705,20473,33126,451,0.078030,21.236761,680,-1280,-370,-1700
6.5378,45.0,272.161705,20473,33126,451,0.078030,21.236761,600,1050,1020,680
6.5378,45.0,272.161705,20473,33126,451,0.078030,21.236761,1650,-1050,370,-2070
6.5378,45.0,272.161705,20473,33126,451,0.078030,21.236761,-1650,-420,-1280,600
6.5378,45.0,272.161705,20473,33126,451,0.078030,21.236761,-2070,420,-1020,1700
6.5378,45.0,272.161705,20473,33126,451,0.078030,21.236761,1440,600,1260,-290
6.5378,45.0,272.161705,20473,33126,451,0.078030,21.236761,2040,-600,890,-1860
6.5378,45.0,272.161705,20473,33126,451,0.078030,21.236761,-1440,1150,-180,2040
6.5378,45.0,272.161705,20473,33126,451,0.078030,21.236761,-290,-1150,-890,-970
6.5378,45.0,272.161705,20473,33126,451,0.078030,21.236761,-970,1260,180,1860
6.5378,45.0,272.161705,20473,33126,451,0.078030,21.236761,290,-1260,-600,-1440
6.5378,45.0,272.161705,20473,33126,451,0.078030,21.236761,970,890,1150,290
6.5378,45.0,272.161705,20473,33126,451,0.078030,21.236761,1860,-890,600,-2040
6.5378,45.0,272.161705,20473,33126,451,0.078030,21.236761,-1860,-180,-1260,970
6.5378,45.0,272.161705,20473,33126,451,0.078030,21.236761,-2040,180,-1150,1440
6.5378,45.0,272.977989,20596,33325,1291,0.131624,35.930488,50,1210,780,1180
6.5378,45.0,272.977989,20596,33325,1291,0.131624,35.930488,-50,1230,730,1260
6.5378,45.0,272.977989,20596,33325,1291,0.131624,35.930488,1180,-1230,-30,-1960
6.5378,45.0,272.977989,20596,33325,1291,0.131624,35.930488,1260,-1210,30,-1990
6.5378,45.0,272.977989,20596,33325,1291,0.131624,35.930488,-1990,730,-780,1960
6.5378,45.0,272.977989,20596,33325,1291,0.131624,35.930488,-1960,780,-730,1990
6.5378,45.0,272.977989,20596,33325,1291,0.131624,35.930488,1990,-30,1210,-1260
6.5378,45.0,272.977989,20596,33325,1291,0.131624,35.930488,1960,30,1230,-1180
6.5378,45.0,272.977989,20596,33325,1291,0.131624,35.930488,-1180,-780,-1210,-50
6.5378,45.0,272.977989,20596,33325,1291,0.131624,35.930488,-1260,-730,-1230,50
6.5378,45.0,274.293619,20795,33647,781,0.101885,27.946377,210,1180,860,1050
6.5378,45.0,274.293619,20795,33647,781,0.101885,27.946377,1390,-1180,130,-2040
6.5378,45.0,274.293619,20795,33647,781,0.101885,27.946377,-2040,650,-860,1910
6.5378,45.0,274.293619,20795,33647,781,0.101885,27.946377,2040,-130,1180,-1390
6.5378,45.0,274.293619,20795,33647,781,0.101885,27.946377,1050,-1260,-130,-1910
6.5378,45.0,274.293619,20795,33647,781,0.101885,27.946377,1910,130,1260,-1050
6.5378,45.0,274.293619,20795,33647,781,0.101885,27.946377,-1050,-860,-1180,-210
6.5378,45.0,274.293619,20795,33647,781,0.101885,27.946377,-210,1260,650,1390
6.5378,45.0,274.293619,20795,33647,781,0.101885,27.946377,-1390,-650,-1260,210
6.5378,45.0,274.293619,20795,33647,781,0.101885,27.946377,-1910,860,-650,2040
6.5378,45.0,274.293619,20795,33647,781,0.101885,27.946377,1520,550,1280,-390
6.5378,45.0,274.293619,20795,33647,781,0.101885,27.946377,2070,-550,940,-1830
6.5378,45.0,274.293619,20795,33647,781,0.101885,27.946377,-1520,1130,-240,2070
6.5378,45.0,274.293619,20795,33647,781,0.101885,27.946377,-390,-1130,-940,-890
6.5378,45.0,274.293619,20795,33647,781,0.101885,27.946377,-890,1280,240,1830
6.5378,45.0,274.293619,20795,33647,781,0.101885,27.946377,390,-1280,-550,-1520
6.5378,45.0,274.293619,20795,33647,781,0.101885,27.946377,890,940,1130,390
6.5378,45.0,274.293619,20795,33647,781,0.101885,27.946377,1830,-940,550,-2070
6.5378,45.0,274.293619,20795,33647,781,0.101885,27.946377,-1830,-240,-1280,890
6.5378,45.0,274.293619,20795,33647,781,0.101885,27.946377,-2070,240,-1130,1520
6.5378,45.0,275.018181,20905,33825,25,0.018181,5.000000,0,1230,760,1230
6.5378,45.0,275.018181,20905,33825,25,0.018181,5.000000,1230,-1230,0,-1990
6.5378,45.0,275.018181,20905,33825,25,0.018181,5.000000,-1990,760,-760,1990
6.5378,45.0,275.018181,20905,33825,25,0.018181,5.000000,1990,0,1230,-1230
6.5378,45.0,275.018181,20905,33825,25,0.018181,5.000000,-1230,-760,-1230,0
6.5378,45.0,275.018181,20905,33825,25,0.018181,5.000000,0,-1230,-760,-1230
6.5378,45.0,275.018181,20905,33825,25,0.018181,5.000000,1990,-760,760,-1990
6.5378,45.0,275.018181,20905,33825,25,0.018181,5.000000,-1230,1230,0,1990
6.5378,45.0,275.018181,20905,33825,25,0.018181,5.000000,-1990,0,-1230,1230
6.5378,45.0,275.018181,20905,33825,25,0.018181,5.000000,1230,760,1230,0
6.5378,45.0,275.826011,21028,34024,880,0.107549,29.664794,1360,680,1260,-160
6.5378,45.0,275.826011,21028,34024,880,0.107549,29.664794,2040,-680,840,-1940
6.5378,45.0,275.826011,21028,34024,880,0.107549,29.664794,-1360,1200,-100,2040
6.5378,45.0,275.826011,21028,34024,880,0.107549,29.664794,-160,-1200,-840,-1100
6.5378,45.0,275.826011,21028,34024,880,0.107549,29.664794,-1100,1260,100,1940
6.5378,45.0,275.826011,21028,34024,880,0.107549,29.664794,160,-1260,-680,-1360
6.5378,45.0,275.826011,21028,34024,880,0.107549,29.664794,1100,840,1200,160
6.5378,45.0,275.826011,21028,34024,880,0.107549,29.664794,1940,-840,680,-2040
6.5378,45.0,275.826011,21028,34024,880,0.107549,29.664794,-1940,-100,-1260,1100
6.5378,45.0,275.826011,21028,34024,880,0.107549,29.664794,-2040,100,-1200,1360
6.5378,45.0,277.128121,21227,34346,355,0.067988,18.841444,260,1180,890,1020
6.5378,45.0,277.128121,21227,34346,355,0.067988,18.841444,1440,-1180,160,-2070
6.5378,45.0,277.128121,21227,34346,355,0.067988,18.841444,-2070,630,-890,1910
6.5378,45.0,277.128121,21227,34346,355,0.067988,18.841444,2070,-160,1180,-1440
6.5378,45.0,277.128121,21227,34346,355,0.067988,18.841444,1020,-1280,-160,-1910
6.5378,45.0,277.128121,21227,34346,355,0.067988,18.841444,1910,160,1280,-1020
6.5378,45.0,277.128121,21227,34346,355,0.067988,18.841444,-1020,-890,-1180,-260
6.5378,45.0,277.128121,21227,34346,355,0.067988,18.841444,-260,1280,630,1440
6.5378,45.0,277.128121,21227,34346,355,0.067988,18.841444,-1440,-630,-1280,260
6.5378,45.0,277.128121,21227,34346,355,0.067988,18.841444,-1910,890,-630,2070
6.5378,45.0,277.128121,21227,34346,355,0.067988,18.841444,1440,630,1280,-260
6.5378,45.0,277.128121,21227,34346,355,0.067988,18.841444,2070,-630,890,-1910
6.5378,45.0,277.128121,21227,34346,355,0.067988,18.841444,-1440,1180,-160,2070
6.5378,45.0,277.128121,21227,34346,355,0.067988,18.841444,-260,-1180,-890,-1020
6.5378,45.0,277.128121,21227,34346,355,0.067988,18.841444,-1020,1280,160,1910
6.5378,45.0,277.128121,21227,34346,355,0.067988,18.841444,260,-1280,-630,-1440
6.5378,45.0,277.128121,21227,34346,355,0.067988,18.841444,1020,890,1180,260
6.5378,45.0,277.128121,21227,34346,355,0.067988,18.841444,1910,-890,630,-2070
6.5378,45.0,277.128121,21227,34346,355,0.067988,18.841444,-1910,-160,-1280,1020
6.5378,45.0,277.128121,21227,34346,355,0.067988,18.841444,-2070,160,-1180,1440
6.5378,45.0,279.001791,21515,34812,61,0.027994,7.810250,1650,470,1310,-550
6.5378,45.0,279.001791,21515,34812,61,0.027994,7.810250,2120,-470,1020,-1780
6.5378,45.0,279.001791,21515,34812,61,0.027994,7.810250,-1650,1100,-340,2120
6.5378,45.0,279.001791,21515,34812,61,0.027994,7.810250,-550,-1100,-1020,-760
6.5378,45.0,279.001791,21515,34812,61,0.027994,7.810250,-760,1310,340,1780
6.5378,45.0,279.001791,21515,34812,61,0.027994,7.810250,550,-1310,-470,-1650
6.5378,45.0,279.001791,21515,34812,61,0.027994,7.810250,760,1020,1100,550
6.5378,45.0,279.001791,21515,34812,61,0.027994,7.810250,1780,-1020,470,-2120
6.5378,45.0,279.001791,21515,34812,61,0.027994,7.810250,-1780,-340,-1310,760
6.5378,45.0,279.001791,21515,34812,61,0.027994,7.810250,-2120,340,-1100,1650
6.5378,45.0,279.798120,21638,35011,941,0.109635,30.675723,1830,290,1310,-840
6.5378,45.0,279.798120,21638,35011,941,0.109635,30.675723,2120,-290,1130,-1600
6.5378,45.0,279.798120,21638,35011,941,0.109635,30.675723,-1830,990,-520,2120
6.5378,45.0,279.798120,21638,35011,941,0.109635,30.675723,-840,-990,-1130,-470
6.5378,45.0,279.798120,21638,35011,941,0.109635,30.675723,-470,1310,520,1600
6.5378,45.0,279.798120,21638,35011,941,0.109635,30.675723,840,-1310,-290,-1830
6.5378,45.0,279.798120,21638,35011,941,0.109635,30.675723,470,1130,990,840
6.5378,45.0,279.798120,21638,35011,941,0.109635,30.675723,1600,-1130,290,-2120
6.5378,45.0,279.798120,21638,35011,941,0.109635,30.675723,-1600,-520,-1310,470
6.5378,45.0,279.798120,21638,35011,941,0.109635,30.675723,-2120,520,-990,1830
6.5378,45.0,280.508463,21748,35189,155,0.044383,12.449900,1860,260,1310,-890
6.5378,45.0,280.508463,21748,35189,155,0.044383,12.449900,2120,-260,1150,-1570
6.5378,45.0,280.508463,21748,35189,155,0.044383,12.449900,-1860,970,-550,2120
6.5378,45.0,280.508463,21748,35189,155,0.044383,12.449900,-890,-970,-1150,-420
6.5378,45.0,280.508463,21748,35189,155,0.044383,12.449900,-420,1310,550,1570
6.5378,45.0,280.508463,21748,35189,155,0.044383,12.449900,890,-1310,-260,-1860
6.5378,45.0,280.508463,21748,35189,155,0.044383,12.449900,420,1150,970,890
6.5378,45.0,280.508463,21748,35189,155,0.044383,12.449900,1570,-1150,260,-2120
6.5378,45.0,280.508463,21748,35189,155,0.044383,12.449900,-1570,-550,-1310,420
6.5378,45.0,280.508463,21748,35189,155,0.044383,12.449900,-2120,550,-970,1860
6.5378,45.0,280.508463,21748,35189,155,0.044383,12.449900,1570,550,1310,-420
6.5378,45.0,280.508463,21748,35189,155,0.044383,12.449900,2120,-550,970,-1860
6.5378,45.0,280.508463,21748,35189,155,0.044383,12.449900,-1570,1150,-260,2120
6.5378,45.0,280.508463,21748,35189,155,0.044383,12.449900,-420,-1150,-970,-890
6.5378,45.0,280.508463,21748,35189,155,0.044383,12.449900,-890,1310,260,1860
6.5378,45.0,280.508463,21748,35189,155,0.044383,12.449900,420,-1310,-550,-1570
6.5378,45.0,280.508463,21748,35189,155,0.044383,12.449900,890,970,1150,420
6.5378,45.0,280.508463,21748,35189,155,0.044383,12.449900,1860,-970,550,-2120
6.5378,45.0,280.508463,21748,35189,155,0.044383,12.449900,-1860,-260,-1310,890
6.5378,45.0,280.508463,21748,35189,155,0.044383,12.449900,-2120,260,-1150,1570
6.5378,45.0,281.081830,21837,35333,401,0.071243,20.024984,130,1230,840,1150
6.5378,45.0,281.081830,21837,35333,401,0.071243,20.024984,1360,-1230,80,-2070
6.5378,45.0,281.081830,21837,35333,401,0.071243,20.024984,-2070,710,-840,1990
6.5378,45.0,281.081830,21837,35333,401,0.071243,20.024984,2070,-80,1230,-1360
6.5378,45.0,281.081830,21837,35333,401,0.071243,20.024984,1150,-1280,-80,-1990
6.5378,45.0,281.081830,21837,35333,401,0.071243,20.024984,1990,80,1280,-1150
6.5378,45.0,281.081830,21837,35333,401,0.071243,20.024984,-1150,-840,-1230,-130
6.5378,45.0,281.081830,21837,35333,401,0.071243,20.024984,-130,1280,710,1360
6.5378,45.0,281.081830,21837,35333,401,0.071243,20.024984,-1360,-710,-1280,130
6.5378,45.0,281.081830,21837,35333,401,0.071243,20.024984,-1990,840,-710,2070
6.5378,45.0,281.872283,21960,35532,1296,0.127717,36.000000,0,-1260,-780,-1260
6.5378,45.0,281.872283,21960,35532,1296,0.127717,36.000000,2040,-780,780,-2040
6.5378,45.0,281.872283,21960,35532,1296,0.127717,36.000000,-1260,1260,0,2040
6.5378,45.0,281.872283,21960,35532,1296,0.127717,36.000000,-2040,0,-1260,1260
6.5378,45.0,281.872283,21960,35532,1296,0.127717,36.000000,1260,780,1260,0
6.5378,45.0,283.146589,22159,35854,751,0.096785,27.404379,290,1200,920,1020
6.5378,45.0,283.146589,22159,35854,751,0.096785,27.404379,1490,-1200,180,-2120
6.5378,45.0,283.146589,22159,35854,751,0.096785,27.404379,-2120,630,-920,1940
6.5378,45.0,283.146589,22159,35854,751,0.096785,27.404379,2120,-180,1200,-1490
6.5378,45.0,283.146589,22159,35854,751,0.096785,27.404379,1020,-1310,-180,-1940
6.5378,45.0,283.146589,22159,35854,751,0.096785,27.404379,1940,180,1310,-1020
6.5378,45.0,283.146589,22159,35854,751,0.096785,27.404379,-1020,-920,-1200,-290
6.5378,45.0,283.146589,22159,35854,751,0.096785,27.404379,-290,1310,630,1490
6.5378,45.0,283.146589,22159,35854,751,0.096785,27.404379,-1490,-630,-1310,290
6.5378,45.0,283.146589,22159,35854,751,0.096785,27.404379,-1940,920,-630,2120
6.5378,45.0,285.196400,22481,36375,1111,0.116873,33.331667,1780,390,1340,-710
6.5378,45.0,285.196400,22481,36375,1111,0.116873,33.331667,2170,-390,1100,-1730
6.5378,45.0,285.196400,22481,36375,1111,0.116873,33.331667,-1780,1070,-440,2170
6.5378,45.0,285.196400,22481,36375,1111,0.116873,33.331667,-710,-1070,-1100,-630
6.5378,45.0,285.196400,22481,36375,1111,0.116873,33.331667,-630,1340,440,1730
6.5378,45.0,285.196400,22481,36375,1111,0.116873,33.331667,710,-1340,-390,-1780
6.5378,45.0,285.196400,22481,36375,1111,0.116873,33.331667,630,1100,1070,710
6.5378,45.0,285.196400,22481,36375,1111,0.116873,33.331667,1730,-1100,390,-2170
6.5378,45.0,285.196400,22481,36375,1111,0.116873,33.331667,-1730,-440,-1340,630
6.5378,45.0,285.196400,22481,36375,1111,0.116873,33.331667,-2170,440,-1070,1780
6.5378,45.0,285.196400,22481,36375,1111,0.116873,33.331667,1910,240,1330,-940
6.5378,45.0,285.196400,22481,36375,1111,0.116873,33.331667,2150,-240,1180,-1570
6.5378,45.0,285.196400,22481,36375,1111,0.116873,33.331667,-1910,970,-580,2150
6.5378,45.0,285.196400,22481,36375,1111,0.116873,33.331667,-940,-970,-1180,-390
6.5378,45.0,285.196400,22481,36375,1111,0.116873,33.331667,-390,1330,580,1570
6.5378,45.0,285.196400,22481,36375,1111,0.116873,33.331667,940,-1330,-240,-1910
6.5378,45.0,285.196400,22481,36375,1111,0.116873,33.331667,390,1180,970,940
6.5378,45.0,285.196400,22481,36375,1111,0.116873,33.331667,1570,-1180,240,-2150
6.5378,45.0,285.196400,22481,36375,1111,0.116873,33.331667,-1570,-580,-1330,390
6.5378,45.0,285.196400,22481,36375,1111,0.116873,33.331667,-2150,580,-970,1910
6.5378,45.0,287.923587,22913,37074,655,0.088888,25.592968,130,1260,860,1180
6.5378,45.0,287.923587,22913,37074,655,0.088888,25.592968,1390,-1260,80,-2120
6.5378,45.0,287.923587,22913,37074,655,0.088888,25.592968,-2120,730,-860,2040
6.5378,45.0,287.923587,22913,37074,655,0.088888,25.592968,2120,-80,1260,-1390
6.5378,45.0,287.923587,22913,37074,655,0.088888,25.592968,1180,-1310,-80,-2040
6.5378,45.0,287.923587,22913,37074,655,0.088888,25.592968,2040,80,1310,-1180
6.5378,45.0,287.923587,22913,37074,655,0.088888,25.592968,-1180,-860,-1260,-130
6.5378,45.0,287.923587,22913,37074,655,0.088888,25.592968,-130,1310,730,1390
6.5378,45.0,287.923587,22913,37074,655,0.088888,25.592968,-1390,-730,-1310,130
6.5378,45.0,287.923587,22913,37074,655,0.088888,25.592968,-2040,860,-730,2120
6.5378,45.0,287.923587,22913,37074,655,0.088888,25.592968,1390,730,1310,-130
6.5378,45.0,287.923587,22913,37074,655,0.088888,25.592968,2120,-730,860,-2040
6.5378,45.0,287.923587,22913,37074,655,0.088888,25.592968,-1390,1260,-80,2120
6.5378,45.0,287.923587,22913,37074,655,0.088888,25.592968,-130,-1260,-860,-1180
6.5378,45.0,287.923587,22913,37074,655,0.088888,25.592968,-1180,1310,80,2040
6.5378,45.0,287.923587,22913,37074,655,0.088888,25.592968,130,-1310,-730,-1390
6.5378,45.0,287.923587,22913,37074,655,0.088888,25.592968,1180,860,1260,130
6.5378,45.0,287.923587,22913,37074,655,0.088888,25.592968,2040,-860,730,-2120
6.5378,45.0,287.923587,22913,37074,655,0.088888,25.592968,-2040,-80,-1310,1180
6.5378,45.0,287.923587,22913,37074,655,0.088888,25.592968,-2120,80,-1260,1390
6.5378,45.0,289.171228,23112,37396,80,0.030931,8.944272,1780,420,1360,-680
6.5378,45.0,289.171228,23112,37396,80,0.030931,8.944272,2200,-420,1100,-1780
6.5378,45.0,289.171228,23112,37396,80,0.030931,8.944272,-1780,1100,-420,2200
6.5378,45.0,289.171228,23112,37396,80,0.030931,8.944272,-680,-1100,-1100,-680
6.5378,45.0,289.171228,23112,37396,80,0.030931,8.944272,-680,1360,420,1780
6.5378,45.0,289.171228,23112,37396,80,0.030931,8.944272,680,-1360,-420,-1780
6.5378,45.0,289.171228,23112,37396,80,0.030931,8.944272,680,1100,1100,680
6.5378,45.0,289.171228,23112,37396,80,0.030931,8.944272,1780,-1100,420,-2200
6.5378,45.0,289.171228,23112,37396,80,0.030931,8.944272,-1780,-420,-1360,680
6.5378,45.0,289.171228,23112,37396,80,0.030931,8.944272,-2200,420,-1100,1780
6.5378,45.0,289.727451,23201,37540,341,0.063736,18.466185,1860,340,1360,-810
6.5378,45.0,289.727451,23201,37540,341,0.063736,18.466185,2200,-340,1150,-1700
6.5378,45.0,289.727451,23201,37540,341,0.063736,18.466185,-1860,1050,-500,2200
6.5378,45.0,289.727451,23201,37540,341,0.063736,18.466185,-810,-1050,-1150,-550
6.5378,45.0,289.727451,23201,37540,341,0.063736,18.466185,-550,1360,500,1700
6.5378,45.0,289.727451,23201,37540,341,0.063736,18.466185,810,-1360,-340,-1860
6.5378,45.0,289.727451,23201,37540,341,0.063736,18.466185,550,1150,1050,810
6.5378,45.0,289.727451,23201,37540,341,0.063736,18.466185,1700,-1150,340,-2200
6.5378,45.0,289.727451,23201,37540,341,0.063736,18.466185,-1700,-500,-1360,550
6.5378,45.0,289.727451,23201,37540,341,0.063736,18.466185,-2200,500,-1050,1860
6.5378,45.0,289.727451,23201,37540,341,0.063736,18.466185,-80,-1280,-840,-1230
6.5378,45.0,289.727451,23201,37540,341,0.063736,18.466185,80,-1310,-760,-1360
6.5378,45.0,289.727451,23201,37540,341,0.063736,18.466185,2070,-840,760,-2120
6.5378,45.0,289.727451,23201,37540,341,0.063736,18.466185,2120,-760,840,-2070
6.5378,45.0,289.727451,23201,37540,341,0.063736,18.466185,-1230,1310,50,2070
6.5378,45.0,289.727451,23201,37540,341,0.063736,18.466185,-1360,1280,-50,2120
6.5378,45.0,289.727451,23201,37540,341,0.063736,18.466185,-2120,50,-1280,1360
6.5378,45.0,289.727451,23201,37540,341,0.063736,18.466185,-2070,-50,-1310,1230
6.5378,45.0,289.727451,23201,37540,341,0.063736,18.466185,1230,840,1280,80
6.5378,45.0,289.727451,23201,37540,341,0.063736,18.466185,1360,760,1310,-80
6.5378,45.0,289.939628,23235,37595,1025,0.110422,32.015621,1520,650,1340,-290
6.5378,45.0,289.939628,23235,37595,1025,0.110422,32.015621,2170,-650,940,-1990
6.5378,45.0,289.939628,23235,37595,1025,0.110422,32.015621,-1520,1230,-180,2170
6.5378,45.0,289.939628,23235,37595,1025,0.110422,32.015621,-290,-1230,-940,-1050
6.5378,45.0,289.939628,23235,37595,1025,0.110422,32.015621,-1050,1340,180,1990
6.5378,45.0,289.939628,23235,37595,1025,0.110422,32.015621,290,-1340,-650,-1520
6.5378,45.0,289.939628,23235,37595,1025,0.110422,32.015621,1050,940,1230,290
6.5378,45.0,289.939628,23235,37595,1025,0.110422,32.015621,1990,-940,650,-2170
6.5378,45.0,289.939628,23235,37595,1025,0.110422,32.015621,-1990,-180,-1340,1050
6.5378,45.0,289.939628,23235,37595,1025,0.110422,32.015621,-2170,180,-1230,1520
6.5378,45.0,292.962453,23722,38383,121,0.037547,11.000000,1570,630,1360,-340
6.5378,45.0,292.962453,23722,38383,121,0.037547,11.000000,2200,-630,970,-1990
6.5378,45.0,292.962453,23722,38383,121,0.037547,11.000000,-1570,1230,-210,2200
6.5378,45.0,292.962453,23722,38383,121,0.037547,11.000000,-340,-1230,-970,-1020
6.5378,45.0,292.962453,23722,38383,121,0.037547,11.000000,-1020,1360,210,1990
6.5378,45.0,292.962453,23722,38383,121,0.037547,11.000000,340,-1360,-630,-1570
6.5378,45.0,292.962453,23722,38383,121,0.037547,11.000000,1020,970,1230,340
6.5378,45.0,292.962453,23722,38383,121,0.037547,11.000000,1990,-970,630,-2200
6.5378,45.0,292.962453,23722,38383,121,0.037547,11.000000,-1990,-210,-1360,1020
6.5378,45.0,292.962453,23722,38383,121,0.037547,11.000000,-2200,210,-1230,1570
6.5378,45.0,292.962453,23722,38383,121,0.037547,11.000000,0,1310,810,1310
6.5378,45.0,292.962453,23722,38383,121,0.037547,11.000000,1310,-1310,0,-2120
6.5378,45.0,292.962453,23722,38383,121,0.037547,11.000000,-2120,810,-810,2120
6.5378,45.0,292.962453,23722,38383,121,0.037547,11.000000,2120,0,1310,-1310
6.5378,45.0,292.962453,23722,38383,121,0.037547,11.000000,-1310,-810,-1310,0
6.5378,45.0,293.720934,23845,38582,1091,0.112455,33.030289,160,1280,890,1180
6.5378,45.0,293.720934,23845,38582,1091,0.112455,33.030289,1440,-1280,100,-2170
6.5378,45.0,293.720934,23845,38582,1091,0.112455,33.030289,-2170,730,-890,2070
6.5378,45.0,293.720934,23845,38582,1091,0.112455,33.030289,2170,-100,1280,-1440
6.5378,45.0,293.720934,23845,38582,1091,0.112455,33.030289,1180,-1340,-100,-2070
6.5378,45.0,293.720934,23845,38582,1091,0.112455,33.030289,2070,100,1340,-1180
6.5378,45.0,293.720934,23845,38582,1091,0.112455,33.030289,-1180,-890,-1280,-160
6.5378,45.0,293.720934,23845,38582,1091,0.112455,33.030289,-160,1340,730,1440
6.5378,45.0,293.720934,23845,38582,1091,0.112455,33.030289,-1440,-730,-1340,160
6.5378,45.0,293.720934,23845,38582,1091,0.112455,33.030289,-2070,890,-730,2170
6.5378,45.0,294.944053,24044,38904,496,0.075509,22.271057,260,1260,940,1100
6.5378,45.0,294.944053,24044,38904,496,0.075509,22.271057,1520,-1260,160,-2200
6.5378,45.0,294.944053,24044,38904,496,0.075509,22.271057,-2200,680,-940,2040
6.5378,45.0,294.944053,24044,38904,496,0.075509,22.271057,2200,-160,1260,-1520
6.5378,45.0,294.944053,24044,38904,496,0.075509,22.271057,1100,-1360,-160,-2040
6.5378,45.0,294.944053,24044,38904,496,0.075509,22.271057,2040,160,1360,-1100
6.5378,45.0,294.944053,24044,38904,496,0.075509,22.271057,-1100,-940,-1260,-260
6.5378,45.0,294.944053,24044,38904,496,0.075509,22.271057,-260,1360,680,1520
6.5378,45.0,294.944053,24044,38904,496,0.075509,22.271057,-1520,-680,-1360,260
6.5378,45.0,294.944053,24044,38904,496,0.075509,22.271057,-2040,940,-680,2200
6.5378,45.0,295.697452,24167,39103,1481,0.130146,38.483763,1810,440,1390,-680
6.5378,45.0,295.697452,24167,39103,1481,0.130146,38.483763,2250,-440,1120,-1830
6.5378,45.0,295.697452,24167,39103,1481,0.130146,38.483763,-1810,1130,-420,2250
6.5378,45.0,295.697452,24167,39103,1481,0.130146,38.483763,-680,-1130,-1120,-710
6.5378,45.0,295.697452,24167,39103,1481,0.130146,38.483763,-710,1390,420,1830
6.5378,45.0,295.697452,24167,39103,1481,0.130146,38.483763,680,-1390,-440,-1810
6.5378,45.0,295.697452,24167,39103,1481,0.130146,38.483763,710,1120,1130,680
6.5378,45.0,295.697452,24167,39103,1481,0.130146,38.483763,1830,-1120,440,-2250
6.5378,45.0,295.697452,24167,39103,1481,0.130146,38.483763,-1830,-420,-1390,710
6.5378,45.0,295.697452,24167,39103,1481,0.130146,38.483763,-2250,420,-1130,1810
6.5378,45.0,296.369690,24277,39281,605,0.082993,24.596748,1910,340,1390,-840
6.5378,45.0,296.369690,24277,39281,605,0.082993,24.596748,2250,-340,1180,-1730
6.5378,45.0,296.369690,24277,39281,605,0.082993,24.596748,-1910,1070,-520,2250
6.5378,45.0,296.369690,24277,39281,605,0.082993,24.596748,-840,-1070,-1180,-550
6.5378,45.0,296.369690,24277,39281,605,0.082993,24.596748,-550,1390,520,1730
6.5378,45.0,296.369690,24277,39281,605,0.082993,24.596748,840,-1390,-340,-1910
6.5378,45.0,296.369690,24277,39281,605,0.082993,24.596748,550,1180,1070,840
6.5378,45.0,296.369690,24277,39281,605,0.082993,24.596748,1730,-1180,340,-2250
6.5378,45.0,296.369690,24277,39281,605,0.082993,24.596748,-1730,-520,-1390,550
6.5378,45.0,296.369690,24277,39281,605,0.082993,24.596748,-2250,520,-1070,1910
6.5378,45.0,296.369690,24277,39281,605,0.082993,24.596748,1730,520,1390,-550
6.5378,45.0,296.369690,24277,39281,605,0.082993,24.596748,2250,-520,1070,-1910
6.5378,45.0,296.369690,24277,39281,605,0.082993,24.596748,-1730,1180,-340,2250
6.5378,45.0,296.369690,24277,39281,605,0.082993,24.596748,-550,-1180,-1070,-840
6.5378,45.0,296.369690,24277,39281,605,0.082993,24.596748,-840,1390,340,1910
6.5378,45.0,296.369690,24277,39281,605,0.082993,24.596748,550,-1390,-520,-1730
6.5378,45.0,296.369690,24277,39281,605,0.082993,24.596748,840,1070,1180,550
6.5378,45.0,296.369690,24277,39281,605,0.082993,24.596748,1910,-1070,520,-2250
6.5378,45.0,296.369690,24277,39281,605,0.082993,24.596748,-1910,-340,-1390,840
6.5378,45.0,296.369690,24277,39281,605,0.082993,24.596748,-2250,340,-1180,1730
6.5378,45.0,296.369690,24277,39281,605,0.082993,24.596748,210,1280,920,1150
6.5378,45.0,296.369690,24277,39281,605,0.082993,24.596748,1490,-1280,130,-2200
6.5378,45.0,296.369690,24277,39281,605,0.082993,24.596748,-2200,710,-920,2070
6.5378,45.0,296.369690,24277,39281,605,0.082993,24.596748,2200,-130,1280,-1490
6.5378,45.0,296.369690,24277,39281,605,0.082993,24.596748,1150,-1360,-130,-2070
6.5378,45.0,296.369690,24277,39281,605,0.082993,24.596748,2070,130,1360,-1150
6.5378,45.0,296.369690,24277,39281,605,0.082993,24.596748,-1150,-920,-1280,-210
6.5378,45.0,296.369690,24277,39281,605,0.082993,24.596748,-210,1360,710,1490
6.5378,45.0,296.369690,24277,39281,605,0.082993,24.596748,-1490,-710,-1360,210
6.5378,45.0,296.369690,24277,39281,605,0.082993,24.596748,-2070,920,-710,2200
6.5378,45.0,296.369690,24277,39281,605,0.082993,24.596748,1490,710,1360,-210
6.5378,45.0,296.369690,24277,39281,605,0.082993,24.596748,2200,-710,920,-2070
6.5378,45.0,296.369690,24277,39281,605,0.082993,24.596748,-1490,1280,-130,2200
6.5378,45.0,296.369690,24277,39281,605,0.082993,24.596748,-210,-1280,-920,-1150
6.5378,45.0,296.369690,24277,39281,605,0.082993,24.596748,-1150,1360,130,2070
6.5378,45.0,296.369690,24277,39281,605,0.082993,24.596748,210,-1360,-710,-1490
6.5378,45.0,296.369690,24277,39281,605,0.082993,24.596748,1150,920,1280,210
6.5378,45.0,296.369690,24277,39281,605,0.082993,24.596748,2070,-920,710,-2200
6.5378,45.0,296.369690,24277,39281,605,0.082993,24.596748,-2070,-130,-1360,1150
6.5378,45.0,296.369690,24277,39281,605,0.082993,24.596748,-2200,130,-1280,1490
6.5378,45.0,296.912428,24366,39425,881,0.099968,29.681644,1700,550,1390,-500
6.5378,45.0,296.912428,24366,39425,881,0.099968,29.681644,2250,-550,1050,-1940
6.5378,45.0,296.912428,24366,39425,881,0.099968,29.681644,-1700,1200,-310,2250
6.5378,45.0,296.912428,24366,39425,881,0.099968,29.681644,-500,-1200,-1050,-890
6.5378,45.0,296.912428,24366,39425,881,0.099968,29.681644,-890,1390,310,1940
6.5378,45.0,296.912428,24366,39425,881,0.099968,29.681644,500,-1390,-550,-1700
6.5378,45.0,296.912428,24366,39425,881,0.099968,29.681644,890,1050,1200,500
6.5378,45.0,296.912428,24366,39425,881,0.099968,29.681644,1940,-1050,550,-2250
6.5378,45.0,296.912428,24366,39425,881,0.099968,29.681644,-1940,-310,-1390,890
6.5378,45.0,296.912428,24366,39425,881,0.099968,29.681644,-2250,310,-1200,1700
6.5378,45.0,298.122453,24565,39747,271,0.055219,16.462078,1990,260,1390,-970
6.5378,45.0,298.122453,24565,39747,271,0.055219,16.462078,2250,-260,1230,-1650
6.5378,45.0,298.122453,24565,39747,271,0.055219,16.462078,-1990,1020,-600,2250
6.5378,45.0,298.122453,24565,39747,271,0.055219,16.462078,-970,-1020,-1230,-420
6.5378,45.0,298.122453,24565,39747,271,0.055219,16.462078,-420,1390,600,1650
6.5378,45.0,298.122453,24565,39747,271,0.055219,16.462078,970,-1390,-260,-1990
6.5378,45.0,298.122453,24565,39747,271,0.055219,16.462078,420,1230,1020,970
6.5378,45.0,298.122453,24565,39747,271,0.055219,16.462078,1650,-1230,260,-2250
6.5378,45.0,298.122453,24565,39747,271,0.055219,16.462078,-1650,-600,-1390,420
6.5378,45.0,298.122453,24565,39747,271,0.055219,16.462078,-2250,600,-1020,1990
6.5378,45.0,300.069980,24887,40268,661,0.085680,25.709920,1780,500,1410,-600
6.5378,45.0,300.069980,24887,40268,661,0.085680,25.709920,2280,-500,1100,-1910
6.5378,45.0,300.069980,24887,40268,661,0.085680,25.709920,-1780,1180,-370,2280
6.5378,45.0,300.069980,24887,40268,661,0.085680,25.709920,-600,-1180,-1100,-810
6.5378,45.0,300.069980,24887,40268,661,0.085680,25.709920,-810,1410,370,1910
6.5378,45.0,300.069980,24887,40268,661,0.085680,25.709920,600,-1410,-500,-1780
6.5378,45.0,300.069980,24887,40268,661,0.085680,25.709920,810,1100,1180,600
6.5378,45.0,300.069980,24887,40268,661,0.085680,25.709920,1910,-1100,500,-2280
6.5378,45.0,300.069980,24887,40268,661,0.085680,25.709920,-1910,-370,-1410,810
6.5378,45.0,300.069980,24887,40268,661,0.085680,25.709920,-2280,370,-1180,1780
6.5378,45.0,301.471378,25120,40645,775,0.092343,27.838822,1990,290,1410,-940
6.5378,45.0,301.471378,25120,40645,775,0.092343,27.838822,2280,-290,1230,-1700
6.5378,45.0,301.471378,25120,40645,775,0.092343,27.838822,-1990,1050,-580,2280
6.5378,45.0,301.471378,25120,40645,775,0.092343,27.838822,-940,-1050,-1230,-470
6.5378,45.0,301.471378,25120,40645,775,0.092343,27.838822,-470,1410,580,1700
6.5378,45.0,301.471378,25120,40645,775,0.092343,27.838822,940,-1410,-290,-1990
6.5378,45.0,301.471378,25120,40645,775,0.092343,27.838822,470,1230,1050,940
6.5378,45.0,301.471378,25120,40645,775,0.092343,27.838822,1700,-1230,290,-2280
6.5378,45.0,301.471378,25120,40645,775,0.092343,27.838822,-1700,-580,-1410,470
6.5378,45.0,301.471378,25120,40645,775,0.092343,27.838822,-2280,580,-1050,1990
6.5378,45.0,301.471378,25120,40645,775,0.092343,27.838822,1700,580,1410,-470
6.5378,45.0,301.471378,25120,40645,775,0.092343,27.838822,2280,-580,1050,-1990
6.5378,45.0,301.471378,25120,40645,775,0.092343,27.838822,-1700,1230,-290,2280
6.5378,45.0,301.471378,25120,40645,775,0.092343,27.838822,-470,-1230,-1050,-940
6.5378,45.0,301.471378,25120,40645,775,0.092343,27.838822,-940,1410,290,1990
6.5378,45.0,301.471378,25120,40645,775,0.092343,27.838822,470,-1410,-580,-1700
6.5378,45.0,301.471378,25120,40645,775,0.092343,27.838822,940,1050,1230,470
6.5378,45.0,301.471378,25120,40645,775,0.092343,27.838822,1990,-1050,580,-2280
6.5378,45.0,301.471378,25120,40645,775,0.092343,27.838822,-1990,-290,-1410,940
6.5378,45.0,301.471378,25120,40645,775,0.092343,27.838822,-2280,290,-1230,1700
6.5378,45.0,302.004948,25209,40789,1061,0.107856,32.572995,-50,-1340,-860,-1310
6.5378,45.0,302.004948,25209,40789,1061,0.107856,32.572995,50,-1360,-810,-1390
6.5378,45.0,302.004948,25209,40789,1061,0.107856,32.572995,2170,-860,810,-2200
6.5378,45.0,302.004948,25209,40789,1061,0.107856,32.572995,2200,-810,860,-2170
6.5378,45.0,302.004948,25209,40789,1061,0.107856,32.572995,-1310,1360,30,2170
6.5378,45.0,302.004948,25209,40789,1061,0.107856,32.572995,-1390,1340,-30,2200
6.5378,45.0,302.004948,25209,40789,1061,0.107856,32.572995,-2200,30,-1340,1390
6.5378,45.0,302.004948,25209,40789,1061,0.107856,32.572995,-2170,-30,-1360,1310
6.5378,45.0,302.004948,25209,40789,1061,0.107856,32.572995,1310,860,1340,50
6.5378,45.0,302.004948,25209,40789,1061,0.107856,32.572995,1390,810,1360,-50
6.5378,45.0,303.194649,25408,41111,431,0.068473,20.760539,1520,730,1390,-210
6.5378,45.0,303.194649,25408,41111,431,0.068473,20.760539,2250,-730,940,-2120
6.5378,45.0,303.194649,25408,41111,431,0.068473,20.760539,-1520,1310,-130,2250
6.5378,45.0,303.194649,25408,41111,431,0.068473,20.760539,-210,-1310,-940,-1180
6.5378,45.0,303.194649,25408,41111,431,0.068473,20.760539,-1180,1390,130,2120
6.5378,45.0,303.194649,25408,41111,431,0.068473,20.760539,210,-1390,-730,-1520
6.5378,45.0,303.194649,25408,41111,431,0.068473,20.760539,1180,940,1310,210
6.5378,45.0,303.194649,25408,41111,431,0.068473,20.760539,2120,-940,730,-2250
6.5378,45.0,303.194649,25408,41111,431,0.068473,20.760539,-2120,-130,-1390,1180
6.5378,45.0,303.194649,25408,41111,431,0.068473,20.760539,-2250,130,-1310,1520
6.5378,45.0,303.927597,25531,41310,1471,0.126193,38.353618,340,1280,1000,1070
6.5378,45.0,303.927597,25531,41310,1471,0.126193,38.353618,1620,-1280,210,-2280
6.5378,45.0,303.927597,25531,41310,1471,0.126193,38.353618,-2280,660,-1000,2070
6.5378,45.0,303.927597,25531,41310,1471,0.126193,38.353618,2280,-210,1280,-1620
6.5378,45.0,303.927597,25531,41310,1471,0.126193,38.353618,1070,-1410,-210,-2070
6.5378,45.0,303.927597,25531,41310,1471,0.126193,38.353618,2070,210,1410,-1070
6.5378,45.0,303.927597,25531,41310,1471,0.126193,38.353618,-1070,-1000,-1280,-340
6.5378,45.0,303.927597,25531,41310,1471,0.126193,38.353618,-340,1410,660,1620
6.5378,45.0,303.927597,25531,41310,1471,0.126193,38.353618,-1620,-660,-1410,340
6.5378,45.0,303.927597,25531,41310,1471,0.126193,38.353618,-2070,1000,-660,2280
6.5378,45.0,306.287443,25929,41954,191,0.045122,13.820275,1910,420,1440,-760
6.5378,45.0,306.287443,25929,41954,191,0.045122,13.820275,2330,-420,1180,-1860
6.5378,45.0,306.287443,25929,41954,191,0.045122,13.820275,-1910,1150,-470,2330
6.5378,45.0,306.287443,25929,41954,191,0.045122,13.820275,-760,-1150,-1180,-680
6.5378,45.0,306.287443,25929,41954,191,0.045122,13.820275,-680,1440,470,1860
6.5378,45.0,306.287443,25929,41954,191,0.045122,13.820275,760,-1440,-420,-1910
6.5378,45.0,306.287443,25929,41954,191,0.045122,13.820275,680,1180,1150,760
6.5378,45.0,306.287443,25929,41954,191,0.045122,13.820275,1860,-1180,420,-2330
6.5378,45.0,306.287443,25929,41954,191,0.045122,13.820275,-1860,-470,-1440,680
6.5378,45.0,306.287443,25929,41954,191,0.045122,13.820275,-2330,470,-1150,1910
6.5378,45.0,306.488156,25963,42009,955,0.100830,30.903074,1940,390,1440,-810
6.5378,45.0,306.488156,25963,42009,955,0.100830,30.903074,2330,-390,1200,-1830
6.5378,45.0,306.488156,25963,42009,955,0.100830,30.903074,-1940,1130,-500,2330
6.5378,45.0,306.488156,25963,42009,955,0.100830,30.903074,-810,-1130,-1200,-630
6.5378,45.0,306.488156,25963,42009,955,0.100830,30.903074,-630,1440,500,1830
6.5378,45.0,306.488156,25963,42009,955,0.100830,30.903074,810,-1440,-390,-1940
6.5378,45.0,306.488156,25963,42009,955,0.100830,30.903074,630,1200,1130,810
6.5378,45.0,306.488156,25963,42009,955,0.100830,30.903074,1830,-1200,390,-2330
6.5378,45.0,306.488156,25963,42009,955,0.100830,30.903074,-1830,-500,-1440,630
6.5378,45.0,306.488156,25963,42009,955,0.100830,30.903074,-2330,500,-1130,1940
6.5378,45.0,307.660522,26162,42331,305,0.056765,17.464249,80,1360,890,1310
6.5378,45.0,307.660522,26162,42331,305,0.056765,17.464249,-80,1390,810,1440
6.5378,45.0,307.660522,26162,42331,305,0.056765,17.464249,1310,-1390,-50,-2200
6.5378,45.0,307.660522,26162,42331,305,0.056765,17.464249,1440,-1360,50,-2250
6.5378,45.0,307.660522,26162,42331,305,0.056765,17.464249,-2250,810,-890,2200
6.5378,45.0,307.660522,26162,42331,305,0.056765,17.464249,-2200,890,-810,2250
6.5378,45.0,307.660522,26162,42331,305,0.056765,17.464249,2250,-50,1360,-1440
6.5378,45.0,307.660522,26162,42331,305,0.056765,17.464249,2200,50,1390,-1310
6.5378,45.0,307.660522,26162,42331,305,0.056765,17.464249,-1310,-890,-1360,-80
6.5378,45.0,307.660522,26162,42331,305,0.056765,17.464249,-1440,-810,-1390,80
6.5378,45.0,307.660522,26162,42331,305,0.056765,17.464249,-80,-1360,-890,-1310
6.5378,45.0,307.660522,26162,42331,305,0.056765,17.464249,80,-1390,-810,-1440
6.5378,45.0,307.660522,26162,42331,305,0.056765,17.464249,2200,-890,810,-2250
6.5378,45.0,307.660522,26162,42331,305,0.056765,17.464249,2250,-810,890,-2200
6.5378,45.0,307.660522,26162,42331,305,0.056765,17.464249,-1310,1390,50,2200
6.5378,45.0,307.660522,26162,42331,305,0.056765,17.464249,-1440,1360,-50,2250
6.5378,45.0,307.660522,26162,42331,305,0.056765,17.464249,-2250,50,-1360,1440
6.5378,45.0,307.660522,26162,42331,305,0.056765,17.464249,-2200,-50,-1390,1310
6.5378,45.0,307.660522,26162,42331,305,0.056765,17.464249,1310,890,1360,80
6.5378,45.0,307.660522,26162,42331,305,0.056765,17.464249,1440,810,1390,-80
6.5378,45.0,308.183377,26251,42475,601,0.079548,24.515301,1730,600,1440,-470
6.5378,45.0,308.183377,26251,42475,601,0.079548,24.515301,2330,-600,1070,-2040
6.5378,45.0,308.183377,26251,42475,601,0.079548,24.515301,-1730,1260,-290,2330
6.5378,45.0,308.183377,26251,42475,601,0.079548,24.515301,-470,-1260,-1070,-970
6.5378,45.0,308.183377,26251,42475,601,0.079548,24.515301,-970,1440,290,2040
6.5378,45.0,308.183377,26251,42475,601,0.079548,24.515301,470,-1440,-600,-1730
6.5378,45.0,308.183377,26251,42475,601,0.079548,24.515301,970,1070,1260,470
6.5378,45.0,308.183377,26251,42475,601,0.079548,24.515301,2040,-1070,600,-2330
6.5378,45.0,308.183377,26251,42475,601,0.079548,24.515301,-2040,-290,-1440,970
6.5378,45.0,308.183377,26251,42475,601,0.079548,24.515301,-2330,290,-1260,1730
6.5378,45.0,310.067717,26573,42996,1021,0.103052,31.953091,1490,790,1410,-130
6.5378,45.0,310.067717,26573,42996,1021,0.103052,31.953091,2280,-790,920,-2200
6.5378,45.0,310.067717,26573,42996,1021,0.103052,31.953091,-1490,1360,-80,2280
6.5378,45.0,310.067717,26573,42996,1021,0.103052,31.953091,-130,-1360,-920,-1280
6.5378,45.0,310.067717,26573,42996,1021,0.103052,31.953091,-1280,1410,80,2200
6.5378,45.0,310.067717,26573,42996,1021,0.103052,31.953091,130,-1410,-790,-1490
6.5378,45.0,310.067717,26573,42996,1021,0.103052,31.953091,1280,920,1360,130
6.5378,45.0,310.067717,26573,42996,1021,0.103052,31.953091,2200,-920,790,-2280
6.5378,45.0,310.067717,26573,42996,1021,0.103052,31.953091,-2200,-80,-1410,1280
6.5378,45.0,310.067717,26573,42996,1021,0.103052,31.953091,-2280,80,-1360,1490
6.5378,45.0,310.708866,26683,43174,55,0.023869,7.416198,340,1310,1020,1100
6.5378,45.0,310.708866,26683,43174,55,0.023869,7.416198,1650,-1310,210,-2330
6.5378,45.0,310.708866,26683,43174,55,0.023869,7.416198,-2330,680,-1020,2120
6.5378,45.0,310.708866,26683,43174,55,0.023869,7.416198,2330,-210,1310,-1650
6.5378,45.0,310.708866,26683,43174,55,0.023869,7.416198,1100,-1440,-210,-2120
6.5378,45.0,310.708866,26683,43174,55,0.023869,7.416198,2120,210,1440,-1100
6.5378,45.0,310.708866,26683,43174,55,0.023869,7.416198,-1100,-1020,-1310,-340
6.5378,45.0,310.708866,26683,43174,55,0.023869,7.416198,-340,1440,680,1650
6.5378,45.0,310.708866,26683,43174,55,0.023869,7.416198,-1650,-680,-1440,340
6.5378,45.0,310.708866,26683,43174,55,0.023869,7.416198,-2120,1020,-680,2330
6.5378,45.0,310.708866,26683,43174,55,0.023869,7.416198,1650,680,1440,-340
6.5378,45.0,310.708866,26683,43174,55,0.023869,7.416198,2330,-680,1020,-2120
6.5378,45.0,310.708866,26683,43174,55,0.023869,7.416198,-1650,1310,-210,2330
6.5378,45.0,310.708866,26683,43174,55,0.023869,7.416198,-340,-1310,-1020,-1100
6.5378,45.0,310.708866,26683,43174,55,0.023869,7.416198,-1100,1440,210,2120
6.5378,45.0,310.708866,26683,43174,55,0.023869,7.416198,340,-1440,-680,-1650
6.5378,45.0,310.708866,26683,43174,55,0.023869,7.416198,1100,1020,1310,340
6.5378,45.0,310.708866,26683,43174,55,0.023869,7.416198,2120,-1020,680,-2330
6.5378,45.0,310.708866,26683,43174,55,0.023869,7.416198,-2120,-210,-1440,1100
6.5378,45.0,310.708866,26683,43174,55,0.023869,7.416198,-2330,210,-1310,1650
6.5378,45.0,311.940676,26895,43517,1451,0.122113,38.091994,1620,710,1440,-290
6.5378,45.0,311.940676,26895,43517,1451,0.122113,38.091994,2330,-710,1000,-2150
6.5378,45.0,311.940676,26895,43517,1451,0.122113,38.091994,-1620,1330,-180,2330
6.5378,45.0,311.940676,26895,43517,1451,0.122113,38.091994,-290,-1330,-1000,-1150
6.5378,45.0,311.940676,26895,43517,1451,0.122113,38.091994,-1150,1440,180,2150
6.5378,45.0,311.940676,26895,43517,1451,0.122113,38.091994,290,-1440,-710,-1620
6.5378,45.0,311.940676,26895,43517,1451,0.122113,38.091994,1150,1000,1330,290
6.5378,45.0,311.940676,26895,43517,1451,0.122113,38.091994,2150,-1000,710,-2330
6.5378,45.0,311.940676,26895,43517,1451,0.122113,38.091994,-2150,-180,-1440,1150
6.5378,45.0,311.940676,26895,43517,1451,0.122113,38.091994,-2330,180,-1330,1620
6.5378,45.0,313.092625,27094,43839,781,0.089259,27.946377,1860,520,1470,-630
6.5378,45.0,313.092625,27094,43839,781,0.089259,27.946377,2380,-520,1150,-1990
6.5378,45.0,313.092625,27094,43839,781,0.089259,27.946377,-1860,1230,-390,2380
6.5378,45.0,313.092625,27094,43839,781,0.089259,27.946377,-630,-1230,-1150,-840
6.5378,45.0,313.092625,27094,43839,781,0.089259,27.946377,-840,1470,390,1990
6.5378,45.0,313.092625,27094,43839,781,0.089259,27.946377,630,-1470,-520,-1860
6.5378,45.0,313.092625,27094,43839,781,0.089259,27.946377,840,1150,1230,630
6.5378,45.0,313.092625,27094,43839,781,0.089259,27.946377,1990,-1150,520,-2380
6.5378,45.0,313.092625,27094,43839,781,0.089259,27.946377,-1990,-390,-1470,840
6.5378,45.0,313.092625,27094,43839,781,0.089259,27.946377,-2380,390,-1230,1860
6.5378,45.0,313.092625,27094,43839,781,0.089259,27.946377,50,1390,890,1360
6.5378,45.0,313.092625,27094,43839,781,0.089259,27.946377,-50,1410,840,1440
6.5378,45.0,313.092625,27094,43839,781,0.089259,27.946377,1360,-1410,-30,-2250
6.5378,45.0,313.092625,27094,43839,781,0.089259,27.946377,1440,-1390,30,-2280
6.5378,45.0,313.092625,27094,43839,781,0.089259,27.946377,-2280,840,-890,2250
6.5378,45.0,313.092625,27094,43839,781,0.089259,27.946377,-2250,890,-840,2280
6.5378,45.0,313.092625,27094,43839,781,0.089259,27.946377,2280,-30,1390,-1440
6.5378,45.0,313.092625,27094,43839,781,0.089259,27.946377,2250,30,1410,-1360
6.5378,45.0,313.092625,27094,43839,781,0.089259,27.946377,-1360,-890,-1390,-50
6.5378,45.0,313.092625,27094,43839,781,0.089259,27.946377,-1440,-840,-1410,50
6.5378,45.0,314.240352,27293,44161,101,0.031981,10.049876,210,1360,970,1230
6.5378,45.0,314.240352,27293,44161,101,0.031981,10.049876,1570,-1360,130,-2330
6.5378,45.0,314.240352,27293,44161,101,0.031981,10.049876,-2330,760,-970,2200
6.5378,45.0,314.240352,27293,44161,101,0.031981,10.049876,2330,-130,1360,-1570
6.5378,45.0,314.240352,27293,44161,101,0.031981,10.049876,1230,-1440,-130,-2200
6.5378,45.0,314.240352,27293,44161,101,0.031981,10.049876,2200,130,1440,-1230
6.5378,45.0,314.240352,27293,44161,101,0.031981,10.049876,-1230,-970,-1360,-210
6.5378,45.0,314.240352,27293,44161,101,0.031981,10.049876,-210,1440,760,1570
6.5378,45.0,314.240352,27293,44161,101,0.031981,10.049876,-1570,-760,-1440,210
6.5378,45.0,314.240352,27293,44161,101,0.031981,10.049876,-2200,970,-760,2330
6.5378,45.0,314.435988,27327,44216,905,0.095674,30.083218,2070,310,1470,-970
6.5378,45.0,314.435988,27327,44216,905,0.095674,30.083218,2380,-310,1280,-1780
6.5378,45.0,314.435988,27327,44216,905,0.095674,30.083218,-2070,1100,-600,2380
6.5378,45.0,314.435988,27327,44216,905,0.095674,30.083218,-970,-1100,-1280,-500
6.5378,45.0,314.435988,27327,44216,905,0.095674,30.083218,-500,1470,600,1780
6.5378,45.0,314.435988,27327,44216,905,0.095674,30.083218,970,-1470,-310,-2070
6.5378,45.0,314.435988,27327,44216,905,0.095674,30.083218,500,1280,1100,970
6.5378,45.0,314.435988,27327,44216,905,0.095674,30.083218,1780,-1280,310,-2380
6.5378,45.0,314.435988,27327,44216,905,0.095674,30.083218,-1780,-600,-1470,500
6.5378,45.0,314.435988,27327,44216,905,0.095674,30.083218,-2380,600,-1100,2070
6.5378,45.0,314.435988,27327,44216,905,0.095674,30.083218,1780,600,1470,-500
6.5378,45.0,314.435988,27327,44216,905,0.095674,30.083218,2380,-600,1100,-2070
6.5378,45.0,314.435988,27327,44216,905,0.095674,30.083218,-1780,1280,-310,2380
6.5378,45.0,314.435988,27327,44216,905,0.095674,30.083218,-500,-1280,-1100,-970
6.5378,45.0,314.435988,27327,44216,905,0.095674,30.083218,-970,1470,310,2070
6.5378,45.0,314.435988,27327,44216,905,0.095674,30.083218,500,-1470,-600,-1780
6.5378,45.0,314.435988,27327,44216,905,0.095674,30.083218,970,1100,1280,500
6.5378,45.0,314.435988,27327,44216,905,0.095674,30.083218,2070,-1100,600,-2380
6.5378,45.0,314.435988,27327,44216,905,0.095674,30.083218,-2070,-310,-1470,970
6.5378,45.0,314.435988,27327,44216,905,0.095674,30.083218,-2380,310,-1280,1780
6.5378,45.0,316.791704,27738,44881,1661,0.128650,40.755368,1940,470,1490,-730
6.5378,45.0,316.791704,27738,44881,1661,0.128650,40.755368,2410,-470,1200,-1960
6.5378,45.0,316.791704,27738,44881,1661,0.128650,40.755368,-1940,1210,-450,2410
6.5378,45.0,316.791704,27738,44881,1661,0.128650,40.755368,-730,-1210,-1200,-760
6.5378,45.0,316.791704,27738,44881,1661,0.128650,40.755368,-760,1490,450,1960
6.5378,45.0,316.791704,27738,44881,1661,0.128650,40.755368,730,-1490,-470,-1940
6.5378,45.0,316.791704,27738,44881,1661,0.128650,40.755368,760,1200,1210,730
6.5378,45.0,316.791704,27738,44881,1661,0.128650,40.755368,1960,-1200,470,-2410
6.5378,45.0,316.791704,27738,44881,1661,0.128650,40.755368,-1960,-450,-1490,760
6.5378,45.0,316.791704,27738,44881,1661,0.128650,40.755368,-2410,450,-1210,1940
6.5378,45.0,316.791704,27738,44881,1661,0.128650,40.755368,370,1330,1050,1100
6.5378,45.0,316.791704,27738,44881,1661,0.128650,40.755368,1700,-1330,230,-2380
6.5378,45.0,316.791704,27738,44881,1661,0.128650,40.755368,-2380,680,-1050,2150
6.5378,45.0,316.791704,27738,44881,1661,0.128650,40.755368,2380,-230,1330,-1700
6.5378,45.0,316.791704,27738,44881,1661,0.128650,40.755368,1100,-1470,-230,-2150
6.5378,45.0,316.791704,27738,44881,1661,0.128650,40.755368,2150,230,1470,-1100
6.5378,45.0,316.791704,27738,44881,1661,0.128650,40.755368,-1100,-1050,-1330,-370
6.5378,45.0,316.791704,27738,44881,1661,0.128650,40.755368,-370,1470,680,1700
6.5378,45.0,316.791704,27738,44881,1661,0.128650,40.755368,-1700,-680,-1470,370
6.5378,45.0,316.791704,27738,44881,1661,0.128650,40.755368,-2150,1050,-680,2380
6.5378,45.0,317.419271,27848,45059,655,0.080628,25.592968,2040,370,1490,-890
6.5378,45.0,317.419271,27848,45059,655,0.080628,25.592968,2410,-370,1260,-1860
6.5378,45.0,317.419271,27848,45059,655,0.080628,25.592968,-2040,1150,-550,2410
6.5378,45.0,317.419271,27848,45059,655,0.080628,25.592968,-890,-1150,-1260,-600
6.5378,45.0,317.419271,27848,45059,655,0.080628,25.592968,-600,1490,550,1860
6.5378,45.0,317.419271,27848,45059,655,0.080628,25.592968,890,-1490,-370,-2040
6.5378,45.0,317.419271,27848,45059,655,0.080628,25.592968,600,1260,1150,890
6.5378,45.0,317.419271,27848,45059,655,0.080628,25.592968,1860,-1260,370,-2410
6.5378,45.0,317.419271,27848,45059,655,0.080628,25.592968,-1860,-550,-1490,600
6.5378,45.0,317.419271,27848,45059,655,0.080628,25.592968,-2410,550,-1150,2040
6.5378,45.0,317.419271,27848,45059,655,0.080628,25.592968,1860,550,1490,-600
6.5378,45.0,317.419271,27848,45059,655,0.080628,25.592968,2410,-550,1150,-2040
6.5378,45.0,317.419271,27848,45059,655,0.080628,25.592968,-1860,1260,-370,2410
6.5378,45.0,317.419271,27848,45059,655,0.080628,25.592968,-600,-1260,-1150,-890
6.5378,45.0,317.419271,27848,45059,655,0.080628,25.592968,-890,1490,370,2040
6.5378,45.0,317.419271,27848,45059,655,0.080628,25.592968,600,-1490,-550,-1860
6.5378,45.0,317.419271,27848,45059,655,0.080628,25.592968,890,1150,1260,600
6.5378,45.0,317.419271,27848,45059,655,0.080628,25.592968,2040,-1150,550,-2410
6.5378,45.0,317.419271,27848,45059,655,0.080628,25.592968,-2040,-370,-1490,890
6.5378,45.0,317.419271,27848,45059,655,0.080628,25.592968,-2410,370,-1260,1860
6.5378,45.0,317.926077,27937,45203,971,0.098013,31.160873,1830,580,1490,-550
6.5378,45.0,317.926077,27937,45203,971,0.098013,31.160873,2410,-580,1130,-2070
6.5378,45.0,317.926077,27937,45203,971,0.098013,31.160873,-1830,1280,-340,2410
6.5378,45.0,317.926077,27937,45203,971,0.098013,31.160873,-550,-1280,-1130,-940
6.5378,45.0,317.926077,27937,45203,971,0.098013,31.160873,-940,1490,340,2070
6.5378,45.0,317.926077,27937,45203,971,0.098013,31.160873,550,-1490,-580,-1830
6.5378,45.0,317.926077,27937,45203,971,0.098013,31.160873,940,1130,1280,550
6.5378,45.0,317.926077,27937,45203,971,0.098013,31.160873,2070,-1130,580,-2410
6.5378,45.0,317.926077,27937,45203,971,0.098013,31.160873,-2070,-340,-1490,940
6.5378,45.0,317.926077,27937,45203,971,0.098013,31.160873,-2410,340,-1280,1830
6.5378,45.0,319.056417,28136,45525,271,0.051596,16.462078,2120,290,1490,-1020
6.5378,45.0,319.056417,28136,45525,271,0.051596,16.462078,2410,-290,1310,-1780
6.5378,45.0,319.056417,28136,45525,271,0.051596,16.462078,-2120,1100,-630,2410
6.5378,45.0,319.056417,28136,45525,271,0.051596,16.462078,-1020,-1100,-1310,-470
6.5378,45.0,319.056417,28136,45525,271,0.051596,16.462078,-470,1490,630,1780
6.5378,45.0,319.056417,28136,45525,271,0.051596,16.462078,1020,-1490,-290,-2120
6.5378,45.0,319.056417,28136,45525,271,0.051596,16.462078,470,1310,1100,1020
6.5378,45.0,319.056417,28136,45525,271,0.051596,16.462078,1780,-1310,290,-2410
6.5378,45.0,319.056417,28136,45525,271,0.051596,16.462078,-1780,-630,-1490,470
6.5378,45.0,319.056417,28136,45525,271,0.051596,16.462078,-2410,630,-1100,2120
6.5378,45.0,322.687138,28780,46567,1171,0.106047,34.219877,1570,810,1470,-160
6.5378,45.0,322.687138,28780,46567,1171,0.106047,34.219877,2380,-810,970,-2280
6.5378,45.0,322.687138,28780,46567,1171,0.106047,34.219877,-1570,1410,-100,2380
6.5378,45.0,322.687138,28780,46567,1171,0.106047,34.219877,-160,-1410,-970,-1310
6.5378,45.0,322.687138,28780,46567,1171,0.106047,34.219877,-1310,1470,100,2280
6.5378,45.0,322.687138,28780,46567,1171,0.106047,34.219877,160,-1470,-810,-1570
6.5378,45.0,322.687138,28780,46567,1171,0.106047,34.219877,1310,970,1410,160
6.5378,45.0,322.687138,28780,46567,1171,0.106047,34.219877,2280,-970,810,-2380
6.5378,45.0,322.687138,28780,46567,1171,0.106047,34.219877,-2280,-100,-1470,1310
6.5378,45.0,322.687138,28780,46567,1171,0.106047,34.219877,-2380,100,-1410,1570
6.5378,45.0,323.303261,28890,46745,125,0.034582,11.180340,1990,470,1520,-760
6.5378,45.0,323.303261,28890,46745,125,0.034582,11.180340,2460,-470,1230,-1990
6.5378,45.0,323.303261,28890,46745,125,0.034582,11.180340,-1990,1230,-470,2460
6.5378,45.0,323.303261,28890,46745,125,0.034582,11.180340,-760,-1230,-1230,-760
6.5378,45.0,323.303261,28890,46745,125,0.034582,11.180340,-760,1520,470,1990
6.5378,45.0,323.303261,28890,46745,125,0.034582,11.180340,760,-1520,-470,-1990
6.5378,45.0,323.303261,28890,46745,125,0.034582,11.180340,760,1230,1230,760
6.5378,45.0,323.303261,28890,46745,125,0.034582,11.180340,1990,-1230,470,-2460
6.5378,45.0,323.303261,28890,46745,125,0.034582,11.180340,-1990,-470,-1520,760
6.5378,45.0,323.303261,28890,46745,125,0.034582,11.180340,-2460,470,-1230,1990
6.5378,45.0,323.800858,28979,46889,451,0.065586,21.236761,2070,390,1520,-890
6.5378,45.0,323.800858,28979,46889,451,0.065586,21.236761,2460,-390,1280,-1910
6.5378,45.0,323.800858,28979,46889,451,0.065586,21.236761,-2070,1180,-550,2460
6.5378,45.0,323.800858,28979,46889,451,0.065586,21.236761,-890,-1180,-1280,-630
6.5378,45.0,323.800858,28979,46889,451,0.065586,21.236761,-630,1520,550,1910
6.5378,45.0,323.800858,28979,46889,451,0.065586,21.236761,890,-1520,-390,-2070
6.5378,45.0,323.800858,28979,46889,451,0.065586,21.236761,630,1280,1180,890
6.5378,45.0,323.800858,28979,46889,451,0.065586,21.236761,1910,-1280,390,-2460
6.5378,45.0,323.800858,28979,46889,451,0.065586,21.236761,-1910,-550,-1520,630
6.5378,45.0,323.800858,28979,46889,451,0.065586,21.236761,-2460,550,-1180,2070
6.5378,45.0,323.800858,28979,46889,451,0.065586,21.236761,1650,760,1490,-260
6.5378,45.0,323.800858,28979,46889,451,0.065586,21.236761,2410,-760,1020,-2250
6.5378,45.0,323.800858,28979,46889,451,0.065586,21.236761,-1650,1390,-160,2410
6.5378,45.0,323.800858,28979,46889,451,0.065586,21.236761,-260,-1390,-1020,-1230
6.5378,45.0,323.800858,28979,46889,451,0.065586,21.236761,-1230,1490,160,2250
6.5378,45.0,323.800858,28979,46889,451,0.065586,21.236761,260,-1490,-760,-1650
6.5378,45.0,323.800858,28979,46889,451,0.065586,21.236761,1230,1020,1390,260
6.5378,45.0,323.800858,28979,46889,451,0.065586,21.236761,2250,-1020,760,-2410
6.5378,45.0,323.800858,28979,46889,451,0.065586,21.236761,-2250,-160,-1490,1230
6.5378,45.0,323.800858,28979,46889,451,0.065586,21.236761,-2410,160,-1390,1650
6.5378,45.0,325.594827,29301,47410,911,0.092700,30.182777,80,1440,940,1390
6.5378,45.0,325.594827,29301,47410,911,0.092700,30.182777,-80,1470,860,1520
6.5378,45.0,325.594827,29301,47410,911,0.092700,30.182777,1390,-1470,-50,-2330
6.5378,45.0,325.594827,29301,47410,911,0.092700,30.182777,1520,-1440,50,-2380
6.5378,45.0,325.594827,29301,47410,911,0.092700,30.182777,-2380,860,-940,2330
6.5378,45.0,325.594827,29301,47410,911,0.092700,30.182777,-2330,940,-860,2380
6.5378,45.0,325.594827,29301,47410,911,0.092700,30.182777,2380,-50,1440,-1520
6.5378,45.0,325.594827,29301,47410,911,0.092700,30.182777,2330,50,1470,-1390
6.5378,45.0,325.594827,29301,47410,911,0.092700,30.182777,-1390,-940,-1440,-80
6.5378,45.0,325.594827,29301,47410,911,0.092700,30.182777,-1520,-860,-1470,80
6.5378,45.0,326.698635,29500,47732,176,0.040608,13.266499,1780,680,1520,-420
6.5378,45.0,326.698635,29500,47732,176,0.040608,13.266499,2460,-680,1100,-2200
6.5378,45.0,326.698635,29500,47732,176,0.040608,13.266499,-1780,1360,-260,2460
6.5378,45.0,326.698635,29500,47732,176,0.040608,13.266499,-420,-1360,-1100,-1100
6.5378,45.0,326.698635,29500,47732,176,0.040608,13.266499,-1100,1520,260,2200
6.5378,45.0,326.698635,29500,47732,176,0.040608,13.266499,420,-1520,-680,-1780
6.5378,45.0,326.698635,29500,47732,176,0.040608,13.266499,1100,1100,1360,420
6.5378,45.0,326.698635,29500,47732,176,0.040608,13.266499,2200,-1100,680,-2460
6.5378,45.0,326.698635,29500,47732,176,0.040608,13.266499,-2200,-260,-1520,1100
6.5378,45.0,326.698635,29500,47732,176,0.040608,13.266499,-2460,260,-1360,1780
6.5378,45.0,327.378966,29623,47931,1381,0.113513,37.161808,2040,450,1540,-810
6.5378,45.0,327.378966,29623,47931,1381,0.113513,37.161808,2490,-450,1260,-1990
6.5378,45.0,327.378966,29623,47931,1381,0.113513,37.161808,-2040,1230,-500,2490
6.5378,45.0,327.378966,29623,47931,1381,0.113513,37.161808,-810,-1230,-1260,-730
6.5378,45.0,327.378966,29623,47931,1381,0.113513,37.161808,-730,1540,500,1990
6.5378,45.0,327.378966,29623,47931,1381,0.113513,37.161808,810,-1540,-450,-2040
6.5378,45.0,327.378966,29623,47931,1381,0.113513,37.161808,730,1260,1230,810
6.5378,45.0,327.378966,29623,47931,1381,0.113513,37.161808,1990,-1260,450,-2490
6.5378,45.0,327.378966,29623,47931,1381,0.113513,37.161808,-1990,-500,-1540,730
6.5378,45.0,327.378966,29623,47931,1381,0.113513,37.161808,-2490,500,-1230,2040
6.5378,45.0,327.986276,29733,48109,305,0.053247,17.464249,130,1440,970,1360
6.5378,45.0,327.986276,29733,48109,305,0.053247,17.464249,1570,-1440,80,-2410
6.5378,45.0,327.986276,29733,48109,305,0.053247,17.464249,-2410,840,-970,2330
6.5378,45.0,327.986276,29733,48109,305,0.053247,17.464249,2410,-80,1440,-1570
6.5378,45.0,327.986276,29733,48109,305,0.053247,17.464249,1360,-1490,-80,-2330
6.5378,45.0,327.986276,29733,48109,305,0.053247,17.464249,2330,80,1490,-1360
6.5378,45.0,327.986276,29733,48109,305,0.053247,17.464249,-1360,-970,-1440,-130
6.5378,45.0,327.986276,29733,48109,305,0.053247,17.464249,-130,1490,840,1570
6.5378,45.0,327.986276,29733,48109,305,0.053247,17.464249,-1570,-840,-1490,130
6.5378,45.0,327.986276,29733,48109,305,0.053247,17.464249,-2330,970,-840,2410
6.5378,45.0,327.986276,29733,48109,305,0.053247,17.464249,1570,840,1490,-130
6.5378,45.0,327.986276,29733,48109,305,0.053247,17.464249,2410,-840,970,-2330
6.5378,45.0,327.986276,29733,48109,305,0.053247,17.464249,-1570,1440,-80,2410
6.5378,45.0,327.986276,29733,48109,305,0.053247,17.464249,-130,-1440,-970,-1360
6.5378,45.0,327.986276,29733,48109,305,0.053247,17.464249,-1360,1490,80,2330
6.5378,45.0,327.986276,29733,48109,305,0.053247,17.464249,130,-1490,-840,-1570
6.5378,45.0,327.986276,29733,48109,305,0.053247,17.464249,1360,970,1440,130
6.5378,45.0,327.986276,29733,48109,305,0.053247,17.464249,2330,-970,840,-2410
6.5378,45.0,327.986276,29733,48109,305,0.053247,17.464249,-2330,-80,-1490,1360
6.5378,45.0,327.986276,29733,48109,305,0.053247,17.464249,-2410,80,-1440,1570
6.5378,45.0,328.476779,29822,48253,641,0.077077,25.317978,340,1390,1070,1180
6.5378,45.0,328.476779,29822,48253,641,0.077077,25.317978,1730,-1390,210,-2460
6.5378,45.0,328.476779,29822,48253,641,0.077077,25.317978,-2460,730,-1070,2250
6.5378,45.0,328.476779,29822,48253,641,0.077077,25.317978,2460,-210,1390,-1730
6.5378,45.0,328.476779,29822,48253,641,0.077077,25.317978,1180,-1520,-210,-2250
6.5378,45.0,328.476779,29822,48253,641,0.077077,25.317978,2250,210,1520,-1180
6.5378,45.0,328.476779,29822,48253,641,0.077077,25.317978,-1180,-1070,-1390,-340
6.5378,45.0,328.476779,29822,48253,641,0.077077,25.317978,-340,1520,730,1730
6.5378,45.0,328.476779,29822,48253,641,0.077077,25.317978,-1730,-730,-1520,340
6.5378,45.0,328.476779,29822,48253,641,0.077077,25.317978,-2250,1070,-730,2460
6.5378,45.0,329.757476,30055,48630,775,0.084422,27.838822,290,1410,1050,1230
6.5378,45.0,329.757476,30055,48630,775,0.084422,27.838822,1700,-1410,180,-2460
6.5378,45.0,329.757476,30055,48630,775,0.084422,27.838822,-2460,760,-1050,2280
6.5378,45.0,329.757476,30055,48630,775,0.084422,27.838822,2460,-180,1410,-1700
6.5378,45.0,329.757476,30055,48630,775,0.084422,27.838822,1230,-1520,-180,-2280
6.5378,45.0,329.757476,30055,48630,775,0.084422,27.838822,2280,180,1520,-1230
6.5378,45.0,329.757476,30055,48630,775,0.084422,27.838822,-1230,-1050,-1410,-290
6.5378,45.0,329.757476,30055,48630,775,0.084422,27.838822,-290,1520,760,1700
6.5378,45.0,329.757476,30055,48630,775,0.084422,27.838822,-1700,-760,-1520,290
6.5378,45.0,329.757476,30055,48630,775,0.084422,27.838822,-2280,1050,-760,2460
6.5378,45.0,329.757476,30055,48630,775,0.084422,27.838822,1700,760,1520,-290
6.5378,45.0,329.757476,30055,48630,775,0.084422,27.838822,2460,-760,1050,-2280
6.5378,45.0,329.757476,30055,48630,775,0.084422,27.838822,-1700,1410,-180,2460
6.5378,45.0,329.757476,30055,48630,775,0.084422,27.838822,-290,-1410,-1050,-1230
6.5378,45.0,329.757476,30055,48630,775,0.084422,27.838822,-1230,1520,180,2280
6.5378,45.0,329.757476,30055,48630,775,0.084422,27.838822,290,-1520,-760,-1700
6.5378,45.0,329.757476,30055,48630,775,0.084422,27.838822,1230,1050,1410,290
6.5378,45.0,329.757476,30055,48630,775,0.084422,27.838822,2280,-1050,760,-2460
6.5378,45.0,329.757476,30055,48630,775,0.084422,27.838822,-2280,-180,-1520,1230
6.5378,45.0,329.757476,30055,48630,775,0.084422,27.838822,-2460,180,-1410,1700
6.5378,45.0,331.519213,30377,49151,1255,0.106860,35.425979,1780,710,1540,-390
6.5378,45.0,331.519213,30377,49151,1255,0.106860,35.425979,2490,-710,1100,-2250
6.5378,45.0,331.519213,30377,49151,1255,0.106860,35.425979,-1780,1390,-240,2490
6.5378,45.0,331.519213,30377,49151,1255,0.106860,35.425979,-390,-1390,-1100,-1150
6.5378,45.0,331.519213,30377,49151,1255,0.106860,35.425979,-1150,1540,240,2250
6.5378,45.0,331.519213,30377,49151,1255,0.106860,35.425979,390,-1540,-710,-1780
6.5378,45.0,331.519213,30377,49151,1255,0.106860,35.425979,1150,1100,1390,390
6.5378,45.0,331.519213,30377,49151,1255,0.106860,35.425979,2250,-1100,710,-2490
6.5378,45.0,331.519213,30377,49151,1255,0.106860,35.425979,-2250,-240,-1540,1150
6.5378,45.0,331.519213,30377,49151,1255,0.106860,35.425979,-2490,240,-1390,1780
6.5378,45.0,332.004496,30466,49295,1601,0.120518,40.012498,2200,310,1550,-1050
6.5378,45.0,332.004496,30466,49295,1601,0.120518,40.012498,2510,-310,1360,-1860
6.5378,45.0,332.004496,30466,49295,1601,0.120518,40.012498,-2200,1150,-650,2510
6.5378,45.0,332.004496,30466,49295,1601,0.120518,40.012498,-1050,-1150,-1360,-500
6.5378,45.0,332.004496,30466,49295,1601,0.120518,40.012498,-500,1550,650,1860
6.5378,45.0,332.004496,30466,49295,1601,0.120518,40.012498,1050,-1550,-310,-2200
6.5378,45.0,332.004496,30466,49295,1601,0.120518,40.012498,500,1360,1150,1050
6.5378,45.0,332.004496,30466,49295,1601,0.120518,40.012498,1860,-1360,310,-2510
6.5378,45.0,332.004496,30466,49295,1601,0.120518,40.012498,-1860,-650,-1550,500
6.5378,45.0,332.004496,30466,49295,1601,0.120518,40.012498,-2510,650,-1150,2200
6.5378,45.0,333.087064,30665,49617,841,0.087064,29.000000,0,1490,920,1490
6.5378,45.0,333.087064,30665,49617,841,0.087064,29.000000,1490,-1490,0,-2410
6.5378,45.0,333.087064,30665,49617,841,0.087064,29.000000,-2410,920,-920,2410
6.5378,45.0,333.087064,30665,49617,841,0.087064,29.000000,2410,0,1490,-1490
6.5378,45.0,333.087064,30665,49617,841,0.087064,29.000000,-1490,-920,-1490,0
6.5378,45.0,334.166125,30864,49939,71,0.025215,8.426150,1990,550,1570,-680
6.5378,45.0,334.166125,30864,49939,71,0.025215,8.426150,2540,-550,1230,-2120
6.5378,45.0,334.166125,30864,49939,71,0.025215,8.426150,-1990,1310,-420,2540
6.5378,45.0,334.166125,30864,49939,71,0.025215,8.426150,-680,-1310,-1230,-890
6.5378,45.0,334.166125,30864,49939,71,0.025215,8.426150,-890,1570,420,2120
6.5378,45.0,334.166125,30864,49939,71,0.025215,8.426150,680,-1570,-550,-1990
6.5378,45.0,334.166125,30864,49939,71,0.025215,8.426150,890,1230,1310,680
6.5378,45.0,334.166125,30864,49939,71,0.025215,8.426150,2120,-1230,550,-2540
6.5378,45.0,334.166125,30864,49939,71,0.025215,8.426150,-2120,-420,-1570,890
6.5378,45.0,334.166125,30864,49939,71,0.025215,8.426150,-2540,420,-1310,1990
6.5378,45.0,334.831283,30987,50138,1331,0.108959,36.482873,2170,370,1570,-970
6.5378,45.0,334.831283,30987,50138,1331,0.108959,36.482873,2540,-370,1340,-1940
6.5378,45.0,334.831283,30987,50138,1331,0.108959,36.482873,-2170,1200,-600,2540
6.5378,45.0,334.831283,30987,50138,1331,0.108959,36.482873,-970,-1200,-1340,-600
6.5378,45.0,334.831283,30987,50138,1331,0.108959,36.482873,-600,1570,600,1940
6.5378,45.0,334.831283,30987,50138,1331,0.108959,36.482873,970,-1570,-370,-2170
6.5378,45.0,334.831283,30987,50138,1331,0.108959,36.482873,600,1340,1200,970
6.5378,45.0,334.831283,30987,50138,1331,0.108959,36.482873,1940,-1340,370,-2540
6.5378,45.0,334.831283,30987,50138,1331,0.108959,36.482873,-1940,-600,-1570,600
6.5378,45.0,334.831283,30987,50138,1331,0.108959,36.482873,-2540,600,-1200,2170
6.5378,45.0,334.831283,30987,50138,1331,0.108959,36.482873,260,1440,1050,1280
6.5378,45.0,334.831283,30987,50138,1331,0.108959,36.482873,1700,-1440,160,-2490
6.5378,45.0,334.831283,30987,50138,1331,0.108959,36.482873,-2490,790,-1050,2330
6.5378,45.0,334.831283,30987,50138,1331,0.108959,36.482873,2490,-160,1440,-1700
6.5378,45.0,334.831283,30987,50138,1331,0.108959,36.482873,1280,-1540,-160,-2330
6.5378,45.0,334.831283,30987,50138,1331,0.108959,36.482873,2330,160,1540,-1280
6.5378,45.0,334.831283,30987,50138,1331,0.108959,36.482873,-1280,-1050,-1440,-260
6.5378,45.0,334.831283,30987,50138,1331,0.108959,36.482873,-260,1540,790,1700
6.5378,45.0,334.831283,30987,50138,1331,0.108959,36.482873,-1700,-790,-1540,260
6.5378,45.0,334.831283,30987,50138,1331,0.108959,36.482873,-2330,1050,-790,2490
6.5378,45.0,334.831283,30987,50138,1331,0.108959,36.482873,1600,860,1520,-130
6.5378,45.0,334.831283,30987,50138,1331,0.108959,36.482873,2460,-860,990,-2380
6.5378,45.0,334.831283,30987,50138,1331,0.108959,36.482873,-1600,1470,-80,2460
6.5378,45.0,334.831283,30987,50138,1331,0.108959,36.482873,-130,-1470,-990,-1390
6.5378,45.0,334.831283,30987,50138,1331,0.108959,36.482873,-1390,1520,80,2380
6.5378,45.0,334.831283,30987,50138,1331,0.108959,36.482873,130,-1520,-860,-1600
6.5378,45.0,334.831283,30987,50138,1331,0.108959,36.482873,1390,990,1470,130
6.5378,45.0,334.831283,30987,50138,1331,0.108959,36.482873,2380,-990,860,-2460
6.5378,45.0,334.831283,30987,50138,1331,0.108959,36.482873,-2380,-80,-1520,1390
6.5378,45.0,334.831283,30987,50138,1331,0.108959,36.482873,-2460,80,-1470,1600
6.5378,45.0,335.425101,31097,50316,205,0.042686,14.317821,2200,340,1570,-1020
6.5378,45.0,335.425101,31097,50316,205,0.042686,14.317821,2540,-340,1360,-1910
6.5378,45.0,335.425101,31097,50316,205,0.042686,14.317821,-2200,1180,-630,2540
6.5378,45.0,335.425101,31097,50316,205,0.042686,14.317821,-1020,-1180,-1360,-550
6.5378,45.0,335.425101,31097,50316,205,0.042686,14.317821,-550,1570,630,1910
6.5378,45.0,335.425101,31097,50316,205,0.042686,14.317821,1020,-1570,-340,-2200
6.5378,45.0,335.425101,31097,50316,205,0.042686,14.317821,550,1360,1180,1020
6.5378,45.0,335.425101,31097,50316,205,0.042686,14.317821,1910,-1360,340,-2540
6.5378,45.0,335.425101,31097,50316,205,0.042686,14.317821,-1910,-630,-1570,550
6.5378,45.0,335.425101,31097,50316,205,0.042686,14.317821,-2540,630,-1180,2200
6.5378,45.0,335.425101,31097,50316,205,0.042686,14.317821,1910,630,1570,-550
6.5378,45.0,335.425101,31097,50316,205,0.042686,14.317821,2540,-630,1180,-2200
6.5378,45.0,335.425101,31097,50316,205,0.042686,14.317821,-1910,1360,-340,2540
6.5378,45.0,335.425101,31097,50316,205,0.042686,14.317821,-550,-1360,-1180,-1020
6.5378,45.0,335.425101,31097,50316,205,0.042686,14.317821,-1020,1570,340,2200
6.5378,45.0,335.425101,31097,50316,205,0.042686,14.317821,550,-1570,-630,-1910
6.5378,45.0,335.425101,31097,50316,205,0.042686,14.317821,1020,1180,1360,550
6.5378,45.0,335.425101,31097,50316,205,0.042686,14.317821,2200,-1180,630,-2540
6.5378,45.0,335.425101,31097,50316,205,0.042686,14.317821,-2200,-340,-1570,1020
6.5378,45.0,335.425101,31097,50316,205,0.042686,14.317821,-2540,340,-1360,1910
6.5378,45.0,337.634404,31508,50981,1051,0.096018,32.419130,420,1410,1130,1150
6.5378,45.0,337.634404,31508,50981,1051,0.096018,32.419130,1830,-1410,260,-2540
6.5378,45.0,337.634404,31508,50981,1051,0.096018,32.419130,-2540,710,-1130,2280
6.5378,45.0,337.634404,31508,50981,1051,0.096018,32.419130,2540,-260,1410,-1830
6.5378,45.0,337.634404,31508,50981,1051,0.096018,32.419130,1150,-1570,-260,-2280
6.5378,45.0,337.634404,31508,50981,1051,0.096018,32.419130,2280,260,1570,-1150
6.5378,45.0,337.634404,31508,50981,1051,0.096018,32.419130,-1150,-1130,-1410,-420
6.5378,45.0,337.634404,31508,50981,1051,0.096018,32.419130,-420,1570,710,1830
6.5378,45.0,337.634404,31508,50981,1051,0.096018,32.419130,-1830,-710,-1570,420
6.5378,45.0,337.634404,31508,50981,1051,0.096018,32.419130,-2280,1130,-710,2540
6.5378,45.0,339.941166,31940,51680,400,0.058834,20.000000,0,1520,940,1520
6.5378,45.0,339.941166,31940,51680,400,0.058834,20.000000,1520,-1520,0,-2460
6.5378,45.0,339.941166,31940,51680,400,0.058834,20.000000,-2460,940,-940,2460
6.5378,45.0,339.941166,31940,51680,400,0.058834,20.000000,2460,0,1520,-1520
6.5378,45.0,339.941166,31940,51680,400,0.058834,20.000000,-1520,-940,-1520,0
6.5378,45.0,339.941166,31940,51680,400,0.058834,20.000000,0,-1520,-940,-1520
6.5378,45.0,339.941166,31940,51680,400,0.058834,20.000000,2460,-940,940,-2460
6.5378,45.0,339.941166,31940,51680,400,0.058834,20.000000,-1520,1520,0,2460
6.5378,45.0,339.941166,31940,51680,400,0.058834,20.000000,-2460,0,-1520,1520
6.5378,45.0,339.941166,31940,51680,400,0.058834,20.000000,1520,940,1520,0
6.5378,45.0,340.414444,32029,51824,761,0.081037,27.586228,2120,470,1600,-840
6.5378,45.0,340.414444,32029,51824,761,0.081037,27.586228,2590,-470,1310,-2070
6.5378,45.0,340.414444,32029,51824,761,0.081037,27.586228,-2120,1280,-520,2590
6.5378,45.0,340.414444,32029,51824,761,0.081037,27.586228,-840,-1280,-1310,-760
6.5378,45.0,340.414444,32029,51824,761,0.081037,27.586228,-760,1600,520,2070
6.5378,45.0,340.414444,32029,51824,761,0.081037,27.586228,840,-1600,-470,-2120
6.5378,45.0,340.414444,32029,51824,761,0.081037,27.586228,760,1310,1280,840
6.5378,45.0,340.414444,32029,51824,761,0.081037,27.586228,2070,-1310,470,-2590
6.5378,45.0,340.414444,32029,51824,761,0.081037,27.586228,-2070,-520,-1600,760
6.5378,45.0,340.414444,32029,51824,761,0.081037,27.586228,-2590,520,-1280,2120
6.5378,45.0,341.650395,32262,52201,905,0.088053,30.083218,260,1470,1070,1310
6.5378,45.0,341.650395,32262,52201,905,0.088053,30.083218,1730,-1470,160,-2540
6.5378,45.0,341.650395,32262,52201,905,0.088053,30.083218,-2540,810,-1070,2380
6.5378,45.0,341.650395,32262,52201,905,0.088053,30.083218,2540,-160,1470,-1730
6.5378,45.0,341.650395,32262,52201,905,0.088053,30.083218,1310,-1570,-160,-2380
6.5378,45.0,341.650395,32262,52201,905,0.088053,30.083218,2380,160,1570,-1310
6.5378,45.0,341.650395,32262,52201,905,0.088053,30.083218,-1310,-1070,-1470,-260
6.5378,45.0,341.650395,32262,52201,905,0.088053,30.083218,-260,1570,810,1730
6.5378,45.0,341.650395,32262,52201,905,0.088053,30.083218,-1730,-810,-1570,260
6.5378,45.0,341.650395,32262,52201,905,0.088053,30.083218,-2380,1070,-810,2540
6.5378,45.0,341.650395,32262,52201,905,0.088053,30.083218,1730,810,1570,-260
6.5378,45.0,341.650395,32262,52201,905,0.088053,30.083218,2540,-810,1070,-2380
6.5378,45.0,341.650395,32262,52201,905,0.088053,30.083218,-1730,1470,-160,2540
6.5378,45.0,341.650395,32262,52201,905,0.088053,30.083218,-260,-1470,-1070,-1310
6.5378,45.0,341.650395,32262,52201,905,0.088053,30.083218,-1310,1570,160,2380
6.5378,45.0,341.650395,32262,52201,905,0.088053,30.083218,260,-1570,-810,-1730
6.5378,45.0,341.650395,32262,52201,905,0.088053,30.083218,1310,1070,1470,260
6.5378,45.0,341.650395,32262,52201,905,0.088053,30.083218,2380,-1070,810,-2540
6.5378,45.0,341.650395,32262,52201,905,0.088053,30.083218,-2380,-160,-1570,1310
6.5378,45.0,341.650395,32262,52201,905,0.088053,30.083218,-2540,160,-1470,1730
6.5378,45.0,342.121308,32351,52345,1271,0.104206,35.651087,1940,650,1600,-550
6.5378,45.0,342.121308,32351,52345,1271,0.104206,35.651087,2590,-650,1200,-2250
6.5378,45.0,342.121308,32351,52345,1271,0.104206,35.651087,-1940,1390,-340,2590
6.5378,45.0,342.121308,32351,52345,1271,0.104206,35.651087,-550,-1390,-1200,-1050
6.5378,45.0,342.121308,32351,52345,1271,0.104206,35.651087,-1050,1600,340,2250
6.5378,45.0,342.121308,32351,52345,1271,0.104206,35.651087,550,-1600,-650,-1940
6.5378,45.0,342.121308,32351,52345,1271,0.104206,35.651087,1050,1200,1390,550
6.5378,45.0,342.121308,32351,52345,1271,0.104206,35.651087,2250,-1200,650,-2590
6.5378,45.0,342.121308,32351,52345,1271,0.104206,35.651087,-2250,-340,-1600,1050
6.5378,45.0,342.121308,32351,52345,1271,0.104206,35.651087,-2590,340,-1390,1940
6.5378,45.0,342.121308,32351,52345,1271,0.104206,35.651087,-50,-1520,-970,-1490
6.5378,45.0,342.121308,32351,52345,1271,0.104206,35.651087,50,-1540,-920,-1570
6.5378,45.0,342.121308,32351,52345,1271,0.104206,35.651087,2460,-970,920,-2490
6.5378,45.0,342.121308,32351,52345,1271,0.104206,35.651087,2490,-920,970,-2460
6.5378,45.0,342.121308,32351,52345,1271,0.104206,35.651087,-1490,1540,30,2460
6.5378,45.0,342.121308,32351,52345,1271,0.104206,35.651087,-1570,1520,-30,2490
6.5378,45.0,342.121308,32351,52345,1271,0.104206,35.651087,-2490,30,-1520,1570
6.5378,45.0,342.121308,32351,52345,1271,0.104206,35.651087,-2460,-30,-1540,1490
6.5378,45.0,342.121308,32351,52345,1271,0.104206,35.651087,1490,970,1520,50
6.5378,45.0,342.121308,32351,52345,1271,0.104206,35.651087,1570,920,1540,-50
6.5378,45.0,343.171963,32550,52667,461,0.062566,21.470911,1700,840,1570,-210
6.5378,45.0,343.171963,32550,52667,461,0.062566,21.470911,2540,-840,1050,-2410
6.5378,45.0,343.171963,32550,52667,461,0.062566,21.470911,-1700,1490,-130,2540
6.5378,45.0,343.171963,32550,52667,461,0.062566,21.470911,-210,-1490,-1050,-1360
6.5378,45.0,343.171963,32550,52667,461,0.062566,21.470911,-1360,1570,130,2410
6.5378,45.0,343.171963,32550,52667,461,0.062566,21.470911,210,-1570,-840,-1700
6.5378,45.0,343.171963,32550,52667,461,0.062566,21.470911,1360,1050,1490,210
6.5378,45.0,343.171963,32550,52667,461,0.062566,21.470911,2410,-1050,840,-2540
6.5378,45.0,343.171963,32550,52667,461,0.062566,21.470911,-2410,-130,-1570,1360
6.5378,45.0,343.171963,32550,52667,461,0.062566,21.470911,-2540,130,-1490,1700
6.5378,45.0,344.398018,32783,53044,605,0.071420,24.596748,2120,500,1620,-810
6.5378,45.0,344.398018,32783,53044,605,0.071420,24.596748,2620,-500,1310,-2120
6.5378,45.0,344.398018,32783,53044,605,0.071420,24.596748,-2120,1310,-500,2620
6.5378,45.0,344.398018,32783,53044,605,0.071420,24.596748,-810,-1310,-1310,-810
6.5378,45.0,344.398018,32783,53044,605,0.071420,24.596748,-810,1620,500,2120
6.5378,45.0,344.398018,32783,53044,605,0.071420,24.596748,810,-1620,-500,-2120
6.5378,45.0,344.398018,32783,53044,605,0.071420,24.596748,810,1310,1310,810
6.5378,45.0,344.398018,32783,53044,605,0.071420,24.596748,2120,-1310,500,-2620
6.5378,45.0,344.398018,32783,53044,605,0.071420,24.596748,-2120,-500,-1620,810
6.5378,45.0,344.398018,32783,53044,605,0.071420,24.596748,-2620,500,-1310,2120
6.5378,45.0,344.398018,32783,53044,605,0.071420,24.596748,420,1440,1150,1180
6.5378,45.0,344.398018,32783,53044,605,0.071420,24.596748,1860,-1440,260,-2590
6.5378,45.0,344.398018,32783,53044,605,0.071420,24.596748,-2590,730,-1150,2330
6.5378,45.0,344.398018,32783,53044,605,0.071420,24.596748,2590,-260,1440,-1860
6.5378,45.0,344.398018,32783,53044,605,0.071420,24.596748,1180,-1600,-260,-2330
6.5378,45.0,344.398018,32783,53044,605,0.071420,24.596748,2330,260,1600,-1180
6.5378,45.0,344.398018,32783,53044,605,0.071420,24.596748,-1180,-1150,-1440,-420
6.5378,45.0,344.398018,32783,53044,605,0.071420,24.596748,-420,1600,730,1860
6.5378,45.0,344.398018,32783,53044,605,0.071420,24.596748,-1860,-730,-1600,420
6.5378,45.0,344.398018,32783,53044,605,0.071420,24.596748,-2330,1150,-730,2590
6.5378,45.0,344.398018,32783,53044,605,0.071420,24.596748,1860,730,1600,-420
6.5378,45.0,344.398018,32783,53044,605,0.071420,24.596748,2590,-730,1150,-2330
6.5378,45.0,344.398018,32783,53044,605,0.071420,24.596748,-1860,1440,-260,2590
6.5378,45.0,344.398018,32783,53044,605,0.071420,24.596748,-420,-1440,-1150,-1180
6.5378,45.0,344.398018,32783,53044,605,0.071420,24.596748,-1180,1600,260,2330
6.5378,45.0,344.398018,32783,53044,605,0.071420,24.596748,420,-1600,-730,-1860
6.5378,45.0,344.398018,32783,53044,605,0.071420,24.596748,1180,1150,1440,420
6.5378,45.0,344.398018,32783,53044,605,0.071420,24.596748,2330,-1150,730,-2590
6.5378,45.0,344.398018,32783,53044,605,0.071420,24.596748,-2330,-260,-1600,1180
6.5378,45.0,344.398018,32783,53044,605,0.071420,24.596748,-2590,260,-1440,1860
6.5378,45.0,344.865179,32872,53188,976,0.090589,31.240999,2200,420,1620,-940
6.5378,45.0,344.865179,32872,53188,976,0.090589,31.240999,2620,-420,1360,-2040
6.5378,45.0,344.865179,32872,53188,976,0.090589,31.240999,-2200,1260,-580,2620
6.5378,45.0,344.865179,32872,53188,976,0.090589,31.240999,-940,-1260,-1360,-680
6.5378,45.0,344.865179,32872,53188,976,0.090589,31.240999,-680,1620,580,2040
6.5378,45.0,344.865179,32872,53188,976,0.090589,31.240999,940,-1620,-420,-2200
6.5378,45.0,344.865179,32872,53188,976,0.090589,31.240999,680,1360,1260,940
6.5378,45.0,344.865179,32872,53188,976,0.090589,31.240999,2040,-1360,420,-2620
6.5378,45.0,344.865179,32872,53188,976,0.090589,31.240999,-2040,-580,-1620,680
6.5378,45.0,344.865179,32872,53188,976,0.090589,31.240999,-2620,580,-1260,2200
6.5378,45.0,345.907500,33071,53510,151,0.035525,12.288206,130,1520,1020,1440
6.5378,45.0,345.907500,33071,53510,151,0.035525,12.288206,1650,-1520,80,-2540
6.5378,45.0,345.907500,33071,53510,151,0.035525,12.288206,-2540,890,-1020,2460
6.5378,45.0,345.907500,33071,53510,151,0.035525,12.288206,2540,-80,1520,-1650
6.5378,45.0,345.907500,33071,53510,151,0.035525,12.288206,1440,-1570,-80,-2460
6.5378,45.0,345.907500,33071,53510,151,0.035525,12.288206,2460,80,1570,-1440
6.5378,45.0,345.907500,33071,53510,151,0.035525,12.288206,-1440,-1020,-1520,-130
6.5378,45.0,345.907500,33071,53510,151,0.035525,12.288206,-130,1570,890,1650
6.5378,45.0,345.907500,33071,53510,151,0.035525,12.288206,-1650,-890,-1570,130
6.5378,45.0,345.907500,33071,53510,151,0.035525,12.288206,-2460,1020,-890,2540
6.5378,45.0,347.587391,33393,54031,671,0.074524,25.903668,290,1490,1100,1310
6.5378,45.0,347.587391,33393,54031,671,0.074524,25.903668,1780,-1490,180,-2590
6.5378,45.0,347.587391,33393,54031,671,0.074524,25.903668,-2590,810,-1100,2410
6.5378,45.0,347.587391,33393,54031,671,0.074524,25.903668,2590,-180,1490,-1780
6.5378,45.0,347.587391,33393,54031,671,0.074524,25.903668,1310,-1600,-180,-2410
6.5378,45.0,347.587391,33393,54031,671,0.074524,25.903668,2410,180,1600,-1310
6.5378,45.0,347.587391,33393,54031,671,0.074524,25.903668,-1310,-1100,-1490,-290
6.5378,45.0,347.587391,33393,54031,671,0.074524,25.903668,-290,1600,810,1780
6.5378,45.0,347.587391,33393,54031,671,0.074524,25.903668,-1780,-810,-1600,290
6.5378,45.0,347.587391,33393,54031,671,0.074524,25.903668,-2410,1100,-810,2590
6.5378,45.0,347.587391,33393,54031,671,0.074524,25.903668,1910,710,1620,-470
6.5378,45.0,347.587391,33393,54031,671,0.074524,25.903668,2620,-710,1180,-2330
6.5378,45.0,347.587391,33393,54031,671,0.074524,25.903668,-1910,1440,-290,2620
6.5378,45.0,347.587391,33393,54031,671,0.074524,25.903668,-470,-1440,-1180,-1150
6.5378,45.0,347.587391,33393,54031,671,0.074524,25.903668,-1150,1620,290,2330
6.5378,45.0,347.587391,33393,54031,671,0.074524,25.903668,470,-1620,-710,-1910
6.5378,45.0,347.587391,33393,54031,671,0.074524,25.903668,1150,1180,1440,470
6.5378,45.0,347.587391,33393,54031,671,0.074524,25.903668,2330,-1180,710,-2620
6.5378,45.0,347.587391,33393,54031,671,0.074524,25.903668,-2330,-290,-1620,1150
6.5378,45.0,347.587391,33393,54031,671,0.074524,25.903668,-2620,290,-1440,1910
6.5378,45.0,349.259202,33715,54552,1201,0.099226,34.655447,390,1470,1150,1230
6.5378,45.0,349.259202,33715,54552,1201,0.099226,34.655447,1860,-1470,240,-2620
6.5378,45.0,349.259202,33715,54552,1201,0.099226,34.655447,-2620,760,-1150,2380
6.5378,45.0,349.259202,33715,54552,1201,0.099226,34.655447,2620,-240,1470,-1860
6.5378,45.0,349.259202,33715,54552,1201,0.099226,34.655447,1230,-1620,-240,-2380
6.5378,45.0,349.259202,33715,54552,1201,0.099226,34.655447,2380,240,1620,-1230
6.5378,45.0,349.259202,33715,54552,1201,0.099226,34.655447,-1230,-1150,-1470,-390
6.5378,45.0,349.259202,33715,54552,1201,0.099226,34.655447,-390,1620,760,1860
6.5378,45.0,349.259202,33715,54552,1201,0.099226,34.655447,-1860,-760,-1620,390
6.5378,45.0,349.259202,33715,54552,1201,0.099226,34.655447,-2380,1150,-760,2620
6.5378,45.0,350.463962,33948,54929,1355,0.105033,36.810325,1830,790,1620,-340
6.5378,45.0,350.463962,33948,54929,1355,0.105033,36.810325,2620,-790,1130,-2410
6.5378,45.0,350.463962,33948,54929,1355,0.105033,36.810325,-1830,1490,-210,2620
6.5378,45.0,350.463962,33948,54929,1355,0.105033,36.810325,-340,-1490,-1130,-1280
6.5378,45.0,350.463962,33948,54929,1355,0.105033,36.810325,-1280,1620,210,2410
6.5378,45.0,350.463962,33948,54929,1355,0.105033,36.810325,340,-1620,-790,-1830
6.5378,45.0,350.463962,33948,54929,1355,0.105033,36.810325,1280,1130,1490,340
6.5378,45.0,350.463962,33948,54929,1355,0.105033,36.810325,2410,-1130,790,-2620
6.5378,45.0,350.463962,33948,54929,1355,0.105033,36.810325,-2410,-210,-1620,1280
6.5378,45.0,350.463962,33948,54929,1355,0.105033,36.810325,-2620,210,-1490,1830
6.5378,45.0,350.923048,34037,55073,1741,0.118902,41.725292,2150,520,1650,-810
6.5378,45.0,350.923048,34037,55073,1741,0.118902,41.725292,2670,-520,1330,-2170
6.5378,45.0,350.923048,34037,55073,1741,0.118902,41.725292,-2150,1340,-500,2670
6.5378,45.0,350.923048,34037,55073,1741,0.118902,41.725292,-810,-1340,-1330,-840
6.5378,45.0,350.923048,34037,55073,1741,0.118902,41.725292,-840,1650,500,2170
6.5378,45.0,350.923048,34037,55073,1741,0.118902,41.725292,810,-1650,-520,-2150
6.5378,45.0,350.923048,34037,55073,1741,0.118902,41.725292,840,1330,1340,810
6.5378,45.0,350.923048,34037,55073,1741,0.118902,41.725292,2170,-1330,520,-2670
6.5378,45.0,350.923048,34037,55073,1741,0.118902,41.725292,-2170,-500,-1650,840
6.5378,45.0,350.923048,34037,55073,1741,0.118902,41.725292,-2670,500,-1340,2150
6.5378,45.0,351.489681,34147,55251,505,0.063934,22.472205,2250,420,1650,-970
6.5378,45.0,351.489681,34147,55251,505,0.063934,22.472205,2670,-420,1390,-2070
6.5378,45.0,351.489681,34147,55251,505,0.063934,22.472205,-2250,1280,-600,2670
6.5378,45.0,351.489681,34147,55251,505,0.063934,22.472205,-970,-1280,-1390,-680
6.5378,45.0,351.489681,34147,55251,505,0.063934,22.472205,-680,1650,600,2070
6.5378,45.0,351.489681,34147,55251,505,0.063934,22.472205,970,-1650,-420,-2250
6.5378,45.0,351.489681,34147,55251,505,0.063934,22.472205,680,1390,1280,970
6.5378,45.0,351.489681,34147,55251,505,0.063934,22.472205,2070,-1390,420,-2670
6.5378,45.0,351.489681,34147,55251,505,0.063934,22.472205,-2070,-600,-1650,680
6.5378,45.0,351.489681,34147,55251,505,0.063934,22.472205,-2670,600,-1280,2250
6.5378,45.0,351.489681,34147,55251,505,0.063934,22.472205,2070,600,1650,-680
6.5378,45.0,351.489681,34147,55251,505,0.063934,22.472205,2670,-600,1280,-2250
6.5378,45.0,351.489681,34147,55251,505,0.063934,22.472205,-2070,1390,-420,2670
6.5378,45.0,351.489681,34147,55251,505,0.063934,22.472205,-680,-1390,-1280,-970
6.5378,45.0,351.489681,34147,55251,505,0.063934,22.472205,-970,1650,420,2250
6.5378,45.0,351.489681,34147,55251,505,0.063934,22.472205,680,-1650,-600,-2070
6.5378,45.0,351.489681,34147,55251,505,0.063934,22.472205,970,1280,1390,680
6.5378,45.0,351.489681,34147,55251,505,0.063934,22.472205,2250,-1280,600,-2670
6.5378,45.0,351.489681,34147,55251,505,0.063934,22.472205,-2250,-420,-1650,970
6.5378,45.0,351.489681,34147,55251,505,0.063934,22.472205,-2670,420,-1390,2070
6.5378,45.0,351.947429,34236,55395,891,0.084813,29.849623,2040,630,1650,-630
6.5378,45.0,351.947429,34236,55395,891,0.084813,29.849623,2670,-630,1260,-2280
6.5378,45.0,351.947429,34236,55395,891,0.084813,29.849623,-2040,1410,-390,2670
6.5378,45.0,351.947429,34236,55395,891,0.084813,29.849623,-630,-1410,-1260,-1020
6.5378,45.0,351.947429,34236,55395,891,0.084813,29.849623,-1020,1650,390,2280
6.5378,45.0,351.947429,34236,55395,891,0.084813,29.849623,630,-1650,-630,-2040
6.5378,45.0,351.947429,34236,55395,891,0.084813,29.849623,1020,1260,1410,630
6.5378,45.0,351.947429,34236,55395,891,0.084813,29.849623,2280,-1260,630,-2670
6.5378,45.0,351.947429,34236,55395,891,0.084813,29.849623,-2280,-390,-1650,1020
6.5378,45.0,351.947429,34236,55395,891,0.084813,29.849623,-2670,390,-1410,2040
6.5378,45.0,354.615278,34757,56238,571,0.067385,23.895606,1650,940,1600,-80
6.5378,45.0,354.615278,34757,56238,571,0.067385,23.895606,2590,-940,1020,-2540
6.5378,45.0,354.615278,34757,56238,571,0.067385,23.895606,-1650,1570,-50,2590
6.5378,45.0,354.615278,34757,56238,571,0.067385,23.895606,-80,-1570,-1020,-1520
6.5378,45.0,354.615278,34757,56238,571,0.067385,23.895606,-1520,1600,50,2540
6.5378,45.0,354.615278,34757,56238,571,0.067385,23.895606,80,-1600,-940,-1650
6.5378,45.0,354.615278,34757,56238,571,0.067385,23.895606,1520,1020,1570,80
6.5378,45.0,354.615278,34757,56238,571,0.067385,23.895606,2540,-1020,940,-2590
6.5378,45.0,354.615278,34757,56238,571,0.067385,23.895606,-2540,-50,-1600,1520
6.5378,45.0,354.615278,34757,56238,571,0.067385,23.895606,-2590,50,-1570,1650
6.5378,45.0,355.242149,34880,56437,1991,0.125606,44.620623,1730,890,1620,-180
6.5378,45.0,355.242149,34880,56437,1991,0.125606,44.620623,2620,-890,1070,-2510
6.5378,45.0,355.242149,34880,56437,1991,0.125606,44.620623,-1730,1550,-110,2620
6.5378,45.0,355.242149,34880,56437,1991,0.125606,44.620623,-180,-1550,-1070,-1440
6.5378,45.0,355.242149,34880,56437,1991,0.125606,44.620623,-1440,1620,110,2510
6.5378,45.0,355.242149,34880,56437,1991,0.125606,44.620623,180,-1620,-890,-1730
6.5378,45.0,355.242149,34880,56437,1991,0.125606,44.620623,1440,1070,1550,180
6.5378,45.0,355.242149,34880,56437,1991,0.125606,44.620623,2510,-1070,890,-2620
6.5378,45.0,355.242149,34880,56437,1991,0.125606,44.620623,-2510,-110,-1620,1440
6.5378,45.0,355.242149,34880,56437,1991,0.125606,44.620623,-2620,110,-1550,1730
6.5378,45.0,357.263206,35278,57081,241,0.043453,15.524175,1860,810,1650,-340
6.5378,45.0,357.263206,35278,57081,241,0.043453,15.524175,2670,-810,1150,-2460
6.5378,45.0,357.263206,35278,57081,241,0.043453,15.524175,-1860,1520,-210,2670
6.5378,45.0,357.263206,35278,57081,241,0.043453,15.524175,-340,-1520,-1150,-1310
6.5378,45.0,357.263206,35278,57081,241,0.043453,15.524175,-1310,1650,210,2460
6.5378,45.0,357.263206,35278,57081,241,0.043453,15.524175,340,-1650,-810,-1860
6.5378,45.0,357.263206,35278,57081,241,0.043453,15.524175,1310,1150,1520,340
6.5378,45.0,357.263206,35278,57081,241,0.043453,15.524175,2460,-1150,810,-2670
6.5378,45.0,357.263206,35278,57081,241,0.043453,15.524175,-2460,-210,-1650,1310
6.5378,45.0,357.263206,35278,57081,241,0.043453,15.524175,-2670,210,-1520,1860
6.5378,45.0,357.435295,35312,57136,1280,0.100094,35.777088,2200,520,1680,-840
6.5378,45.0,357.435295,35312,57136,1280,0.100094,35.777088,2720,-520,1360,-2200
6.5378,45.0,357.435295,35312,57136,1280,0.100094,35.777088,-2200,1360,-520,2720
6.5378,45.0,357.435295,35312,57136,1280,0.100094,35.777088,-840,-1360,-1360,-840
6.5378,45.0,357.435295,35312,57136,1280,0.100094,35.777088,-840,1680,520,2200
6.5378,45.0,357.435295,35312,57136,1280,0.100094,35.777088,840,-1680,-520,-2200
6.5378,45.0,357.435295,35312,57136,1280,0.100094,35.777088,840,1360,1360,840
6.5378,45.0,357.435295,35312,57136,1280,0.100094,35.777088,2200,-1360,520,-2720
6.5378,45.0,357.435295,35312,57136,1280,0.100094,35.777088,-2200,-520,-1680,840
6.5378,45.0,357.435295,35312,57136,1280,0.100094,35.777088,-2720,520,-1360,2200
6.5378,45.0,357.885438,35401,57280,1681,0.114562,41.000000,2280,440,1680,-970
6.5378,45.0,357.885438,35401,57280,1681,0.114562,41.000000,2720,-440,1410,-2120
6.5378,45.0,357.885438,35401,57280,1681,0.114562,41.000000,-2280,1310,-600,2720
6.5378,45.0,357.885438,35401,57280,1681,0.114562,41.000000,-970,-1310,-1410,-710
6.5378,45.0,357.885438,35401,57280,1681,0.114562,41.000000,-710,1680,600,2120
6.5378,45.0,357.885438,35401,57280,1681,0.114562,41.000000,970,-1680,-440,-2280
6.5378,45.0,357.885438,35401,57280,1681,0.114562,41.000000,710,1410,1310,970
6.5378,45.0,357.885438,35401,57280,1681,0.114562,41.000000,2120,-1410,440,-2720
6.5378,45.0,357.885438,35401,57280,1681,0.114562,41.000000,-2120,-600,-1680,710
6.5378,45.0,357.885438,35401,57280,1681,0.114562,41.000000,-2720,600,-1310,2280
6.5378,45.0,357.885438,35401,57280,1681,0.114562,41.000000,0,1600,990,1600
6.5378,45.0,357.885438,35401,57280,1681,0.114562,41.000000,1600,-1600,0,-2590
6.5378,45.0,357.885438,35401,57280,1681,0.114562,41.000000,-2590,990,-990,2590
6.5378,45.0,357.885438,35401,57280,1681,0.114562,41.000000,2590,0,1600,-1600
6.5378,45.0,357.885438,35401,57280,1681,0.114562,41.000000,-1600,-990,-1600,0
6.5378,45.0,359.509364,35723,57801,2251,0.131971,47.444705,260,1550,1120,1390
6.5378,45.0,359.509364,35723,57801,2251,0.131971,47.444705,1810,-1550,160,-2670
6.5378,45.0,359.509364,35723,57801,2251,0.131971,47.444705,-2670,860,-1120,2510
6.5378,45.0,359.509364,35723,57801,2251,0.131971,47.444705,2670,-160,1550,-1810
6.5378,45.0,359.509364,35723,57801,2251,0.131971,47.444705,1390,-1650,-160,-2510
6.5378,45.0,359.509364,35723,57801,2251,0.131971,47.444705,2510,160,1650,-1390
6.5378,45.0,359.509364,35723,57801,2251,0.131971,47.444705,-1390,-1120,-1550,-260
6.5378,45.0,359.509364,35723,57801,2251,0.131971,47.444705,-260,1650,860,1810
6.5378,45.0,359.509364,35723,57801,2251,0.131971,47.444705,-1810,-860,-1650,260
6.5378,45.0,359.509364,35723,57801,2251,0.131971,47.444705,-2510,1120,-860,2670
6.5378,45.0,360.062484,35833,57979,955,0.085827,30.903074,50,1600,1020,1570
6.5378,45.0,360.062484,35833,57979,955,0.085827,30.903074,-50,1620,970,1650
6.5378,45.0,360.062484,35833,57979,955,0.085827,30.903074,1570,-1620,-30,-2590
6.5378,45.0,360.062484,35833,57979,955,0.085827,30.903074,1650,-1600,30,-2620
6.5378,45.0,360.062484,35833,57979,955,0.085827,30.903074,-2620,970,-1020,2590
6.5378,45.0,360.062484,35833,57979,955,0.085827,30.903074,-2590,1020,-970,2620
6.5378,45.0,360.062484,35833,57979,955,0.085827,30.903074,2620,-30,1600,-1650
6.5378,45.0,360.062484,35833,57979,955,0.085827,30.903074,2590,30,1620,-1570
6.5378,45.0,360.062484,35833,57979,955,0.085827,30.903074,-1570,-1020,-1600,-50
6.5378,45.0,360.062484,35833,57979,955,0.085827,30.903074,-1650,-970,-1620,50
6.5378,45.0,360.062484,35833,57979,955,0.085827,30.903074,1650,970,1620,-50
6.5378,45.0,360.062484,35833,57979,955,0.085827,30.903074,2620,-970,1020,-2590
6.5378,45.0,360.062484,35833,57979,955,0.085827,30.903074,-1650,1600,-30,2620
6.5378,45.0,360.062484,35833,57979,955,0.085827,30.903074,-50,-1600,-1020,-1570
6.5378,45.0,360.062484,35833,57979,955,0.085827,30.903074,-1570,1620,30,2590
6.5378,45.0,360.062484,35833,57979,955,0.085827,30.903074,50,-1620,-970,-1650
6.5378,45.0,360.062484,35833,57979,955,0.085827,30.903074,1570,1020,1600,50
6.5378,45.0,360.062484,35833,57979,955,0.085827,30.903074,2590,-1020,970,-2620
6.5378,45.0,360.062484,35833,57979,955,0.085827,30.903074,-2590,-30,-1620,1570
6.5378,45.0,360.062484,35833,57979,955,0.085827,30.903074,-2620,30,-1600,1650
6.5378,45.0,360.509347,35922,58123,1361,0.102332,36.891733,1990,730,1680,-500
6.5378,45.0,360.509347,35922,58123,1361,0.102332,36.891733,2720,-730,1230,-2410
6.5378,45.0,360.509347,35922,58123,1361,0.102332,36.891733,-1990,1490,-310,2720
6.5378,45.0,360.509347,35922,58123,1361,0.102332,36.891733,-500,-1490,-1230,-1180
6.5378,45.0,360.509347,35922,58123,1361,0.102332,36.891733,-1180,1680,310,2410
6.5378,45.0,360.509347,35922,58123,1361,0.102332,36.891733,500,-1680,-730,-1990
6.5378,45.0,360.509347,35922,58123,1361,0.102332,36.891733,1180,1230,1490,500
6.5378,45.0,360.509347,35922,58123,1361,0.102332,36.891733,2410,-1230,730,-2720
6.5378,45.0,360.509347,35922,58123,1361,0.102332,36.891733,-2410,-310,-1680,1180
6.5378,45.0,360.509347,35922,58123,1361,0.102332,36.891733,-2720,310,-1490,1990
6.5378,45.0,361.060936,36032,58301,55,0.020540,7.416198,210,1570,1100,1440
6.5378,45.0,361.060936,36032,58301,55,0.020540,7.416198,1780,-1570,130,-2670
6.5378,45.0,361.060936,36032,58301,55,0.020540,7.416198,-2670,890,-1100,2540
6.5378,45.0,361.060936,36032,58301,55,0.020540,7.416198,2670,-130,1570,-1780
6.5378,45.0,361.060936,36032,58301,55,0.020540,7.416198,1440,-1650,-130,-2540
6.5378,45.0,361.060936,36032,58301,55,0.020540,7.416198,2540,130,1650,-1440
6.5378,45.0,361.060936,36032,58301,55,0.020540,7.416198,-1440,-1100,-1570,-210
6.5378,45.0,361.060936,36032,58301,55,0.020540,7.416198,-210,1650,890,1780
6.5378,45.0,361.060936,36032,58301,55,0.020540,7.416198,-1780,-890,-1650,210
6.5378,45.0,361.060936,36032,58301,55,0.020540,7.416198,-2540,1100,-890,2670
6.5378,45.0,361.060936,36032,58301,55,0.020540,7.416198,1780,890,1650,-210
6.5378,45.0,361.060936,36032,58301,55,0.020540,7.416198,2670,-890,1100,-2540
6.5378,45.0,361.060936,36032,58301,55,0.020540,7.416198,-1780,1570,-130,2670
6.5378,45.0,361.060936,36032,58301,55,0.020540,7.416198,-210,-1570,-1100,-1440
6.5378,45.0,361.060936,36032,58301,55,0.020540,7.416198,-1440,1650,130,2540
6.5378,45.0,361.060936,36032,58301,55,0.020540,7.416198,210,-1650,-890,-1780
6.5378,45.0,361.060936,36032,58301,55,0.020540,7.416198,1440,1100,1570,210
6.5378,45.0,361.060936,36032,58301,55,0.020540,7.416198,2540,-1100,890,-2670
6.5378,45.0,361.060936,36032,58301,55,0.020540,7.416198,-2540,-130,-1650,1440
6.5378,45.0,361.060936,36032,58301,55,0.020540,7.416198,-2670,130,-1570,1780
6.5378,45.0,361.506565,36121,58445,461,0.059393,21.470911,2250,500,1700,-890
6.5378,45.0,361.506565,36121,58445,461,0.059393,21.470911,2750,-500,1390,-2200
6.5378,45.0,361.506565,36121,58445,461,0.059393,21.470911,-2250,1360,-550,2750
6.5378,45.0,361.506565,36121,58445,461,0.059393,21.470911,-890,-1360,-1390,-810
6.5378,45.0,361.506565,36121,58445,461,0.059393,21.470911,-810,1700,550,2200
6.5378,45.0,361.506565,36121,58445,461,0.059393,21.470911,890,-1700,-500,-2250
6.5378,45.0,361.506565,36121,58445,461,0.059393,21.470911,810,1390,1360,890
6.5378,45.0,361.506565,36121,58445,461,0.059393,21.470911,2200,-1390,500,-2750
6.5378,45.0,361.506565,36121,58445,461,0.059393,21.470911,-2200,-550,-1700,810
6.5378,45.0,361.506565,36121,58445,461,0.059393,21.470911,-2750,550,-1360,2250
6.5378,45.0,362.121506,36244,58644,1936,0.121506,44.000000,420,1520,1200,1260
6.5378,45.0,362.121506,36244,58644,1936,0.121506,44.000000,1940,-1520,260,-2720
6.5378,45.0,362.121506,36244,58644,1936,0.121506,44.000000,-2720,780,-1200,2460
6.5378,45.0,362.121506,36244,58644,1936,0.121506,44.000000,2720,-260,1520,-1940
6.5378,45.0,362.121506,36244,58644,1936,0.121506,44.000000,1260,-1680,-260,-2460
6.5378,45.0,362.121506,36244,58644,1936,0.121506,44.000000,2460,260,1680,-1260
6.5378,45.0,362.121506,36244,58644,1936,0.121506,44.000000,-1260,-1200,-1520,-420
6.5378,45.0,362.121506,36244,58644,1936,0.121506,44.000000,-420,1680,780,1940
6.5378,45.0,362.121506,36244,58644,1936,0.121506,44.000000,-1940,-780,-1680,420
6.5378,45.0,362.121506,36244,58644,1936,0.121506,44.000000,-2460,1200,-780,2720
6.5378,45.0,363.114296,36443,58966,1031,0.088427,32.109189,2070,680,1700,-600
6.5378,45.0,363.114296,36443,58966,1031,0.088427,32.109189,2750,-680,1280,-2380
6.5378,45.0,363.114296,36443,58966,1031,0.088427,32.109189,-2070,1470,-370,2750
6.5378,45.0,363.114296,36443,58966,1031,0.088427,32.109189,-600,-1470,-1280,-1100
6.5378,45.0,363.114296,36443,58966,1031,0.088427,32.109189,-1100,1700,370,2380
6.5378,45.0,363.114296,36443,58966,1031,0.088427,32.109189,600,-1700,-680,-2070
6.5378,45.0,363.114296,36443,58966,1031,0.088427,32.109189,1100,1280,1470,600
6.5378,45.0,363.114296,36443,58966,1031,0.088427,32.109189,2380,-1280,680,-2750
6.5378,45.0,363.114296,36443,58966,1031,0.088427,32.109189,-2380,-370,-1700,1100
6.5378,45.0,363.114296,36443,58966,1031,0.088427,32.109189,-2750,370,-1470,2070
6.5378,45.0,365.260178,36875,59665,275,0.045401,16.583124,470,1520,1230,1230
6.5378,45.0,365.260178,36875,59665,275,0.045401,16.583124,1990,-1520,290,-2750
6.5378,45.0,365.260178,36875,59665,275,0.045401,16.583124,-2750,760,-1230,2460
6.5378,45.0,365.260178,36875,59665,275,0.045401,16.583124,2750,-290,1520,-1990
6.5378,45.0,365.260178,36875,59665,275,0.045401,16.583124,1230,-1700,-290,-2460
6.5378,45.0,365.260178,36875,59665,275,0.045401,16.583124,2460,290,1700,-1230
6.5378,45.0,365.260178,36875,59665,275,0.045401,16.583124,-1230,-1230,-1520,-470
6.5378,45.0,365.260178,36875,59665,275,0.045401,16.583124,-470,1700,760,1990
6.5378,45.0,365.260178,36875,59665,275,0.045401,16.583124,-1990,-760,-1700,470
6.5378,45.0,365.260178,36875,59665,275,0.045401,16.583124,-2460,1230,-760,2750
6.5378,45.0,365.260178,36875,59665,275,0.045401,16.583124,1990,760,1700,-470
6.5378,45.0,365.260178,36875,59665,275,0.045401,16.583124,2750,-760,1230,-2460
6.5378,45.0,365.260178,36875,59665,275,0.045401,16.583124,-1990,1520,-290,2750
6.5378,45.0,365.260178,36875,59665,275,0.045401,16.583124,-470,-1520,-1230,-1230
6.5378,45.0,365.260178,36875,59665,275,0.045401,16.583124,-1230,1700,290,2460
6.5378,45.0,365.260178,36875,59665,275,0.045401,16.583124,470,-1700,-760,-1990
6.5378,45.0,365.260178,36875,59665,275,0.045401,16.583124,1230,1230,1520,470
6.5378,45.0,365.260178,36875,59665,275,0.045401,16.583124,2460,-1230,760,-2750
6.5378,45.0,365.260178,36875,59665,275,0.045401,16.583124,-2460,-290,-1700,1230
6.5378,45.0,365.260178,36875,59665,275,0.045401,16.583124,-2750,290,-1520,1990
6.5378,45.0,365.700690,36964,59809,691,0.071881,26.286879,80,1620,1050,1570
6.5378,45.0,365.700690,36964,59809,691,0.071881,26.286879,-80,1650,970,1700
6.5378,45.0,365.700690,36964,59809,691,0.071881,26.286879,1570,-1650,-50,-2620
6.5378,45.0,365.700690,36964,59809,691,0.071881,26.286879,1700,-1620,50,-2670
6.5378,45.0,365.700690,36964,59809,691,0.071881,26.286879,-2670,970,-1050,2620
6.5378,45.0,365.700690,36964,59809,691,0.071881,26.286879,-2620,1050,-970,2670
6.5378,45.0,365.700690,36964,59809,691,0.071881,26.286879,2670,-50,1620,-1700
6.5378,45.0,365.700690,36964,59809,691,0.071881,26.286879,2620,50,1650,-1570
6.5378,45.0,365.700690,36964,59809,691,0.071881,26.286879,-1570,-1050,-1620,-80
6.5378,45.0,365.700690,36964,59809,691,0.071881,26.286879,-1700,-970,-1650,80
6.5378,45.0,366.308591,37087,60008,2201,0.128075,46.914816,180,1600,1100,1490
6.5378,45.0,366.308591,37087,60008,2201,0.128075,46.914816,1780,-1600,110,-2700
6.5378,45.0,366.308591,37087,60008,2201,0.128075,46.914816,-2700,920,-1100,2590
6.5378,45.0,366.308591,37087,60008,2201,0.128075,46.914816,2700,-110,1600,-1780
6.5378,45.0,366.308591,37087,60008,2201,0.128075,46.914816,1490,-1670,-110,-2590
6.5378,45.0,366.308591,37087,60008,2201,0.128075,46.914816,2590,110,1670,-1490
6.5378,45.0,366.308591,37087,60008,2201,0.128075,46.914816,-1490,-1100,-1600,-180
6.5378,45.0,366.308591,37087,60008,2201,0.128075,46.914816,-180,1670,920,1780
6.5378,45.0,366.308591,37087,60008,2201,0.128075,46.914816,-1780,-920,-1670,180
6.5378,45.0,366.308591,37087,60008,2201,0.128075,46.914816,-2590,1100,-920,2700
6.5378,45.0,368.268920,37485,60652,341,0.050143,18.466185,2200,600,1730,-760
6.5378,45.0,368.268920,37485,60652,341,0.050143,18.466185,2800,-600,1360,-2330
6.5378,45.0,368.268920,37485,60652,341,0.050143,18.466185,-2200,1440,-470,2800
6.5378,45.0,368.268920,37485,60652,341,0.050143,18.466185,-760,-1440,-1360,-970
6.5378,45.0,368.268920,37485,60652,341,0.050143,18.466185,-970,1730,470,2330
6.5378,45.0,368.268920,37485,60652,341,0.050143,18.466185,760,-1730,-600,-2200
6.5378,45.0,368.268920,37485,60652,341,0.050143,18.466185,970,1360,1440,760
6.5378,45.0,368.268920,37485,60652,341,0.050143,18.466185,2330,-1360,600,-2800
6.5378,45.0,368.268920,37485,60652,341,0.050143,18.466185,-2330,-470,-1730,970
6.5378,45.0,368.268920,37485,60652,341,0.050143,18.466185,-2800,470,-1440,2200
6.5378,45.0,368.268920,37485,60652,341,0.050143,18.466185,340,1570,1180,1360
6.5378,45.0,368.268920,37485,60652,341,0.050143,18.466185,1910,-1570,210,-2750
6.5378,45.0,368.268920,37485,60652,341,0.050143,18.466185,-2750,840,-1180,2540
6.5378,45.0,368.268920,37485,60652,341,0.050143,18.466185,2750,-210,1570,-1910
6.5378,45.0,368.268920,37485,60652,341,0.050143,18.466185,1360,-1700,-210,-2540
6.5378,45.0,368.268920,37485,60652,341,0.050143,18.466185,2540,210,1700,-1360
6.5378,45.0,368.268920,37485,60652,341,0.050143,18.466185,-1360,-1180,-1570,-340
6.5378,45.0,368.268920,37485,60652,341,0.050143,18.466185,-340,1700,840,1910
6.5378,45.0,368.268920,37485,60652,341,0.050143,18.466185,-1910,-840,-1700,340
6.5378,45.0,368.268920,37485,60652,341,0.050143,18.466185,-2540,1180,-840,2750
6.5378,45.0,368.872588,37608,60851,1871,0.117263,43.255058,2380,420,1730,-1050
6.5378,45.0,368.872588,37608,60851,1871,0.117263,43.255058,2800,-420,1470,-2150
6.5378,45.0,368.872588,37608,60851,1871,0.117263,43.255058,-2380,1330,-650,2800
6.5378,45.0,368.872588,37608,60851,1871,0.117263,43.255058,-1050,-1330,-1470,-680
6.5378,45.0,368.872588,37608,60851,1871,0.117263,43.255058,-680,1730,650,2150
6.5378,45.0,368.872588,37608,60851,1871,0.117263,43.255058,1050,-1730,-420,-2380
6.5378,45.0,368.872588,37608,60851,1871,0.117263,43.255058,680,1470,1330,1050
6.5378,45.0,368.872588,37608,60851,1871,0.117263,43.255058,2150,-1470,420,-2800
6.5378,45.0,368.872588,37608,60851,1871,0.117263,43.255058,-2150,-650,-1730,680
6.5378,45.0,368.872588,37608,60851,1871,0.117263,43.255058,-2800,650,-1330,2380
6.5378,45.0,369.411689,37718,61029,505,0.060832,22.472205,2410,390,1730,-1100
6.5378,45.0,369.411689,37718,61029,505,0.060832,22.472205,2800,-390,1490,-2120
6.5378,45.0,369.411689,37718,61029,505,0.060832,22.472205,-2410,1310,-680,2800
6.5378,45.0,369.411689,37718,61029,505,0.060832,22.472205,-1100,-1310,-1490,-630
6.5378,45.0,369.411689,37718,61029,505,0.060832,22.472205,-630,1730,680,2120
6.5378,45.0,369.411689,37718,61029,505,0.060832,22.472205,1100,-1730,-390,-2410
6.5378,45.0,369.411689,37718,61029,505,0.060832,22.472205,630,1490,1310,1100
6.5378,45.0,369.411689,37718,61029,505,0.060832,22.472205,2120,-1490,390,-2800
6.5378,45.0,369.411689,37718,61029,505,0.060832,22.472205,-2120,-680,-1730,630
6.5378,45.0,369.411689,37718,61029,505,0.060832,22.472205,-2800,680,-1310,2410
6.5378,45.0,369.411689,37718,61029,505,0.060832,22.472205,2120,680,1730,-630
6.5378,45.0,369.411689,37718,61029,505,0.060832,22.472205,2800,-680,1310,-2410
6.5378,45.0,369.411689,37718,61029,505,0.060832,22.472205,-2120,1490,-390,2800
6.5378,45.0,369.411689,37718,61029,505,0.060832,22.472205,-630,-1490,-1310,-1100
6.5378,45.0,369.411689,37718,61029,505,0.060832,22.472205,-1100,1730,390,2410
6.5378,45.0,369.411689,37718,61029,505,0.060832,22.472205,630,-1730,-680,-2120
6.5378,45.0,369.411689,37718,61029,505,0.060832,22.472205,1100,1310,1490,630
6.5378,45.0,369.411689,37718,61029,505,0.060832,22.472205,2410,-1310,680,-2800
6.5378,45.0,369.411689,37718,61029,505,0.060832,22.472205,-2410,-390,-1730,1100
6.5378,45.0,369.411689,37718,61029,505,0.060832,22.472205,-2800,390,-1490,2120
6.5378,45.0,371.418886,38129,61694,1531,0.105347,39.127995,500,1540,1260,1230
6.5378,45.0,371.418886,38129,61694,1531,0.105347,39.127995,2040,-1540,310,-2800
6.5378,45.0,371.418886,38129,61694,1531,0.105347,39.127995,-2800,760,-1260,2490
6.5378,45.0,371.418886,38129,61694,1531,0.105347,39.127995,2800,-310,1540,-2040
6.5378,45.0,371.418886,38129,61694,1531,0.105347,39.127995,1230,-1730,-310,-2490
6.5378,45.0,371.418886,38129,61694,1531,0.105347,39.127995,2490,310,1730,-1230
6.5378,45.0,371.418886,38129,61694,1531,0.105347,39.127995,-1230,-1260,-1540,-500
6.5378,45.0,371.418886,38129,61694,1531,0.105347,39.127995,-500,1730,760,2040
6.5378,45.0,371.418886,38129,61694,1531,0.105347,39.127995,-2040,-760,-1730,500
6.5378,45.0,371.418886,38129,61694,1531,0.105347,39.127995,-2490,1260,-760,2800
6.5378,45.0,372.551993,38362,62071,1705,0.110835,41.291646,1730,990,1680,-80
6.5378,45.0,372.551993,38362,62071,1705,0.110835,41.291646,2720,-990,1070,-2670
6.5378,45.0,372.551993,38362,62071,1705,0.110835,41.291646,-1730,1650,-50,2720
6.5378,45.0,372.551993,38362,62071,1705,0.110835,41.291646,-80,-1650,-1070,-1600
6.5378,45.0,372.551993,38362,62071,1705,0.110835,41.291646,-1600,1680,50,2670
6.5378,45.0,372.551993,38362,62071,1705,0.110835,41.291646,80,-1680,-990,-1730
6.5378,45.0,372.551993,38362,62071,1705,0.110835,41.291646,1600,1070,1650,80
6.5378,45.0,372.551993,38362,62071,1705,0.110835,41.291646,2670,-1070,990,-2720
6.5378,45.0,372.551993,38362,62071,1705,0.110835,41.291646,-2670,-50,-1680,1600
6.5378,45.0,372.551993,38362,62071,1705,0.110835,41.291646,-2720,50,-1650,1730
6.5378,45.0,373.947846,38650,62537,1181,0.091900,34.365681,2460,370,1750,-1150
6.5378,45.0,373.947846,38650,62537,1181,0.091900,34.365681,2830,-370,1520,-2120
6.5378,45.0,373.947846,38650,62537,1181,0.091900,34.365681,-2460,1310,-710,2830
6.5378,45.0,373.947846,38650,62537,1181,0.091900,34.365681,-1150,-1310,-1520,-600
6.5378,45.0,373.947846,38650,62537,1181,0.091900,34.365681,-600,1750,710,2120
6.5378,45.0,373.947846,38650,62537,1181,0.091900,34.365681,1150,-1750,-370,-2460
6.5378,45.0,373.947846,38650,62537,1181,0.091900,34.365681,600,1520,1310,1150
6.5378,45.0,373.947846,38650,62537,1181,0.091900,34.365681,2120,-1520,370,-2830
6.5378,45.0,373.947846,38650,62537,1181,0.091900,34.365681,-2120,-710,-1750,600
6.5378,45.0,373.947846,38650,62537,1181,0.091900,34.365681,-2830,710,-1310,2460
6.5378,45.0,374.542361,38773,62736,2761,0.140292,52.545219,2330,520,1760,-920
6.5378,45.0,374.542361,38773,62736,2761,0.140292,52.545219,2850,-520,1440,-2280
6.5378,45.0,374.542361,38773,62736,2761,0.140292,52.545219,-2330,1410,-570,2850
6.5378,45.0,374.542361,38773,62736,2761,0.140292,52.545219,-920,-1410,-1440,-840
6.5378,45.0,374.542361,38773,62736,2761,0.140292,52.545219,-840,1760,570,2280
6.5378,45.0,374.542361,38773,62736,2761,0.140292,52.545219,920,-1760,-520,-2330
6.5378,45.0,374.542361,38773,62736,2761,0.140292,52.545219,840,1440,1410,920
6.5378,45.0,374.542361,38773,62736,2761,0.140292,52.545219,2280,-1440,520,-2850
6.5378,45.0,374.542361,38773,62736,2761,0.140292,52.545219,-2280,-570,-1760,840
6.5378,45.0,374.542361,38773,62736,2761,0.140292,52.545219,-2850,570,-1410,2330
6.5378,45.0,374.909320,38849,62859,211,0.038745,14.525839,1780,970,1700,-130
6.5378,45.0,374.909320,38849,62859,211,0.038745,14.525839,2750,-970,1100,-2670
6.5378,45.0,374.909320,38849,62859,211,0.038745,14.525839,-1780,1650,-80,2750
6.5378,45.0,374.909320,38849,62859,211,0.038745,14.525839,-130,-1650,-1100,-1570
6.5378,45.0,374.909320,38849,62859,211,0.038745,14.525839,-1570,1700,80,2670
6.5378,45.0,374.909320,38849,62859,211,0.038745,14.525839,130,-1700,-970,-1780
6.5378,45.0,374.909320,38849,62859,211,0.038745,14.525839,1570,1100,1650,130
6.5378,45.0,374.909320,38849,62859,211,0.038745,14.525839,2670,-1100,970,-2750
6.5378,45.0,374.909320,38849,62859,211,0.038745,14.525839,-2670,-80,-1700,1570
6.5378,45.0,374.909320,38849,62859,211,0.038745,14.525839,-2750,80,-1650,1780
6.5378,45.0,375.073313,38883,62914,1355,0.098142,36.810325,340,1600,1200,1390
6.5378,45.0,375.073313,38883,62914,1355,0.098142,36.810325,1940,-1600,210,-2800
6.5378,45.0,375.073313,38883,62914,1355,0.098142,36.810325,-2800,860,-1200,2590
6.5378,45.0,375.073313,38883,62914,1355,0.098142,36.810325,2800,-210,1600,-1940
6.5378,45.0,375.073313,38883,62914,1355,0.098142,36.810325,1390,-1730,-210,-2590
6.5378,45.0,375.073313,38883,62914,1355,0.098142,36.810325,2590,210,1730,-1390
6.5378,45.0,375.073313,38883,62914,1355,0.098142,36.810325,-1390,-1200,-1600,-340
6.5378,45.0,375.073313,38883,62914,1355,0.098142,36.810325,-340,1730,860,1940
6.5378,45.0,375.073313,38883,62914,1355,0.098142,36.810325,-1940,-860,-1730,340
6.5378,45.0,375.073313,38883,62914,1355,0.098142,36.810325,-2590,1200,-860,2800
6.5378,45.0,375.073313,38883,62914,1355,0.098142,36.810325,1940,860,1730,-340
6.5378,45.0,375.073313,38883,62914,1355,0.098142,36.810325,2800,-860,1200,-2590
6.5378,45.0,375.073313,38883,62914,1355,0.098142,36.810325,-1940,1600,-210,2800
6.5378,45.0,375.073313,38883,62914,1355,0.098142,36.810325,-340,-1600,-1200,-1390
6.5378,45.0,375.073313,38883,62914,1355,0.098142,36.810325,-1390,1730,210,2590
6.5378,45.0,375.073313,38883,62914,1355,0.098142,36.810325,340,-1730,-860,-1940
6.5378,45.0,375.073313,38883,62914,1355,0.098142,36.810325,1390,1200,1600,340
6.5378,45.0,375.073313,38883,62914,1355,0.098142,36.810325,2590,-1200,860,-2800
6.5378,45.0,375.073313,38883,62914,1355,0.098142,36.810325,-2590,-210,-1730,1390
6.5378,45.0,375.073313,38883,62914,1355,0.098142,36.810325,-2800,210,-1600,1940
6.5378,45.0,376.459818,39171,63380,821,0.076112,28.653098,1910,890,1730,-290
6.5378,45.0,376.459818,39171,63380,821,0.076112,28.653098,2800,-890,1180,-2620
6.5378,45.0,376.459818,39171,63380,821,0.076112,28.653098,-1910,1620,-180,2800
6.5378,45.0,376.459818,39171,63380,821,0.076112,28.653098,-290,-1620,-1180,-1440
6.5378,45.0,376.459818,39171,63380,821,0.076112,28.653098,-1440,1730,180,2620
6.5378,45.0,376.459818,39171,63380,821,0.076112,28.653098,290,-1730,-890,-1910
6.5378,45.0,376.459818,39171,63380,821,0.076112,28.653098,1440,1180,1620,290
6.5378,45.0,376.459818,39171,63380,821,0.076112,28.653098,2620,-1180,890,-2800
6.5378,45.0,376.459818,39171,63380,821,0.076112,28.653098,-2620,-180,-1730,1440
6.5378,45.0,376.459818,39171,63380,821,0.076112,28.653098,-2800,180,-1620,1910
6.5378,45.0,378.003955,39493,63901,1441,0.100424,37.960506,50,1680,1070,1650
6.5378,45.0,378.003955,39493,63901,1441,0.100424,37.960506,-50,1700,1020,1730
6.5378,45.0,378.003955,39493,63901,1441,0.100424,37.960506,1650,-1700,-30,-2720
6.5378,45.0,378.003955,39493,63901,1441,0.100424,37.960506,1730,-1680,30,-2750
6.5378,45.0,378.003955,39493,63901,1441,0.100424,37.960506,-2750,1020,-1070,2720
6.5378,45.0,378.003955,39493,63901,1441,0.100424,37.960506,-2720,1070,-1020,2750
6.5378,45.0,378.003955,39493,63901,1441,0.100424,37.960506,2750,-30,1680,-1730
6.5378,45.0,378.003955,39493,63901,1441,0.100424,37.960506,2720,30,1700,-1650
6.5378,45.0,378.003955,39493,63901,1441,0.100424,37.960506,-1650,-1070,-1680,-50
6.5378,45.0,378.003955,39493,63901,1441,0.100424,37.960506,-1730,-1020,-1700,50
6.5378,45.0,378.003955,39493,63901,1441,0.100424,37.960506,1990,840,1750,-390
6.5378,45.0,378.003955,39493,63901,1441,0.100424,37.960506,2830,-840,1230,-2590
6.5378,45.0,378.003955,39493,63901,1441,0.100424,37.960506,-1990,1600,-240,2830
6.5378,45.0,378.003955,39493,63901,1441,0.100424,37.960506,-390,-1600,-1230,-1360
6.5378,45.0,378.003955,39493,63901,1441,0.100424,37.960506,-1360,1750,240,2590
6.5378,45.0,378.003955,39493,63901,1441,0.100424,37.960506,390,-1750,-840,-1990
6.5378,45.0,378.003955,39493,63901,1441,0.100424,37.960506,1360,1230,1600,390
6.5378,45.0,378.003955,39493,63901,1441,0.100424,37.960506,2590,-1230,840,-2830
6.5378,45.0,378.003955,39493,63901,1441,0.100424,37.960506,-2590,-240,-1750,1360
6.5378,45.0,378.003955,39493,63901,1441,0.100424,37.960506,-2830,240,-1600,1990
6.5378,45.0,378.530052,39603,64079,5,0.005907,2.236068,2330,550,1780,-890
6.5378,45.0,378.530052,39603,64079,5,0.005907,2.236068,2880,-550,1440,-2330
6.5378,45.0,378.530052,39603,64079,5,0.005907,2.236068,-2330,1440,-550,2880
6.5378,45.0,378.530052,39603,64079,5,0.005907,2.236068,-890,-1440,-1440,-890
6.5378,45.0,378.530052,39603,64079,5,0.005907,2.236068,-890,1780,550,2330
6.5378,45.0,378.530052,39603,64079,5,0.005907,2.236068,890,-1780,-550,-2330
6.5378,45.0,378.530052,39603,64079,5,0.005907,2.236068,890,1440,1440,890
6.5378,45.0,378.530052,39603,64079,5,0.005907,2.236068,2330,-1440,550,-2880
6.5378,45.0,378.530052,39603,64079,5,0.005907,2.236068,-2330,-550,-1780,890
6.5378,45.0,378.530052,39603,64079,5,0.005907,2.236068,-2880,550,-1440,2330
6.5378,45.0,378.955138,39692,64223,451,0.056040,21.236761,2410,470,1780,-1020
6.5378,45.0,378.955138,39692,64223,451,0.056040,21.236761,2880,-470,1490,-2250
6.5378,45.0,378.955138,39692,64223,451,0.056040,21.236761,-2410,1390,-630,2880
6.5378,45.0,378.955138,39692,64223,451,0.056040,21.236761,-1020,-1390,-1490,-760
6.5378,45.0,378.955138,39692,64223,451,0.056040,21.236761,-760,1780,630,2250
6.5378,45.0,378.955138,39692,64223,451,0.056040,21.236761,1020,-1780,-470,-2410
6.5378,45.0,378.955138,39692,64223,451,0.056040,21.236761,760,1490,1390,1020
6.5378,45.0,378.955138,39692,64223,451,0.056040,21.236761,2250,-1490,470,-2880
6.5378,45.0,378.955138,39692,64223,451,0.056040,21.236761,-2250,-630,-1780,760
6.5378,45.0,378.955138,39692,64223,451,0.056040,21.236761,-2880,630,-1390,2410
6.5378,45.0,378.955138,39692,64223,451,0.056040,21.236761,210,1650,1150,1520
6.5378,45.0,378.955138,39692,64223,451,0.056040,21.236761,1860,-1650,130,-2800
6.5378,45.0,378.955138,39692,64223,451,0.056040,21.236761,-2800,940,-1150,2670
6.5378,45.0,378.955138,39692,64223,451,0.056040,21.236761,2800,-130,1650,-1860
6.5378,45.0,378.955138,39692,64223,451,0.056040,21.236761,1520,-1730,-130,-2670
6.5378,45.0,378.955138,39692,64223,451,0.056040,21.236761,2670,130,1730,-1520
6.5378,45.0,378.955138,39692,64223,451,0.056040,21.236761,-1520,-1150,-1650,-210
6.5378,45.0,378.955138,39692,64223,451,0.056040,21.236761,-210,1730,940,1860
6.5378,45.0,378.955138,39692,64223,451,0.056040,21.236761,-1860,-940,-1730,210
6.5378,45.0,378.955138,39692,64223,451,0.056040,21.236761,-2670,1150,-940,2800
6.5378,45.0,380.065778,39925,64600,625,0.065778,25.000000,0,1700,1050,1700
6.5378,45.0,380.065778,39925,64600,625,0.065778,25.000000,1700,-1700,0,-2750
6.5378,45.0,380.065778,39925,64600,625,0.065778,25.000000,-2750,1050,-1050,2750
6.5378,45.0,380.065778,39925,64600,625,0.065778,25.000000,2750,0,1700,-1700
6.5378,45.0,380.065778,39925,64600,625,0.065778,25.000000,-1700,-1050,-1700,0
6.5378,45.0,380.065778,39925,64600,625,0.065778,25.000000,1700,1050,1700,0
6.5378,45.0,380.065778,39925,64600,625,0.065778,25.000000,2750,-1050,1050,-2750
6.5378,45.0,380.065778,39925,64600,625,0.065778,25.000000,-1700,1700,0,2750
6.5378,45.0,380.065778,39925,64600,625,0.065778,25.000000,0,-1700,-1050,-1700
6.5378,45.0,380.065778,39925,64600,625,0.065778,25.000000,-2750,0,-1700,1700
6.5378,45.0,381.434135,40213,65066,71,0.022091,8.426150,2120,760,1780,-550
6.5378,45.0,381.434135,40213,65066,71,0.022091,8.426150,2880,-760,1310,-2540
6.5378,45.0,381.434135,40213,65066,71,0.022091,8.426150,-2120,1570,-340,2880
6.5378,45.0,381.434135,40213,65066,71,0.022091,8.426150,-550,-1570,-1310,-1230
6.5378,45.0,381.434135,40213,65066,71,0.022091,8.426150,-1230,1780,340,2540
6.5378,45.0,381.434135,40213,65066,71,0.022091,8.426150,550,-1780,-760,-2120
6.5378,45.0,381.434135,40213,65066,71,0.022091,8.426150,1230,1310,1570,550
6.5378,45.0,381.434135,40213,65066,71,0.022091,8.426150,2540,-1310,760,-2880
6.5378,45.0,381.434135,40213,65066,71,0.022091,8.426150,-2540,-340,-1780,1230
6.5378,45.0,381.434135,40213,65066,71,0.022091,8.426150,-2880,340,-1570,2120
6.5378,45.0,381.595324,40247,65121,1255,0.092837,35.425979,260,1650,1180,1490
6.5378,45.0,381.595324,40247,65121,1255,0.092837,35.425979,1910,-1650,160,-2830
6.5378,45.0,381.595324,40247,65121,1255,0.092837,35.425979,-2830,920,-1180,2670
6.5378,45.0,381.595324,40247,65121,1255,0.092837,35.425979,2830,-160,1650,-1910
6.5378,45.0,381.595324,40247,65121,1255,0.092837,35.425979,1490,-1750,-160,-2670
6.5378,45.0,381.595324,40247,65121,1255,0.092837,35.425979,2670,160,1750,-1490
6.5378,45.0,381.595324,40247,65121,1255,0.092837,35.425979,-1490,-1180,-1650,-260
6.5378,45.0,381.595324,40247,65121,1255,0.092837,35.425979,-260,1750,920,1910
6.5378,45.0,381.595324,40247,65121,1255,0.092837,35.425979,-1910,-920,-1750,260
6.5378,45.0,381.595324,40247,65121,1255,0.092837,35.425979,-2670,1180,-920,2830
6.5378,45.0,381.595324,40247,65121,1255,0.092837,35.425979,1910,920,1750,-260
6.5378,45.0,381.595324,40247,65121,1255,0.092837,35.425979,2830,-920,1180,-2670
6.5378,45.0,381.595324,40247,65121,1255,0.092837,35.425979,-1910,1650,-160,2830
6.5378,45.0,381.595324,40247,65121,1255,0.092837,35.425979,-260,-1650,-1180,-1490
6.5378,45.0,381.595324,40247,65121,1255,0.092837,35.425979,-1490,1750,160,2670
6.5378,45.0,381.595324,40247,65121,1255,0.092837,35.425979,260,-1750,-920,-1910
6.5378,45.0,381.595324,40247,65121,1255,0.092837,35.425979,1490,1180,1650,260
6.5378,45.0,381.595324,40247,65121,1255,0.092837,35.425979,2670,-1180,920,-2830
6.5378,45.0,381.595324,40247,65121,1255,0.092837,35.425979,-2670,-160,-1750,1490
6.5378,45.0,381.595324,40247,65121,1255,0.092837,35.425979,-2830,160,-1650,1910
6.5378,45.0,382.958216,40535,65587,701,0.069137,26.476405,470,1600,1280,1310
6.5378,45.0,382.958216,40535,65587,701,0.069137,26.476405,2070,-1600,290,-2880
6.5378,45.0,382.958216,40535,65587,701,0.069137,26.476405,-2880,810,-1280,2590
6.5378,45.0,382.958216,40535,65587,701,0.069137,26.476405,2880,-290,1600,-2070
6.5378,45.0,382.958216,40535,65587,701,0.069137,26.476405,1310,-1780,-290,-2590
6.5378,45.0,382.958216,40535,65587,701,0.069137,26.476405,2590,290,1780,-1310
6.5378,45.0,382.958216,40535,65587,701,0.069137,26.476405,-1310,-1280,-1600,-470
6.5378,45.0,382.958216,40535,65587,701,0.069137,26.476405,-470,1780,810,2070
6.5378,45.0,382.958216,40535,65587,701,0.069137,26.476405,-2070,-810,-1780,470
6.5378,45.0,382.958216,40535,65587,701,0.069137,26.476405,-2590,1280,-810,2880
6.5378,45.0,384.057280,40768,65964,880,0.077241,29.664794,420,1620,1260,1360
6.5378,45.0,384.057280,40768,65964,880,0.077241,29.664794,2040,-1620,260,-2880
6.5378,45.0,384.057280,40768,65964,880,0.077241,29.664794,-2880,840,-1260,2620
6.5378,45.0,384.057280,40768,65964,880,0.077241,29.664794,2880,-260,1620,-2040
6.5378,45.0,384.057280,40768,65964,880,0.077241,29.664794,1360,-1780,-260,-2620
6.5378,45.0,384.057280,40768,65964,880,0.077241,29.664794,2620,260,1780,-1360
6.5378,45.0,384.057280,40768,65964,880,0.077241,29.664794,-1360,-1260,-1620,-420
6.5378,45.0,384.057280,40768,65964,880,0.077241,29.664794,-420,1780,840,2040
6.5378,45.0,384.057280,40768,65964,880,0.077241,29.664794,-2040,-840,-1780,420
6.5378,45.0,384.057280,40768,65964,880,0.077241,29.664794,-2620,1260,-840,2880
6.5378,45.0,384.057280,40768,65964,880,0.077241,29.664794,2040,840,1780,-420
6.5378,45.0,384.057280,40768,65964,880,0.077241,29.664794,2880,-840,1260,-2620
6.5378,45.0,384.057280,40768,65964,880,0.077241,29.664794,-2040,1620,-260,2880
6.5378,45.0,384.057280,40768,65964,880,0.077241,29.664794,-420,-1620,-1260,-1360
6.5378,45.0,384.057280,40768,65964,880,0.077241,29.664794,-1360,1780,260,2620
6.5378,45.0,384.057280,40768,65964,880,0.077241,29.664794,420,-1780,-840,-2040
6.5378,45.0,384.057280,40768,65964,880,0.077241,29.664794,1360,1260,1620,420
6.5378,45.0,384.057280,40768,65964,880,0.077241,29.664794,2620,-1260,840,-2880
6.5378,45.0,384.057280,40768,65964,880,0.077241,29.664794,-2620,-260,-1780,1360
6.5378,45.0,384.057280,40768,65964,880,0.077241,29.664794,-2880,260,-1620,2040
6.5378,45.0,385.054515,40980,66307,3011,0.142506,54.872580,2360,570,1810,-890
6.5378,45.0,385.054515,40980,66307,3011,0.142506,54.872580,2930,-570,1460,-2380
6.5378,45.0,385.054515,40980,66307,3011,0.142506,54.872580,-2360,1470,-550,2930
6.5378,45.0,385.054515,40980,66307,3011,0.142506,54.872580,-890,-1470,-1460,-920
6.5378,45.0,385.054515,40980,66307,3011,0.142506,54.872580,-920,1810,550,2380
6.5378,45.0,385.054515,40980,66307,3011,0.142506,54.872580,890,-1810,-570,-2360
6.5378,45.0,385.054515,40980,66307,3011,0.142506,54.872580,920,1460,1470,890
6.5378,45.0,385.054515,40980,66307,3011,0.142506,54.872580,2380,-1460,570,-2930
6.5378,45.0,385.054515,40980,66307,3011,0.142506,54.872580,-2380,-550,-1810,920
6.5378,45.0,385.054515,40980,66307,3011,0.142506,54.872580,-2930,550,-1470,2360
6.5378,45.0,385.570992,41090,66485,1525,0.101282,39.051248,2460,470,1810,-1050
6.5378,45.0,385.570992,41090,66485,1525,0.101282,39.051248,2930,-470,1520,-2280
6.5378,45.0,385.570992,41090,66485,1525,0.101282,39.051248,-2460,1410,-650,2930
6.5378,45.0,385.570992,41090,66485,1525,0.101282,39.051248,-1050,-1410,-1520,-760
6.5378,45.0,385.570992,41090,66485,1525,0.101282,39.051248,-760,1810,650,2280
6.5378,45.0,385.570992,41090,66485,1525,0.101282,39.051248,1050,-1810,-470,-2460
6.5378,45.0,385.570992,41090,66485,1525,0.101282,39.051248,760,1520,1410,1050
6.5378,45.0,385.570992,41090,66485,1525,0.101282,39.051248,2280,-1520,470,-2930
6.5378,45.0,385.570992,41090,66485,1525,0.101282,39.051248,-2280,-650,-1810,760
6.5378,45.0,385.570992,41090,66485,1525,0.101282,39.051248,-2930,650,-1410,2460
6.5378,45.0,385.570992,41090,66485,1525,0.101282,39.051248,2280,650,1810,-760
6.5378,45.0,385.570992,41090,66485,1525,0.101282,39.051248,2930,-650,1410,-2460
6.5378,45.0,385.570992,41090,66485,1525,0.101282,39.051248,-2280,1520,-470,2930
6.5378,45.0,385.570992,41090,66485,1525,0.101282,39.051248,-760,-1520,-1410,-1050
6.5378,45.0,385.570992,41090,66485,1525,0.101282,39.051248,-1050,1810,470,2460
6.5378,45.0,385.570992,41090,66485,1525,0.101282,39.051248,760,-1810,-650,-2280
6.5378,45.0,385.570992,41090,66485,1525,0.101282,39.051248,1050,1410,1520,760
6.5378,45.0,385.570992,41090,66485,1525,0.101282,39.051248,2460,-1410,650,-2930
6.5378,45.0,385.570992,41090,66485,1525,0.101282,39.051248,-2460,-470,-1810,1050
6.5378,45.0,385.570992,41090,66485,1525,0.101282,39.051248,-2930,470,-1520,2280
6.5378,45.0,385.988324,41179,66629,1991,0.115601,44.620623,2250,680,1810,-710
6.5378,45.0,385.988324,41179,66629,1991,0.115601,44.620623,2930,-680,1390,-2490
6.5378,45.0,385.988324,41179,66629,1991,0.115601,44.620623,-2250,1540,-440,2930
6.5378,45.0,385.988324,41179,66629,1991,0.115601,44.620623,-710,-1540,-1390,-1100
6.5378,45.0,385.988324,41179,66629,1991,0.115601,44.620623,-1100,1810,440,2490
6.5378,45.0,385.988324,41179,66629,1991,0.115601,44.620623,710,-1810,-680,-2250
6.5378,45.0,385.988324,41179,66629,1991,0.115601,44.620623,1100,1390,1540,710
6.5378,45.0,385.988324,41179,66629,1991,0.115601,44.620623,2490,-1390,680,-2930
6.5378,45.0,385.988324,41179,66629,1991,0.115601,44.620623,-2490,-440,-1810,1100
6.5378,45.0,385.988324,41179,66629,1991,0.115601,44.620623,-2930,440,-1540,2250
6.5378,45.0,385.988324,41179,66629,1991,0.115601,44.620623,130,1700,1130,1620
6.5378,45.0,385.988324,41179,66629,1991,0.115601,44.620623,1830,-1700,80,-2830
6.5378,45.0,385.988324,41179,66629,1991,0.115601,44.620623,-2830,1000,-1130,2750
6.5378,45.0,385.988324,41179,66629,1991,0.115601,44.620623,2830,-80,1700,-1830
6.5378,45.0,385.988324,41179,66629,1991,0.115601,44.620623,1620,-1750,-80,-2750
6.5378,45.0,385.988324,41179,66629,1991,0.115601,44.620623,2750,80,1750,-1620
6.5378,45.0,385.988324,41179,66629,1991,0.115601,44.620623,-1620,-1130,-1700,-130
6.5378,45.0,385.988324,41179,66629,1991,0.115601,44.620623,-130,1750,1000,1830
6.5378,45.0,385.988324,41179,66629,1991,0.115601,44.620623,-1830,-1000,-1750,130
6.5378,45.0,385.988324,41179,66629,1991,0.115601,44.620623,-2750,1130,-1000,2830
6.5378,45.0,386.919880,41378,66951,961,0.080120,31.000000,2540,390,1810,-1180
6.5378,45.0,386.919880,41378,66951,961,0.080120,31.000000,2930,-390,1570,-2200
6.5378,45.0,386.919880,41378,66951,961,0.080120,31.000000,-2540,1360,-730,2930
6.5378,45.0,386.919880,41378,66951,961,0.080120,31.000000,-1180,-1360,-1570,-630
6.5378,45.0,386.919880,41378,66951,961,0.080120,31.000000,-630,1810,730,2200
6.5378,45.0,386.919880,41378,66951,961,0.080120,31.000000,1180,-1810,-390,-2540
6.5378,45.0,386.919880,41378,66951,961,0.080120,31.000000,630,1570,1360,1180
6.5378,45.0,386.919880,41378,66951,961,0.080120,31.000000,2200,-1570,390,-2930
6.5378,45.0,386.919880,41378,66951,961,0.080120,31.000000,-2200,-730,-1810,630
6.5378,45.0,386.919880,41378,66951,961,0.080120,31.000000,-2930,730,-1360,2540
6.5378,45.0,386.919880,41378,66951,961,0.080120,31.000000,1730,1070,1730,0
6.5378,45.0,386.919880,41378,66951,961,0.080120,31.000000,2800,-1070,1070,-2800
6.5378,45.0,386.919880,41378,66951,961,0.080120,31.000000,-1730,1730,0,2800
6.5378,45.0,386.919880,41378,66951,961,0.080120,31.000000,0,-1730,-1070,-1730
6.5378,45.0,386.919880,41378,66951,961,0.080120,31.000000,-2800,0,-1730,1730
6.5378,45.0,388.422437,41700,67472,1616,0.103494,40.199502,1940,940,1780,-260
6.5378,45.0,388.422437,41700,67472,1616,0.103494,40.199502,2880,-940,1200,-2720
6.5378,45.0,388.422437,41700,67472,1616,0.103494,40.199502,-1940,1680,-160,2880
6.5378,45.0,388.422437,41700,67472,1616,0.103494,40.199502,-260,-1680,-1200,-1520
6.5378,45.0,388.422437,41700,67472,1616,0.103494,40.199502,-1520,1780,160,2720
6.5378,45.0,388.422437,41700,67472,1616,0.103494,40.199502,260,-1780,-940,-1940
6.5378,45.0,388.422437,41700,67472,1616,0.103494,40.199502,1520,1200,1680,260
6.5378,45.0,388.422437,41700,67472,1616,0.103494,40.199502,2720,-1200,940,-2880
6.5378,45.0,388.422437,41700,67472,1616,0.103494,40.199502,-2720,-160,-1780,1520
6.5378,45.0,388.422437,41700,67472,1616,0.103494,40.199502,-2880,160,-1680,1940
6.5378,45.0,389.348168,41899,67794,571,0.061373,23.895606,2330,630,1830,-810
6.5378,45.0,389.348168,41899,67794,571,0.061373,23.895606,2960,-630,1440,-2460
6.5378,45.0,389.348168,41899,67794,571,0.061373,23.895606,-2330,1520,-500,2960
6.5378,45.0,389.348168,41899,67794,571,0.061373,23.895606,-810,-1520,-1440,-1020
6.5378,45.0,389.348168,41899,67794,571,0.061373,23.895606,-1020,1830,500,2460
6.5378,45.0,389.348168,41899,67794,571,0.061373,23.895606,810,-1830,-630,-2330
6.5378,45.0,389.348168,41899,67794,571,0.061373,23.895606,1020,1440,1520,810
6.5378,45.0,389.348168,41899,67794,571,0.061373,23.895606,2460,-1440,630,-2960
6.5378,45.0,389.348168,41899,67794,571,0.061373,23.895606,-2460,-500,-1830,1020
6.5378,45.0,389.348168,41899,67794,571,0.061373,23.895606,-2960,500,-1520,2330
6.5378,45.0,390.429245,42132,68171,755,0.070377,27.477263,2540,420,1830,-1150
6.5378,45.0,390.429245,42132,68171,755,0.070377,27.477263,2960,-420,1570,-2250
6.5378,45.0,390.429245,42132,68171,755,0.070377,27.477263,-2540,1390,-710,2960
6.5378,45.0,390.429245,42132,68171,755,0.070377,27.477263,-1150,-1390,-1570,-680
6.5378,45.0,390.429245,42132,68171,755,0.070377,27.477263,-680,1830,710,2250
6.5378,45.0,390.429245,42132,68171,755,0.070377,27.477263,1150,-1830,-420,-2540
6.5378,45.0,390.429245,42132,68171,755,0.070377,27.477263,680,1570,1390,1150
6.5378,45.0,390.429245,42132,68171,755,0.070377,27.477263,2250,-1570,420,-2960
6.5378,45.0,390.429245,42132,68171,755,0.070377,27.477263,-2250,-710,-1830,680
6.5378,45.0,390.429245,42132,68171,755,0.070377,27.477263,-2960,710,-1390,2540
6.5378,45.0,390.429245,42132,68171,755,0.070377,27.477263,2250,710,1830,-680
6.5378,45.0,390.429245,42132,68171,755,0.070377,27.477263,2960,-710,1390,-2540
6.5378,45.0,390.429245,42132,68171,755,0.070377,27.477263,-2250,1570,-420,2960
6.5378,45.0,390.429245,42132,68171,755,0.070377,27.477263,-680,-1570,-1390,-1150
6.5378,45.0,390.429245,42132,68171,755,0.070377,27.477263,-1150,1830,420,2540
6.5378,45.0,390.429245,42132,68171,755,0.070377,27.477263,680,-1830,-710,-2250
6.5378,45.0,390.429245,42132,68171,755,0.070377,27.477263,1150,1390,1570,680
6.5378,45.0,390.429245,42132,68171,755,0.070377,27.477263,2540,-1390,710,-2960
6.5378,45.0,390.429245,42132,68171,755,0.070377,27.477263,-2540,-420,-1830,1150
6.5378,45.0,390.429245,42132,68171,755,0.070377,27.477263,-2960,420,-1570,2250
6.5378,45.0,390.841390,42221,68315,1231,0.089769,35.085610,2070,860,1810,-420
6.5378,45.0,390.841390,42221,68315,1231,0.089769,35.085610,2930,-860,1280,-2670
6.5378,45.0,390.841390,42221,68315,1231,0.089769,35.085610,-2070,1650,-260,2930
6.5378,45.0,390.841390,42221,68315,1231,0.089769,35.085610,-420,-1650,-1280,-1390
6.5378,45.0,390.841390,42221,68315,1231,0.089769,35.085610,-1390,1810,260,2670
6.5378,45.0,390.841390,42221,68315,1231,0.089769,35.085610,420,-1810,-860,-2070
6.5378,45.0,390.841390,42221,68315,1231,0.089769,35.085610,1390,1280,1650,420
6.5378,45.0,390.841390,42221,68315,1231,0.089769,35.085610,2670,-1280,860,-2930
6.5378,45.0,390.841390,42221,68315,1231,0.089769,35.085610,-2670,-260,-1810,1390
6.5378,45.0,390.841390,42221,68315,1231,0.089769,35.085610,-2930,260,-1650,2070
6.5378,45.0,392.328928,42543,68836,1901,0.111132,43.600459,550,1620,1340,1280
6.5378,45.0,392.328928,42543,68836,1901,0.111132,43.600459,2170,-1620,340,-2960
6.5378,45.0,392.328928,42543,68836,1901,0.111132,43.600459,-2960,790,-1340,2620
6.5378,45.0,392.328928,42543,68836,1901,0.111132,43.600459,2960,-340,1620,-2170
6.5378,45.0,392.328928,42543,68836,1901,0.111132,43.600459,1280,-1830,-340,-2620
6.5378,45.0,392.328928,42543,68836,1901,0.111132,43.600459,2620,340,1830,-1280
6.5378,45.0,392.328928,42543,68836,1901,0.111132,43.600459,-1280,-1340,-1620,-550
6.5378,45.0,392.328928,42543,68836,1901,0.111132,43.600459,-550,1830,790,2170
6.5378,45.0,392.328928,42543,68836,1901,0.111132,43.600459,-2170,-790,-1830,550
6.5378,45.0,392.328928,42543,68836,1901,0.111132,43.600459,-2620,1340,-790,2960
6.5378,45.0,392.835841,42653,69014,355,0.047963,18.841444,130,1730,1150,1650
6.5378,45.0,392.835841,42653,69014,355,0.047963,18.841444,1860,-1730,80,-2880
6.5378,45.0,392.835841,42653,69014,355,0.047963,18.841444,-2880,1020,-1150,2800
6.5378,45.0,392.835841,42653,69014,355,0.047963,18.841444,2880,-80,1730,-1860
6.5378,45.0,392.835841,42653,69014,355,0.047963,18.841444,1650,-1780,-80,-2800
6.5378,45.0,392.835841,42653,69014,355,0.047963,18.841444,2800,80,1780,-1650
6.5378,45.0,392.835841,42653,69014,355,0.047963,18.841444,-1650,-1150,-1730,-130
6.5378,45.0,392.835841,42653,69014,355,0.047963,18.841444,-130,1780,1020,1860
6.5378,45.0,392.835841,42653,69014,355,0.047963,18.841444,-1860,-1020,-1780,130
6.5378,45.0,392.835841,42653,69014,355,0.047963,18.841444,-2800,1150,-1020,2880
6.5378,45.0,392.835841,42653,69014,355,0.047963,18.841444,1860,1020,1780,-130
6.5378,45.0,392.835841,42653,69014,355,0.047963,18.841444,2880,-1020,1150,-2800
6.5378,45.0,392.835841,42653,69014,355,0.047963,18.841444,-1860,1730,-80,2880
6.5378,45.0,392.835841,42653,69014,355,0.047963,18.841444,-130,-1730,-1150,-1650
6.5378,45.0,392.835841,42653,69014,355,0.047963,18.841444,-1650,1780,80,2800
6.5378,45.0,392.835841,42653,69014,355,0.047963,18.841444,130,-1780,-1020,-1860
6.5378,45.0,392.835841,42653,69014,355,0.047963,18.841444,1650,1150,1730,130
6.5378,45.0,392.835841,42653,69014,355,0.047963,18.841444,2800,-1150,1020,-2880
6.5378,45.0,392.835841,42653,69014,355,0.047963,18.841444,-2800,-80,-1780,1650
6.5378,45.0,392.835841,42653,69014,355,0.047963,18.841444,-2880,80,-1730,1860
6.5378,45.0,394.315855,42975,69535,1025,0.081193,32.015621,290,1700,1230,1520
6.5378,45.0,394.315855,42975,69535,1025,0.081193,32.015621,1990,-1700,180,-2930
6.5378,45.0,394.315855,42975,69535,1025,0.081193,32.015621,-2930,940,-1230,2750
6.5378,45.0,394.315855,42975,69535,1025,0.081193,32.015621,2930,-180,1700,-1990
6.5378,45.0,394.315855,42975,69535,1025,0.081193,32.015621,1520,-1810,-180,-2750
6.5378,45.0,394.315855,42975,69535,1025,0.081193,32.015621,2750,180,1810,-1520
6.5378,45.0,394.315855,42975,69535,1025,0.081193,32.015621,-1520,-1230,-1700,-290
6.5378,45.0,394.315855,42975,69535,1025,0.081193,32.015621,-290,1810,940,1990
6.5378,45.0,394.315855,42975,69535,1025,0.081193,32.015621,-1990,-940,-1810,290
6.5378,45.0,394.315855,42975,69535,1025,0.081193,32.015621,-2750,1230,-940,2930
6.5378,45.0,394.315855,42975,69535,1025,0.081193,32.015621,1990,940,1810,-290
6.5378,45.0,394.315855,42975,69535,1025,0.081193,32.015621,2930,-940,1230,-2750
6.5378,45.0,394.315855,42975,69535,1025,0.081193,32.015621,-1990,1700,-180,2930
6.5378,45.0,394.315855,42975,69535,1025,0.081193,32.015621,-290,-1700,-1230,-1520
6.5378,45.0,394.315855,42975,69535,1025,0.081193,32.015621,-1520,1810,180,2750
6.5378,45.0,394.315855,42975,69535,1025,0.081193,32.015621,290,-1810,-940,-1990
6.5378,45.0,394.315855,42975,69535,1025,0.081193,32.015621,1520,1230,1700,290
6.5378,45.0,394.315855,42975,69535,1025,0.081193,32.015621,2750,-1230,940,-2930
6.5378,45.0,394.315855,42975,69535,1025,0.081193,32.015621,-2750,-180,-1810,1520
6.5378,45.0,394.315855,42975,69535,1025,0.081193,32.015621,-2930,180,-1700,1990
6.5378,45.0,394.723942,43064,69679,1511,0.098478,38.871583,1830,1050,1780,-80
6.5378,45.0,394.723942,43064,69679,1511,0.098478,38.871583,2880,-1050,1130,-2830
6.5378,45.0,394.723942,43064,69679,1511,0.098478,38.871583,-1830,1750,-50,2880
6.5378,45.0,394.723942,43064,69679,1511,0.098478,38.871583,-80,-1750,-1130,-1700
6.5378,45.0,394.723942,43064,69679,1511,0.098478,38.871583,-1700,1780,50,2830
6.5378,45.0,394.723942,43064,69679,1511,0.098478,38.871583,80,-1780,-1050,-1830
6.5378,45.0,394.723942,43064,69679,1511,0.098478,38.871583,1700,1130,1750,80
6.5378,45.0,394.723942,43064,69679,1511,0.098478,38.871583,2830,-1130,1050,-2880
6.5378,45.0,394.723942,43064,69679,1511,0.098478,38.871583,-2830,-50,-1780,1700
6.5378,45.0,394.723942,43064,69679,1511,0.098478,38.871583,-2880,50,-1750,1830
6.5378,45.0,395.634929,43263,70001,431,0.052474,20.760539,2460,550,1860,-970
6.5378,45.0,395.634929,43263,70001,431,0.052474,20.760539,3010,-550,1520,-2410
6.5378,45.0,395.634929,43263,70001,431,0.052474,20.760539,-2460,1490,-600,3010
6.5378,45.0,395.634929,43263,70001,431,0.052474,20.760539,-970,-1490,-1520,-890
6.5378,45.0,395.634929,43263,70001,431,0.052474,20.760539,-890,1860,600,2410
6.5378,45.0,395.634929,43263,70001,431,0.052474,20.760539,970,-1860,-550,-2460
6.5378,45.0,395.634929,43263,70001,431,0.052474,20.760539,890,1520,1490,970
6.5378,45.0,395.634929,43263,70001,431,0.052474,20.760539,2410,-1520,550,-3010
6.5378,45.0,395.634929,43263,70001,431,0.052474,20.760539,-2410,-600,-1860,890
6.5378,45.0,395.634929,43263,70001,431,0.052474,20.760539,-3010,600,-1490,2460
6.5378,45.0,395.790335,43297,70056,1705,0.104327,41.291646,2490,520,1860,-1020
6.5378,45.0,395.790335,43297,70056,1705,0.104327,41.291646,3010,-520,1540,-2380
6.5378,45.0,395.790335,43297,70056,1705,0.104327,41.291646,-2490,1470,-630,3010
6.5378,45.0,395.790335,43297,70056,1705,0.104327,41.291646,-1020,-1470,-1540,-840
6.5378,45.0,395.790335,43297,70056,1705,0.104327,41.291646,-840,1860,630,2380
6.5378,45.0,395.790335,43297,70056,1705,0.104327,41.291646,1020,-1860,-520,-2490
6.5378,45.0,395.790335,43297,70056,1705,0.104327,41.291646,840,1540,1470,1020
6.5378,45.0,395.790335,43297,70056,1705,0.104327,41.291646,2380,-1540,520,-3010
6.5378,45.0,395.790335,43297,70056,1705,0.104327,41.291646,-2380,-630,-1860,840
6.5378,45.0,395.790335,43297,70056,1705,0.104327,41.291646,-3010,630,-1470,2490
6.5378,45.0,395.790335,43297,70056,1705,0.104327,41.291646,390,1680,1280,1440
6.5378,45.0,395.790335,43297,70056,1705,0.104327,41.291646,2070,-1680,240,-2960
6.5378,45.0,395.790335,43297,70056,1705,0.104327,41.291646,-2960,890,-1280,2720
6.5378,45.0,395.790335,43297,70056,1705,0.104327,41.291646,2960,-240,1680,-2070
6.5378,45.0,395.790335,43297,70056,1705,0.104327,41.291646,1440,-1830,-240,-2720
6.5378,45.0,395.790335,43297,70056,1705,0.104327,41.291646,2720,240,1830,-1440
6.5378,45.0,395.790335,43297,70056,1705,0.104327,41.291646,-1440,-1280,-1680,-390
6.5378,45.0,395.790335,43297,70056,1705,0.104327,41.291646,-390,1830,890,2070
6.5378,45.0,395.790335,43297,70056,1705,0.104327,41.291646,-2070,-890,-1830,390
6.5378,45.0,395.790335,43297,70056,1705,0.104327,41.291646,-2720,1280,-890,2960
6.5378,45.0,397.104511,43585,70522,1111,0.083937,33.331667,2280,730,1860,-680
6.5378,45.0,397.104511,43585,70522,1111,0.083937,33.331667,3010,-730,1410,-2590
6.5378,45.0,397.104511,43585,70522,1111,0.083937,33.331667,-2280,1600,-420,3010
6.5378,45.0,397.104511,43585,70522,1111,0.083937,33.331667,-680,-1600,-1410,-1180
6.5378,45.0,397.104511,43585,70522,1111,0.083937,33.331667,-1180,1860,420,2590
6.5378,45.0,397.104511,43585,70522,1111,0.083937,33.331667,680,-1860,-730,-2280
6.5378,45.0,397.104511,43585,70522,1111,0.083937,33.331667,1180,1410,1600,680
6.5378,45.0,397.104511,43585,70522,1111,0.083937,33.331667,2590,-1410,730,-3010
6.5378,45.0,397.104511,43585,70522,1111,0.083937,33.331667,-2590,-420,-1860,1180
6.5378,45.0,397.104511,43585,70522,1111,0.083937,33.331667,-3010,420,-1600,2280
6.5378,45.0,397.104511,43585,70522,1111,0.083937,33.331667,2040,920,1830,-340
6.5378,45.0,397.104511,43585,70522,1111,0.083937,33.331667,2960,-920,1260,-2750
6.5378,45.0,397.104511,43585,70522,1111,0.083937,33.331667,-2040,1700,-210,2960
6.5378,45.0,397.104511,43585,70522,1111,0.083937,33.331667,-340,-1700,-1260,-1490
6.5378,45.0,397.104511,43585,70522,1111,0.083937,33.331667,-1490,1830,210,2750
6.5378,45.0,397.104511,43585,70522,1111,0.083937,33.331667,340,-1830,-920,-2040
6.5378,45.0,397.104511,43585,70522,1111,0.083937,33.331667,1490,1260,1700,340
6.5378,45.0,397.104511,43585,70522,1111,0.083937,33.331667,2750,-1260,920,-2960
6.5378,45.0,397.104511,43585,70522,1111,0.083937,33.331667,-2750,-210,-1830,1490
6.5378,45.0,397.104511,43585,70522,1111,0.083937,33.331667,-2960,210,-1700,2040
6.5378,45.0,398.568675,43907,71043,1801,0.106476,42.438190,160,1750,1180,1650
6.5378,45.0,398.568675,43907,71043,1801,0.106476,42.438190,1910,-1750,100,-2930
6.5378,45.0,398.568675,43907,71043,1801,0.106476,42.438190,-2930,1020,-1180,2830
6.5378,45.0,398.568675,43907,71043,1801,0.106476,42.438190,2930,-100,1750,-1910
6.5378,45.0,398.568675,43907,71043,1801,0.106476,42.438190,1650,-1810,-100,-2830
6.5378,45.0,398.568675,43907,71043,1801,0.106476,42.438190,2830,100,1810,-1650
6.5378,45.0,398.568675,43907,71043,1801,0.106476,42.438190,-1650,-1180,-1750,-160
6.5378,45.0,398.568675,43907,71043,1801,0.106476,42.438190,-160,1810,1020,1910
6.5378,45.0,398.568675,43907,71043,1801,0.106476,42.438190,-1910,-1020,-1810,160
6.5378,45.0,398.568675,43907,71043,1801,0.106476,42.438190,-2830,1180,-1020,2930
6.5378,45.0,399.067662,44017,71221,205,0.035878,14.317821,550,1650,1360,1310
6.5378,45.0,399.067662,44017,71221,205,0.035878,14.317821,2200,-1650,340,-3010
6.5378,45.0,399.067662,44017,71221,205,0.035878,14.317821,-3010,810,-1360,2670
6.5378,45.0,399.067662,44017,71221,205,0.035878,14.317821,3010,-340,1650,-2200
6.5378,45.0,399.067662,44017,71221,205,0.035878,14.317821,1310,-1860,-340,-2670
6.5378,45.0,399.067662,44017,71221,205,0.035878,14.317821,2670,340,1860,-1310
6.5378,45.0,399.067662,44017,71221,205,0.035878,14.317821,-1310,-1360,-1650,-550
6.5378,45.0,399.067662,44017,71221,205,0.035878,14.317821,-550,1860,810,2200
6.5378,45.0,399.067662,44017,71221,205,0.035878,14.317821,-2200,-810,-1860,550
6.5378,45.0,399.067662,44017,71221,205,0.035878,14.317821,-2670,1360,-810,3010
6.5378,45.0,399.067662,44017,71221,205,0.035878,14.317821,2200,810,1860,-550
6.5378,45.0,399.067662,44017,71221,205,0.035878,14.317821,3010,-810,1360,-2670
6.5378,45.0,399.067662,44017,71221,205,0.035878,14.317821,-2200,1650,-340,3010
6.5378,45.0,399.067662,44017,71221,205,0.035878,14.317821,-550,-1650,-1360,-1310
6.5378,45.0,399.067662,44017,71221,205,0.035878,14.317821,-1310,1860,340,2670
6.5378,45.0,399.067662,44017,71221,205,0.035878,14.317821,550,-1860,-810,-2200
6.5378,45.0,399.067662,44017,71221,205,0.035878,14.317821,1310,1360,1650,550
6.5378,45.0,399.067662,44017,71221,205,0.035878,14.317821,2670,-1360,810,-3010
6.5378,45.0,399.067662,44017,71221,205,0.035878,14.317821,-2670,-340,-1860,1310
6.5378,45.0,399.067662,44017,71221,205,0.035878,14.317821,-3010,340,-1650,2200
6.5378,45.0,399.470895,44106,71365,701,0.066279,26.476405,260,1730,1230,1570
6.5378,45.0,399.470895,44106,71365,701,0.066279,26.476405,1990,-1730,160,-2960
6.5378,45.0,399.470895,44106,71365,701,0.066279,26.476405,-2960,970,-1230,2800
6.5378,45.0,399.470895,44106,71365,701,0.066279,26.476405,2960,-160,1730,-1990
6.5378,45.0,399.470895,44106,71365,701,0.066279,26.476405,1570,-1830,-160,-2800
6.5378,45.0,399.470895,44106,71365,701,0.066279,26.476405,2800,160,1830,-1570
6.5378,45.0,399.470895,44106,71365,701,0.066279,26.476405,-1570,-1230,-1730,-260
6.5378,45.0,399.470895,44106,71365,701,0.066279,26.476405,-260,1830,970,1990
6.5378,45.0,399.470895,44106,71365,701,0.066279,26.476405,-1990,-970,-1830,260
6.5378,45.0,399.470895,44106,71365,701,0.066279,26.476405,-2800,1230,-970,2960
6.5378,45.0,400.027480,44229,71564,2501,0.125016,50.009999,2170,840,1860,-500
6.5378,45.0,400.027480,44229,71564,2501,0.125016,50.009999,3010,-840,1340,-2700
6.5378,45.0,400.027480,44229,71564,2501,0.125016,50.009999,-2170,1670,-310,3010
6.5378,45.0,400.027480,44229,71564,2501,0.125016,50.009999,-500,-1670,-1340,-1360
6.5378,45.0,400.027480,44229,71564,2501,0.125016,50.009999,-1360,1860,310,2700
6.5378,45.0,400.027480,44229,71564,2501,0.125016,50.009999,500,-1860,-840,-2170
6.5378,45.0,400.027480,44229,71564,2501,0.125016,50.009999,1360,1340,1670,500
6.5378,45.0,400.027480,44229,71564,2501,0.125016,50.009999,2700,-1340,840,-3010
6.5378,45.0,400.027480,44229,71564,2501,0.125016,50.009999,-2700,-310,-1860,1360
6.5378,45.0,400.027480,44229,71564,2501,0.125016,50.009999,-3010,310,-1670,2170
6.5378,45.0,401.823342,44627,72208,281,0.041717,16.763055,420,1700,1310,1440
6.5378,45.0,401.823342,44627,72208,281,0.041717,16.763055,2120,-1700,260,-3010
6.5378,45.0,401.823342,44627,72208,281,0.041717,16.763055,-3010,890,-1310,2750
6.5378,45.0,401.823342,44627,72208,281,0.041717,16.763055,3010,-260,1700,-2120
6.5378,45.0,401.823342,44627,72208,281,0.041717,16.763055,1440,-1860,-260,-2750
6.5378,45.0,401.823342,44627,72208,281,0.041717,16.763055,2750,260,1860,-1440
6.5378,45.0,401.823342,44627,72208,281,0.041717,16.763055,-1440,-1310,-1700,-420
6.5378,45.0,401.823342,44627,72208,281,0.041717,16.763055,-420,1860,890,2120
6.5378,45.0,401.823342,44627,72208,281,0.041717,16.763055,-2120,-890,-1860,420
6.5378,45.0,401.823342,44627,72208,281,0.041717,16.763055,-2750,1310,-890,3010
6.5378,45.0,402.376673,44750,72407,2101,0.113915,45.836667,2410,650,1890,-840
6.5378,45.0,402.376673,44750,72407,2101,0.113915,45.836667,3060,-650,1490,-2540
6.5378,45.0,402.376673,44750,72407,2101,0.113915,45.836667,-2410,1570,-520,3060
6.5378,45.0,402.376673,44750,72407,2101,0.113915,45.836667,-840,-1570,-1490,-1050
6.5378,45.0,402.376673,44750,72407,2101,0.113915,45.836667,-1050,1890,520,2540
6.5378,45.0,402.376673,44750,72407,2101,0.113915,45.836667,840,-1890,-650,-2410
6.5378,45.0,402.376673,44750,72407,2101,0.113915,45.836667,1050,1490,1570,840
6.5378,45.0,402.376673,44750,72407,2101,0.113915,45.836667,2540,-1490,650,-3060
6.5378,45.0,402.376673,44750,72407,2101,0.113915,45.836667,-2540,-520,-1890,1050
6.5378,45.0,402.376673,44750,72407,2101,0.113915,45.836667,-3060,520,-1570,2410
6.5378,45.0,402.376673,44750,72407,2101,0.113915,45.836667,2250,790,1880,-600
6.5378,45.0,402.376673,44750,72407,2101,0.113915,45.836667,3040,-790,1390,-2670
6.5378,45.0,402.376673,44750,72407,2101,0.113915,45.836667,-2250,1650,-370,3040
6.5378,45.0,402.376673,44750,72407,2101,0.113915,45.836667,-600,-1650,-1390,-1280
6.5378,45.0,402.376673,44750,72407,2101,0.113915,45.836667,-1280,1880,370,2670
6.5378,45.0,402.376673,44750,72407,2101,0.113915,45.836667,600,-1880,-790,-2250
6.5378,45.0,402.376673,44750,72407,2101,0.113915,45.836667,1280,1390,1650,600
6.5378,45.0,402.376673,44750,72407,2101,0.113915,45.836667,2670,-1390,790,-3040
6.5378,45.0,402.376673,44750,72407,2101,0.113915,45.836667,-2670,-370,-1880,1280
6.5378,45.0,402.376673,44750,72407,2101,0.113915,45.836667,-3040,370,-1650,2250
6.5378,45.0,403.422838,44983,72784,2305,0.119008,48.010416,2620,440,1890,-1180
6.5378,45.0,403.422838,44983,72784,2305,0.119008,48.010416,3060,-440,1620,-2330
6.5378,45.0,403.422838,44983,72784,2305,0.119008,48.010416,-2620,1440,-730,3060
6.5378,45.0,403.422838,44983,72784,2305,0.119008,48.010416,-1180,-1440,-1620,-710
6.5378,45.0,403.422838,44983,72784,2305,0.119008,48.010416,-710,1890,730,2330
6.5378,45.0,403.422838,44983,72784,2305,0.119008,48.010416,1180,-1890,-440,-2620
6.5378,45.0,403.422838,44983,72784,2305,0.119008,48.010416,710,1620,1440,1180
6.5378,45.0,403.422838,44983,72784,2305,0.119008,48.010416,2330,-1620,440,-3060
6.5378,45.0,403.422838,44983,72784,2305,0.119008,48.010416,-2330,-730,-1890,710
6.5378,45.0,403.422838,44983,72784,2305,0.119008,48.010416,-3060,730,-1440,2620
6.5378,45.0,406.148969,45593,73771,2411,0.120896,49.101935,2490,600,1910,-940
6.5378,45.0,406.148969,45593,73771,2411,0.120896,49.101935,3090,-600,1540,-2510
6.5378,45.0,406.148969,45593,73771,2411,0.120896,49.101935,-2490,1550,-580,3090
6.5378,45.0,406.148969,45593,73771,2411,0.120896,49.101935,-940,-1550,-1540,-970
6.5378,45.0,406.148969,45593,73771,2411,0.120896,49.101935,-970,1910,580,2510
6.5378,45.0,406.148969,45593,73771,2411,0.120896,49.101935,940,-1910,-600,-2490
6.5378,45.0,406.148969,45593,73771,2411,0.120896,49.101935,970,1540,1550,940
6.5378,45.0,406.148969,45593,73771,2411,0.120896,49.101935,2510,-1540,600,-3090
6.5378,45.0,406.148969,45593,73771,2411,0.120896,49.101935,-2510,-580,-1910,970
6.5378,45.0,406.148969,45593,73771,2411,0.120896,49.101935,-3090,580,-1550,2490
6.5378,45.0,406.638655,45703,73949,755,0.067572,27.477263,2590,500,1910,-1100
6.5378,45.0,406.638655,45703,73949,755,0.067572,27.477263,3090,-500,1600,-2410
6.5378,45.0,406.638655,45703,73949,755,0.067572,27.477263,-2590,1490,-680,3090
6.5378,45.0,406.638655,45703,73949,755,0.067572,27.477263,-1100,-1490,-1600,-810
6.5378,45.0,406.638655,45703,73949,755,0.067572,27.477263,-810,1910,680,2410
6.5378,45.0,406.638655,45703,73949,755,0.067572,27.477263,1100,-1910,-500,-2590
6.5378,45.0,406.638655,45703,73949,755,0.067572,27.477263,810,1600,1490,1100
6.5378,45.0,406.638655,45703,73949,755,0.067572,27.477263,2410,-1600,500,-3090
6.5378,45.0,406.638655,45703,73949,755,0.067572,27.477263,-2410,-680,-1910,810
6.5378,45.0,406.638655,45703,73949,755,0.067572,27.477263,-3090,680,-1490,2590
6.5378,45.0,406.638655,45703,73949,755,0.067572,27.477263,2410,680,1910,-810
6.5378,45.0,406.638655,45703,73949,755,0.067572,27.477263,3090,-680,1490,-2590
6.5378,45.0,406.638655,45703,73949,755,0.067572,27.477263,-2410,1600,-500,3090
6.5378,45.0,406.638655,45703,73949,755,0.067572,27.477263,-810,-1600,-1490,-1100
6.5378,45.0,406.638655,45703,73949,755,0.067572,27.477263,-1100,1910,500,2590
6.5378,45.0,406.638655,45703,73949,755,0.067572,27.477263,810,-1910,-680,-2410
6.5378,45.0,406.638655,45703,73949,755,0.067572,27.477263,1100,1490,1600,810
6.5378,45.0,406.638655,45703,73949,755,0.067572,27.477263,2590,-1490,680,-3090
6.5378,45.0,406.638655,45703,73949,755,0.067572,27.477263,-2590,-500,-1910,1100
6.5378,45.0,406.638655,45703,73949,755,0.067572,27.477263,-3090,500,-1600,2410
6.5378,45.0,407.034387,45792,74093,1271,0.087587,35.651087,2380,710,1910,-760
6.5378,45.0,407.034387,45792,74093,1271,0.087587,35.651087,3090,-710,1470,-2620
6.5378,45.0,407.034387,45792,74093,1271,0.087587,35.651087,-2380,1620,-470,3090
6.5378,45.0,407.034387,45792,74093,1271,0.087587,35.651087,-760,-1620,-1470,-1150
6.5378,45.0,407.034387,45792,74093,1271,0.087587,35.651087,-1150,1910,470,2620
6.5378,45.0,407.034387,45792,74093,1271,0.087587,35.651087,760,-1910,-710,-2380
6.5378,45.0,407.034387,45792,74093,1271,0.087587,35.651087,1150,1470,1620,760
6.5378,45.0,407.034387,45792,74093,1271,0.087587,35.651087,2620,-1470,710,-3090
6.5378,45.0,407.034387,45792,74093,1271,0.087587,35.651087,-2620,-470,-1910,1150
6.5378,45.0,407.034387,45792,74093,1271,0.087587,35.651087,-3090,470,-1620,2380
6.5378,45.0,407.034387,45792,74093,1271,0.087587,35.651087,1860,1100,1830,-50
6.5378,45.0,407.034387,45792,74093,1271,0.087587,35.651087,2960,-1100,1150,-2930
6.5378,45.0,407.034387,45792,74093,1271,0.087587,35.651087,-1860,1810,-30,2960
6.5378,45.0,407.034387,45792,74093,1271,0.087587,35.651087,-50,-1810,-1150,-1780
6.5378,45.0,407.034387,45792,74093,1271,0.087587,35.651087,-1780,1830,30,2930
6.5378,45.0,407.034387,45792,74093,1271,0.087587,35.651087,50,-1830,-1100,-1860
6.5378,45.0,407.034387,45792,74093,1271,0.087587,35.651087,1780,1150,1810,50
6.5378,45.0,407.034387,45792,74093,1271,0.087587,35.651087,2930,-1150,1100,-2960
6.5378,45.0,407.034387,45792,74093,1271,0.087587,35.651087,-2930,-30,-1830,1780
6.5378,45.0,407.034387,45792,74093,1271,0.087587,35.651087,-2960,30,-1810,1860
6.5378,45.0,407.917883,45991,74415,121,0.026966,11.000000,2670,420,1910,-1230
6.5378,45.0,407.917883,45991,74415,121,0.026966,11.000000,3090,-420,1650,-2330
6.5378,45.0,407.917883,45991,74415,121,0.026966,11.000000,-2670,1440,-760,3090
6.5378,45.0,407.917883,45991,74415,121,0.026966,11.000000,-1230,-1440,-1650,-680
6.5378,45.0,407.917883,45991,74415,121,0.026966,11.000000,-680,1910,760,2330
6.5378,45.0,407.917883,45991,74415,121,0.026966,11.000000,1230,-1910,-420,-2670
6.5378,45.0,407.917883,45991,74415,121,0.026966,11.000000,680,1650,1440,1230
6.5378,45.0,407.917883,45991,74415,121,0.026966,11.000000,2330,-1650,420,-3090
6.5378,45.0,407.917883,45991,74415,121,0.026966,11.000000,-2330,-760,-1910,680
6.5378,45.0,407.917883,45991,74415,121,0.026966,11.000000,-3090,760,-1440,2670
6.5378,45.0,407.917883,45991,74415,121,0.026966,11.000000,1990,1020,1860,-210
6.5378,45.0,407.917883,45991,74415,121,0.026966,11.000000,3010,-1020,1230,-2880
6.5378,45.0,407.917883,45991,74415,121,0.026966,11.000000,-1990,1780,-130,3010
6.5378,45.0,407.917883,45991,74415,121,0.026966,11.000000,-210,-1780,-1230,-1650
6.5378,45.0,407.917883,45991,74415,121,0.026966,11.000000,-1650,1860,130,2880
6.5378,45.0,407.917883,45991,74415,121,0.026966,11.000000,210,-1860,-1020,-1990
6.5378,45.0,407.917883,45991,74415,121,0.026966,11.000000,1650,1230,1780,210
6.5378,45.0,407.917883,45991,74415,121,0.026966,11.000000,2880,-1230,1020,-3010
6.5378,45.0,407.917883,45991,74415,121,0.026966,11.000000,-2880,-130,-1860,1650
6.5378,45.0,407.917883,45991,74415,121,0.026966,11.000000,-3010,130,-1780,1990
6.5378,45.0,409.886550,46436,75135,2731,0.127496,52.258971,2120,940,1890,-370
6.5378,45.0,409.886550,46436,75135,2731,0.127496,52.258971,3060,-940,1310,-2830
6.5378,45.0,409.886550,46436,75135,2731,0.127496,52.258971,-2120,1750,-230,3060
6.5378,45.0,409.886550,46436,75135,2731,0.127496,52.258971,-370,-1750,-1310,-1520
6.5378,45.0,409.886550,46436,75135,2731,0.127496,52.258971,-1520,1890,230,2830
6.5378,45.0,409.886550,46436,75135,2731,0.127496,52.258971,370,-1890,-940,-2120
6.5378,45.0,409.886550,46436,75135,2731,0.127496,52.258971,1520,1310,1750,370
6.5378,45.0,409.886550,46436,75135,2731,0.127496,52.258971,2830,-1310,940,-3060
6.5378,45.0,409.886550,46436,75135,2731,0.127496,52.258971,-2830,-230,-1890,1520
6.5378,45.0,409.886550,46436,75135,2731,0.127496,52.258971,-3060,230,-1750,2120
6.5378,45.0,410.763911,46635,75457,1571,0.096493,39.635842,130,1810,1200,1730
6.5378,45.0,410.763911,46635,75457,1571,0.096493,39.635842,1940,-1810,80,-3010
6.5378,45.0,410.763911,46635,75457,1571,0.096493,39.635842,-3010,1070,-1200,2930
6.5378,45.0,410.763911,46635,75457,1571,0.096493,39.635842,3010,-80,1810,-1940
6.5378,45.0,410.763911,46635,75457,1571,0.096493,39.635842,1730,-1860,-80,-2930
6.5378,45.0,410.763911,46635,75457,1571,0.096493,39.635842,2930,80,1860,-1730
6.5378,45.0,410.763911,46635,75457,1571,0.096493,39.635842,-1730,-1200,-1810,-130
6.5378,45.0,410.763911,46635,75457,1571,0.096493,39.635842,-130,1860,1070,1940
6.5378,45.0,410.763911,46635,75457,1571,0.096493,39.635842,-1940,-1070,-1860,130
6.5378,45.0,410.763911,46635,75457,1571,0.096493,39.635842,-2930,1200,-1070,3010
6.5378,45.0,411.639402,46834,75779,401,0.048647,20.024984,2200,890,1910,-470
6.5378,45.0,411.639402,46834,75779,401,0.048647,20.024984,3090,-890,1360,-2800
6.5378,45.0,411.639402,46834,75779,401,0.048647,20.024984,-2200,1730,-290,3090
6.5378,45.0,411.639402,46834,75779,401,0.048647,20.024984,-470,-1730,-1360,-1440
6.5378,45.0,411.639402,46834,75779,401,0.048647,20.024984,-1440,1910,290,2800
6.5378,45.0,411.639402,46834,75779,401,0.048647,20.024984,470,-1910,-890,-2200
6.5378,45.0,411.639402,46834,75779,401,0.048647,20.024984,1440,1360,1730,470
6.5378,45.0,411.639402,46834,75779,401,0.048647,20.024984,2800,-1360,890,-3090
6.5378,45.0,411.639402,46834,75779,401,0.048647,20.024984,-2800,-290,-1910,1440
6.5378,45.0,411.639402,46834,75779,401,0.048647,20.024984,-3090,290,-1730,2200
6.5378,45.0,412.179556,46957,75978,2311,0.116631,48.072861,290,1780,1280,1600
6.5378,45.0,412.179556,46957,75978,2311,0.116631,48.072861,2070,-1780,180,-3060
6.5378,45.0,412.179556,46957,75978,2311,0.116631,48.072861,-3060,990,-1280,2880
6.5378,45.0,412.179556,46957,75978,2311,0.116631,48.072861,3060,-180,1780,-2070
6.5378,45.0,412.179556,46957,75978,2311,0.116631,48.072861,1600,-1890,-180,-2880
6.5378,45.0,412.179556,46957,75978,2311,0.116631,48.072861,2880,180,1890,-1600
6.5378,45.0,412.179556,46957,75978,2311,0.116631,48.072861,-1600,-1280,-1780,-290
6.5378,45.0,412.179556,46957,75978,2311,0.116631,48.072861,-290,1890,990,2070
6.5378,45.0,412.179556,46957,75978,2311,0.116631,48.072861,-2070,-990,-1890,290
6.5378,45.0,412.179556,46957,75978,2311,0.116631,48.072861,-2880,1280,-990,3060
6.5378,45.0,412.662085,47067,76156,605,0.059605,24.596748,2540,600,1940,-970
6.5378,45.0,412.662085,47067,76156,605,0.059605,24.596748,3140,-600,1570,-2540
6.5378,45.0,412.662085,47067,76156,605,0.059605,24.596748,-2540,1570,-600,3140
6.5378,45.0,412.662085,47067,76156,605,0.059605,24.596748,-970,-1570,-1570,-970
6.5378,45.0,412.662085,47067,76156,605,0.059605,24.596748,-970,1940,600,2540
6.5378,45.0,412.662085,47067,76156,605,0.059605,24.596748,970,-1940,-600,-2540
6.5378,45.0,412.662085,47067,76156,605,0.059605,24.596748,970,1570,1570,970
6.5378,45.0,412.662085,47067,76156,605,0.059605,24.596748,2540,-1570,600,-3140
6.5378,45.0,412.662085,47067,76156,605,0.059605,24.596748,-2540,-600,-1940,970
6.5378,45.0,412.662085,47067,76156,605,0.059605,24.596748,-3140,600,-1570,2540
6.5378,45.0,412.662085,47067,76156,605,0.059605,24.596748,80,1830,1180,1780
6.5378,45.0,412.662085,47067,76156,605,0.059605,24.596748,1910,-1830,50,-3010
6.5378,45.0,412.662085,47067,76156,605,0.059605,24.596748,-3010,1100,-1180,2960
6.5378,45.0,412.662085,47067,76156,605,0.059605,24.596748,3010,-50,1830,-1910
6.5378,45.0,412.662085,47067,76156,605,0.059605,24.596748,1780,-1860,-50,-2960
6.5378,45.0,412.662085,47067,76156,605,0.059605,24.596748,2960,50,1860,-1780
6.5378,45.0,412.662085,47067,76156,605,0.059605,24.596748,-1780,-1180,-1830,-80
6.5378,45.0,412.662085,47067,76156,605,0.059605,24.596748,-80,1860,1100,1910
6.5378,45.0,412.662085,47067,76156,605,0.059605,24.596748,-1910,-1100,-1860,80
6.5378,45.0,412.662085,47067,76156,605,0.059605,24.596748,-2960,1180,-1100,3010
6.5378,45.0,412.662085,47067,76156,605,0.059605,24.596748,1910,1100,1860,-80
6.5378,45.0,412.662085,47067,76156,605,0.059605,24.596748,3010,-1100,1180,-2960
6.5378,45.0,412.662085,47067,76156,605,0.059605,24.596748,-1910,1830,-50,3010
6.5378,45.0,412.662085,47067,76156,605,0.059605,24.596748,-80,-1830,-1180,-1780
6.5378,45.0,412.662085,47067,76156,605,0.059605,24.596748,-1780,1860,50,2960
6.5378,45.0,412.662085,47067,76156,605,0.059605,24.596748,80,-1860,-1100,-1910
6.5378,45.0,412.662085,47067,76156,605,0.059605,24.596748,1780,1180,1830,80
6.5378,45.0,412.662085,47067,76156,605,0.059605,24.596748,2960,-1180,1100,-3010
6.5378,45.0,412.662085,47067,76156,605,0.059605,24.596748,-2960,-50,-1860,1780
6.5378,45.0,412.662085,47067,76156,605,0.059605,24.596748,-3010,50,-1830,1910
6.5378,45.0,413.052047,47156,76300,1136,0.081599,33.704599,2620,520,1940,-1100
6.5378,45.0,413.052047,47156,76300,1136,0.081599,33.704599,3140,-520,1620,-2460
6.5378,45.0,413.052047,47156,76300,1136,0.081599,33.704599,-2620,1520,-680,3140
6.5378,45.0,413.052047,47156,76300,1136,0.081599,33.704599,-1100,-1520,-1620,-840
6.5378,45.0,413.052047,47156,76300,1136,0.081599,33.704599,-840,1940,680,2460
6.5378,45.0,413.052047,47156,76300,1136,0.081599,33.704599,1100,-1940,-520,-2620
6.5378,45.0,413.052047,47156,76300,1136,0.081599,33.704599,840,1620,1520,1100
6.5378,45.0,413.052047,47156,76300,1136,0.081599,33.704599,2460,-1620,520,-3140
6.5378,45.0,413.052047,47156,76300,1136,0.081599,33.704599,-2460,-680,-1940,840
6.5378,45.0,413.052047,47156,76300,1136,0.081599,33.704599,-3140,680,-1520,2620
6.5378,45.0,414.939754,47588,76999,155,0.030004,12.449900,340,1780,1310,1570
6.5378,45.0,414.939754,47588,76999,155,0.030004,12.449900,2120,-1780,210,-3090
6.5378,45.0,414.939754,47588,76999,155,0.030004,12.449900,-3090,970,-1310,2880
6.5378,45.0,414.939754,47588,76999,155,0.030004,12.449900,3090,-210,1780,-2120
6.5378,45.0,414.939754,47588,76999,155,0.030004,12.449900,1570,-1910,-210,-2880
6.5378,45.0,414.939754,47588,76999,155,0.030004,12.449900,2880,210,1910,-1570
6.5378,45.0,414.939754,47588,76999,155,0.030004,12.449900,-1570,-1310,-1780,-340
6.5378,45.0,414.939754,47588,76999,155,0.030004,12.449900,-340,1910,970,2120
6.5378,45.0,414.939754,47588,76999,155,0.030004,12.449900,-2120,-970,-1910,340
6.5378,45.0,414.939754,47588,76999,155,0.030004,12.449900,-2880,1310,-970,3090
6.5378,45.0,414.939754,47588,76999,155,0.030004,12.449900,2120,970,1910,-340
6.5378,45.0,414.939754,47588,76999,155,0.030004,12.449900,3090,-970,1310,-2880
6.5378,45.0,414.939754,47588,76999,155,0.030004,12.449900,-2120,1780,-210,3090
6.5378,45.0,414.939754,47588,76999,155,0.030004,12.449900,-340,-1780,-1310,-1570
6.5378,45.0,414.939754,47588,76999,155,0.030004,12.449900,-1570,1910,210,2880
6.5378,45.0,414.939754,47588,76999,155,0.030004,12.449900,340,-1910,-970,-2120
6.5378,45.0,414.939754,47588,76999,155,0.030004,12.449900,1570,1310,1780,340
6.5378,45.0,414.939754,47588,76999,155,0.030004,12.449900,2880,-1310,970,-3090
6.5378,45.0,414.939754,47588,76999,155,0.030004,12.449900,-2880,-210,-1910,1570
6.5378,45.0,414.939754,47588,76999,155,0.030004,12.449900,-3090,210,-1780,2120
6.5378,45.0,415.327577,47677,77143,691,0.063292,26.286879,2330,810,1940,-630
6.5378,45.0,415.327577,47677,77143,691,0.063292,26.286879,3140,-810,1440,-2750
6.5378,45.0,415.327577,47677,77143,691,0.063292,26.286879,-2330,1700,-390,3140
6.5378,45.0,415.327577,47677,77143,691,0.063292,26.286879,-630,-1700,-1440,-1310
6.5378,45.0,415.327577,47677,77143,691,0.063292,26.286879,-1310,1940,390,2750
6.5378,45.0,415.327577,47677,77143,691,0.063292,26.286879,630,-1940,-810,-2330
6.5378,45.0,415.327577,47677,77143,691,0.063292,26.286879,1310,1440,1700,630
6.5378,45.0,415.327577,47677,77143,691,0.063292,26.286879,2750,-1440,810,-3140
6.5378,45.0,415.327577,47677,77143,691,0.063292,26.286879,-2750,-390,-1940,1310
6.5378,45.0,415.327577,47677,77143,691,0.063292,26.286879,-3140,390,-1700,2330
6.5378,45.0,416.727719,47999,77664,1441,0.091092,37.960506,2590,580,1960,-1020
6.5378,45.0,416.727719,47999,77664,1441,0.091092,37.960506,3170,-580,1600,-2540
6.5378,45.0,416.727719,47999,77664,1441,0.091092,37.960506,-2590,1570,-630,3170
6.5378,45.0,416.727719,47999,77664,1441,0.091092,37.960506,-1020,-1570,-1600,-940
6.5378,45.0,416.727719,47999,77664,1441,0.091092,37.960506,-940,1960,630,2540
6.5378,45.0,416.727719,47999,77664,1441,0.091092,37.960506,1020,-1960,-580,-2590
6.5378,45.0,416.727719,47999,77664,1441,0.091092,37.960506,940,1600,1570,1020
6.5378,45.0,416.727719,47999,77664,1441,0.091092,37.960506,2540,-1600,580,-3170
6.5378,45.0,416.727719,47999,77664,1441,0.091092,37.960506,-2540,-630,-1960,940
6.5378,45.0,416.727719,47999,77664,1441,0.091092,37.960506,-3170,630,-1570,2590
6.5378,45.0,416.727719,47999,77664,1441,0.091092,37.960506,550,1730,1410,1390
6.5378,45.0,416.727719,47999,77664,1441,0.091092,37.960506,2280,-1730,340,-3140
6.5378,45.0,416.727719,47999,77664,1441,0.091092,37.960506,-3140,860,-1410,2800
6.5378,45.0,416.727719,47999,77664,1441,0.091092,37.960506,3140,-340,1730,-2280
6.5378,45.0,416.727719,47999,77664,1441,0.091092,37.960506,1390,-1940,-340,-2800
6.5378,45.0,416.727719,47999,77664,1441,0.091092,37.960506,2800,340,1940,-1390
6.5378,45.0,416.727719,47999,77664,1441,0.091092,37.960506,-1390,-1410,-1730,-550
6.5378,45.0,416.727719,47999,77664,1441,0.091092,37.960506,-550,1940,860,2280
6.5378,45.0,416.727719,47999,77664,1441,0.091092,37.960506,-2280,-860,-1940,550
6.5378,45.0,416.727719,47999,77664,1441,0.091092,37.960506,-2800,1410,-860,3140
6.5378,45.0,417.737945,48232,78041,1655,0.097386,40.681691,500,1750,1390,1440
6.5378,45.0,417.737945,48232,78041,1655,0.097386,40.681691,2250,-1750,310,-3140
6.5378,45.0,417.737945,48232,78041,1655,0.097386,40.681691,-3140,890,-1390,2830
6.5378,45.0,417.737945,48232,78041,1655,0.097386,40.681691,3140,-310,1750,-2250
6.5378,45.0,417.737945,48232,78041,1655,0.097386,40.681691,1440,-1940,-310,-2830
6.5378,45.0,417.737945,48232,78041,1655,0.097386,40.681691,2830,310,1940,-1440
6.5378,45.0,417.737945,48232,78041,1655,0.097386,40.681691,-1440,-1390,-1750,-500
6.5378,45.0,417.737945,48232,78041,1655,0.097386,40.681691,-500,1940,890,2250
6.5378,45.0,417.737945,48232,78041,1655,0.097386,40.681691,-2250,-890,-1940,500
6.5378,45.0,417.737945,48232,78041,1655,0.097386,40.681691,-2830,1390,-890,3140
6.5378,45.0,417.737945,48232,78041,1655,0.097386,40.681691,2250,890,1940,-500
6.5378,45.0,417.737945,48232,78041,1655,0.097386,40.681691,3140,-890,1390,-2830
6.5378,45.0,417.737945,48232,78041,1655,0.097386,40.681691,-2250,1750,-310,3140
6.5378,45.0,417.737945,48232,78041,1655,0.097386,40.681691,-500,-1750,-1390,-1440
6.5378,45.0,417.737945,48232,78041,1655,0.097386,40.681691,-1440,1940,310,2830
6.5378,45.0,417.737945,48232,78041,1655,0.097386,40.681691,500,-1940,-890,-2250
6.5378,45.0,417.737945,48232,78041,1655,0.097386,40.681691,1440,1390,1750,500
6.5378,45.0,417.737945,48232,78041,1655,0.097386,40.681691,2830,-1390,890,-3140
6.5378,45.0,417.737945,48232,78041,1655,0.097386,40.681691,-2830,-310,-1940,1440
6.5378,45.0,417.737945,48232,78041,1655,0.097386,40.681691,-3140,310,-1750,2250
6.5378,45.0,418.123173,48321,78185,2201,0.112203,46.914816,2410,760,1960,-730
6.5378,45.0,418.123173,48321,78185,2201,0.112203,46.914816,3170,-760,1490,-2720
6.5378,45.0,418.123173,48321,78185,2201,0.112203,46.914816,-2410,1680,-450,3170
6.5378,45.0,418.123173,48321,78185,2201,0.112203,46.914816,-730,-1680,-1490,-1230
6.5378,45.0,418.123173,48321,78185,2201,0.112203,46.914816,-1230,1960,450,2720
6.5378,45.0,418.123173,48321,78185,2201,0.112203,46.914816,730,-1960,-760,-2410
6.5378,45.0,418.123173,48321,78185,2201,0.112203,46.914816,1230,1490,1680,730
6.5378,45.0,418.123173,48321,78185,2201,0.112203,46.914816,2720,-1490,760,-3170
6.5378,45.0,418.123173,48321,78185,2201,0.112203,46.914816,-2720,-450,-1960,1230
6.5378,45.0,418.123173,48321,78185,2201,0.112203,46.914816,-3170,450,-1680,2410
6.5378,45.0,418.123173,48321,78185,2201,0.112203,46.914816,50,1860,1180,1830
6.5378,45.0,418.123173,48321,78185,2201,0.112203,46.914816,1910,-1860,30,-3040
6.5378,45.0,418.123173,48321,78185,2201,0.112203,46.914816,-3040,1130,-1180,3010
6.5378,45.0,418.123173,48321,78185,2201,0.112203,46.914816,3040,-30,1860,-1910
6.5378,45.0,418.123173,48321,78185,2201,0.112203,46.914816,1830,-1880,-30,-3010
6.5378,45.0,418.123173,48321,78185,2201,0.112203,46.914816,3010,30,1880,-1830
6.5378,45.0,418.123173,48321,78185,2201,0.112203,46.914816,-1830,-1180,-1860,-50
6.5378,45.0,418.123173,48321,78185,2201,0.112203,46.914816,-50,1880,1130,1910
6.5378,45.0,418.123173,48321,78185,2201,0.112203,46.914816,-1910,-1130,-1880,50
6.5378,45.0,418.123173,48321,78185,2201,0.112203,46.914816,-3010,1180,-1130,3040
6.5378,45.0,418.983286,48520,78507,991,0.075135,31.480152,210,1830,1260,1700
6.5378,45.0,418.983286,48520,78507,991,0.075135,31.480152,2040,-1830,130,-3090
6.5378,45.0,418.983286,48520,78507,991,0.075135,31.480152,-3090,1050,-1260,2960
6.5378,45.0,418.983286,48520,78507,991,0.075135,31.480152,3090,-130,1830,-2040
6.5378,45.0,418.983286,48520,78507,991,0.075135,31.480152,1700,-1910,-130,-2960
6.5378,45.0,418.983286,48520,78507,991,0.075135,31.480152,2960,130,1910,-1700
6.5378,45.0,418.983286,48520,78507,991,0.075135,31.480152,-1700,-1260,-1830,-210
6.5378,45.0,418.983286,48520,78507,991,0.075135,31.480152,-210,1910,1050,2040
6.5378,45.0,418.983286,48520,78507,991,0.075135,31.480152,-2040,-1050,-1910,210
6.5378,45.0,418.983286,48520,78507,991,0.075135,31.480152,-2960,1260,-1050,3090
6.5378,45.0,419.988087,48753,78884,1205,0.082653,34.713110,600,1730,1440,1360
6.5378,45.0,419.988087,48753,78884,1205,0.082653,34.713110,2330,-1730,370,-3170
6.5378,45.0,419.988087,48753,78884,1205,0.082653,34.713110,-3170,840,-1440,2800
6.5378,45.0,419.988087,48753,78884,1205,0.082653,34.713110,3170,-370,1730,-2330
6.5378,45.0,419.988087,48753,78884,1205,0.082653,34.713110,1360,-1960,-370,-2800
6.5378,45.0,419.988087,48753,78884,1205,0.082653,34.713110,2800,370,1960,-1360
6.5378,45.0,419.988087,48753,78884,1205,0.082653,34.713110,-1360,-1440,-1730,-600
6.5378,45.0,419.988087,48753,78884,1205,0.082653,34.713110,-600,1960,840,2330
6.5378,45.0,419.988087,48753,78884,1205,0.082653,34.713110,-2330,-840,-1960,600
6.5378,45.0,419.988087,48753,78884,1205,0.082653,34.713110,-2800,1440,-840,3170
6.5378,45.0,419.988087,48753,78884,1205,0.082653,34.713110,2330,840,1960,-600
6.5378,45.0,419.988087,48753,78884,1205,0.082653,34.713110,3170,-840,1440,-2800
6.5378,45.0,419.988087,48753,78884,1205,0.082653,34.713110,-2330,1730,-370,3170
6.5378,45.0,419.988087,48753,78884,1205,0.082653,34.713110,-600,-1730,-1440,-1360
6.5378,45.0,419.988087,48753,78884,1205,0.082653,34.713110,-1360,1960,370,2800
6.5378,45.0,419.988087,48753,78884,1205,0.082653,34.713110,600,-1960,-840,-2330
6.5378,45.0,419.988087,48753,78884,1205,0.082653,34.713110,1360,1440,1730,600
6.5378,45.0,419.988087,48753,78884,1205,0.082653,34.713110,2800,-1440,840,-3170
6.5378,45.0,419.988087,48753,78884,1205,0.082653,34.713110,-2800,-370,-1960,1360
6.5378,45.0,419.988087,48753,78884,1205,0.082653,34.713110,-3170,370,-1730,2330
6.5378,45.0,421.754651,49164,79549,2531,0.119285,50.309045,2150,990,1940,-340
6.5378,45.0,421.754651,49164,79549,2531,0.119285,50.309045,3140,-990,1330,-2930
6.5378,45.0,421.754651,49164,79549,2531,0.119285,50.309045,-2150,1810,-210,3140
6.5378,45.0,421.754651,49164,79549,2531,0.119285,50.309045,-340,-1810,-1330,-1600
6.5378,45.0,421.754651,49164,79549,2531,0.119285,50.309045,-1600,1940,210,2930
6.5378,45.0,421.754651,49164,79549,2531,0.119285,50.309045,340,-1940,-990,-2150
6.5378,45.0,421.754651,49164,79549,2531,0.119285,50.309045,1600,1330,1810,340
6.5378,45.0,421.754651,49164,79549,2531,0.119285,50.309045,2930,-1330,990,-3140
6.5378,45.0,421.754651,49164,79549,2531,0.119285,50.309045,-2930,-210,-1940,1600
6.5378,45.0,421.754651,49164,79549,2531,0.119285,50.309045,-3140,210,-1810,2150
6.5378,45.0,422.607374,49363,79871,1301,0.085350,36.069378,470,1780,1390,1490
6.5378,45.0,422.607374,49363,79871,1301,0.085350,36.069378,2250,-1780,290,-3170
6.5378,45.0,422.607374,49363,79871,1301,0.085350,36.069378,-3170,920,-1390,2880
6.5378,45.0,422.607374,49363,79871,1301,0.085350,36.069378,3170,-290,1780,-2250
6.5378,45.0,422.607374,49363,79871,1301,0.085350,36.069378,1490,-1960,-290,-2880
6.5378,45.0,422.607374,49363,79871,1301,0.085350,36.069378,2880,290,1960,-1490
6.5378,45.0,422.607374,49363,79871,1301,0.085350,36.069378,-1490,-1390,-1780,-470
6.5378,45.0,422.607374,49363,79871,1301,0.085350,36.069378,-470,1960,920,2250
6.5378,45.0,422.607374,49363,79871,1301,0.085350,36.069378,-2250,-920,-1960,470
6.5378,45.0,422.607374,49363,79871,1301,0.085350,36.069378,-2880,1390,-920,3170
6.5378,45.0,423.983477,49685,80392,2081,0.107594,45.617979,2720,500,1990,-1180
6.5378,45.0,423.983477,49685,80392,2081,0.107594,45.617979,3220,-500,1680,-2490
6.5378,45.0,423.983477,49685,80392,2081,0.107594,45.617979,-2720,1540,-730,3220
6.5378,45.0,423.983477,49685,80392,2081,0.107594,45.617979,-1180,-1540,-1680,-810
6.5378,45.0,423.983477,49685,80392,2081,0.107594,45.617979,-810,1990,730,2490
6.5378,45.0,423.983477,49685,80392,2081,0.107594,45.617979,1180,-1990,-500,-2720
6.5378,45.0,423.983477,49685,80392,2081,0.107594,45.617979,810,1680,1540,1180
6.5378,45.0,423.983477,49685,80392,2081,0.107594,45.617979,2490,-1680,500,-3220
6.5378,45.0,423.983477,49685,80392,2081,0.107594,45.617979,-2490,-730,-1990,810
6.5378,45.0,423.983477,49685,80392,2081,0.107594,45.617979,-3220,730,-1540,2720
6.5378,45.0,424.452587,49795,80570,275,0.039069,16.583124,2750,470,1990,-1230
6.5378,45.0,424.452587,49795,80570,275,0.039069,16.583124,3220,-470,1700,-2460
6.5378,45.0,424.452587,49795,80570,275,0.039069,16.583124,-2750,1520,-760,3220
6.5378,45.0,424.452587,49795,80570,275,0.039069,16.583124,-1230,-1520,-1700,-760
6.5378,45.0,424.452587,49795,80570,275,0.039069,16.583124,-760,1990,760,2460
6.5378,45.0,424.452587,49795,80570,275,0.039069,16.583124,1230,-1990,-470,-2750
6.5378,45.0,424.452587,49795,80570,275,0.039069,16.583124,760,1700,1520,1230
6.5378,45.0,424.452587,49795,80570,275,0.039069,16.583124,2460,-1700,470,-3220
6.5378,45.0,424.452587,49795,80570,275,0.039069,16.583124,-2460,-760,-1990,760
6.5378,45.0,424.452587,49795,80570,275,0.039069,16.583124,-3220,760,-1520,2750
6.5378,45.0,424.452587,49795,80570,275,0.039069,16.583124,2460,760,1990,-760
6.5378,45.0,424.452587,49795,80570,275,0.039069,16.583124,3220,-760,1520,-2750
6.5378,45.0,424.452587,49795,80570,275,0.039069,16.583124,-2460,1700,-470,3220
6.5378,45.0,424.452587,49795,80570,275,0.039069,16.583124,-760,-1700,-1520,-1230
6.5378,45.0,424.452587,49795,80570,275,0.039069,16.583124,-1230,1990,470,2750
6.5378,45.0,424.452587,49795,80570,275,0.039069,16.583124,760,-1990,-760,-2460
6.5378,45.0,424.452587,49795,80570,275,0.039069,16.583124,1230,1520,1700,760
6.5378,45.0,424.452587,49795,80570,275,0.039069,16.583124,2750,-1520,760,-3220
6.5378,45.0,424.452587,49795,80570,275,0.039069,16.583124,-2750,-470,-1990,1230
6.5378,45.0,424.452587,49795,80570,275,0.039069,16.583124,-3220,470,-1700,2460
6.5378,45.0,425.822726,50117,81091,1055,0.076278,32.480764,210,1860,1280,1730
6.5378,45.0,425.822726,50117,81091,1055,0.076278,32.480764,2070,-1860,130,-3140
6.5378,45.0,425.822726,50117,81091,1055,0.076278,32.480764,-3140,1070,-1280,3010
6.5378,45.0,425.822726,50117,81091,1055,0.076278,32.480764,3140,-130,1860,-2070
6.5378,45.0,425.822726,50117,81091,1055,0.076278,32.480764,1730,-1940,-130,-3010
6.5378,45.0,425.822726,50117,81091,1055,0.076278,32.480764,3010,130,1940,-1730
6.5378,45.0,425.822726,50117,81091,1055,0.076278,32.480764,-1730,-1280,-1860,-210
6.5378,45.0,425.822726,50117,81091,1055,0.076278,32.480764,-210,1940,1070,2070
6.5378,45.0,425.822726,50117,81091,1055,0.076278,32.480764,-2070,-1070,-1940,210
6.5378,45.0,425.822726,50117,81091,1055,0.076278,32.480764,-3010,1280,-1070,3140
6.5378,45.0,425.822726,50117,81091,1055,0.076278,32.480764,2070,1070,1940,-210
6.5378,45.0,425.822726,50117,81091,1055,0.076278,32.480764,3140,-1070,1280,-3010
6.5378,45.0,425.822726,50117,81091,1055,0.076278,32.480764,-2070,1860,-130,3140
6.5378,45.0,425.822726,50117,81091,1055,0.076278,32.480764,-210,-1860,-1280,-1730
6.5378,45.0,425.822726,50117,81091,1055,0.076278,32.480764,-1730,1940,130,3010
6.5378,45.0,425.822726,50117,81091,1055,0.076278,32.480764,210,-1940,-1070,-2070
6.5378,45.0,425.822726,50117,81091,1055,0.076278,32.480764,1730,1280,1860,210
6.5378,45.0,425.822726,50117,81091,1055,0.076278,32.480764,3010,-1280,1070,-3140
6.5378,45.0,425.822726,50117,81091,1055,0.076278,32.480764,-3010,-130,-1940,1730
6.5378,45.0,425.822726,50117,81091,1055,0.076278,32.480764,-3140,130,-1860,2070
6.5378,45.0,426.200646,50206,81235,1621,0.094466,40.261644,630,1750,1470,1360
6.5378,45.0,426.200646,50206,81235,1621,0.094466,40.261644,2380,-1750,390,-3220
6.5378,45.0,426.200646,50206,81235,1621,0.094466,40.261644,-3220,840,-1470,2830
6.5378,45.0,426.200646,50206,81235,1621,0.094466,40.261644,3220,-390,1750,-2380
6.5378,45.0,426.200646,50206,81235,1621,0.094466,40.261644,1360,-1990,-390,-2830
6.5378,45.0,426.200646,50206,81235,1621,0.094466,40.261644,2830,390,1990,-1360
6.5378,45.0,426.200646,50206,81235,1621,0.094466,40.261644,-1360,-1470,-1750,-630
6.5378,45.0,426.200646,50206,81235,1621,0.094466,40.261644,-630,1990,840,2380
6.5378,45.0,426.200646,50206,81235,1621,0.094466,40.261644,-2380,-840,-1990,630
6.5378,45.0,426.200646,50206,81235,1621,0.094466,40.261644,-2830,1470,-840,3220
6.5378,45.0,427.044492,50405,81557,361,0.044492,19.000000,1910,1180,1910,0
6.5378,45.0,427.044492,50405,81557,361,0.044492,19.000000,3090,-1180,1180,-3090
6.5378,45.0,427.044492,50405,81557,361,0.044492,19.000000,-1910,1910,0,3090
6.5378,45.0,427.044492,50405,81557,361,0.044492,19.000000,0,-1910,-1180,-1910
6.5378,45.0,427.044492,50405,81557,361,0.044492,19.000000,-3090,0,-1910,1910
6.5378,45.0,427.565184,50528,81756,2416,0.114960,49.152823,2040,1100,1940,-160
6.5378,45.0,427.565184,50528,81756,2416,0.114960,49.152823,3140,-1100,1260,-3040
6.5378,45.0,427.565184,50528,81756,2416,0.114960,49.152823,-2040,1880,-100,3140
6.5378,45.0,427.565184,50528,81756,2416,0.114960,49.152823,-160,-1880,-1260,-1780
6.5378,45.0,427.565184,50528,81756,2416,0.114960,49.152823,-1780,1940,100,3040
6.5378,45.0,427.565184,50528,81756,2416,0.114960,49.152823,160,-1940,-1100,-2040
6.5378,45.0,427.565184,50528,81756,2416,0.114960,49.152823,1780,1260,1880,160
6.5378,45.0,427.565184,50528,81756,2416,0.114960,49.152823,3040,-1260,1100,-3140
6.5378,45.0,427.565184,50528,81756,2416,0.114960,49.152823,-3040,-100,-1940,1780
6.5378,45.0,427.565184,50528,81756,2416,0.114960,49.152823,-3140,100,-1880,2040
6.5378,45.0,428.406342,50727,82078,1151,0.079192,33.926391,2120,1050,1960,-260
6.5378,45.0,428.406342,50727,82078,1151,0.079192,33.926391,3170,-1050,1310,-3010
6.5378,45.0,428.406342,50727,82078,1151,0.079192,33.926391,-2120,1860,-160,3170
6.5378,45.0,428.406342,50727,82078,1151,0.079192,33.926391,-260,-1860,-1310,-1700
6.5378,45.0,428.406342,50727,82078,1151,0.079192,33.926391,-1700,1960,160,3010
6.5378,45.0,428.406342,50727,82078,1151,0.079192,33.926391,260,-1960,-1050,-2120
6.5378,45.0,428.406342,50727,82078,1151,0.079192,33.926391,1700,1310,1860,260
6.5378,45.0,428.406342,50727,82078,1151,0.079192,33.926391,3010,-1310,1050,-3170
6.5378,45.0,428.406342,50727,82078,1151,0.079192,33.926391,-3010,-160,-1960,1700
6.5378,45.0,428.406342,50727,82078,1151,0.079192,33.926391,-3170,160,-1860,2120
6.5378,45.0,429.389092,50960,82455,1375,0.086358,37.080992,470,1810,1410,1520
6.5378,45.0,429.389092,50960,82455,1375,0.086358,37.080992,2280,-1810,290,-3220
6.5378,45.0,429.389092,50960,82455,1375,0.086358,37.080992,-3220,940,-1410,2930
6.5378,45.0,429.389092,50960,82455,1375,0.086358,37.080992,3220,-290,1810,-2280
6.5378,45.0,429.389092,50960,82455,1375,0.086358,37.080992,1520,-1990,-290,-2930
6.5378,45.0,429.389092,50960,82455,1375,0.086358,37.080992,2930,290,1990,-1520
6.5378,45.0,429.389092,50960,82455,1375,0.086358,37.080992,-1520,-1410,-1810,-470
6.5378,45.0,429.389092,50960,82455,1375,0.086358,37.080992,-470,1990,940,2280
6.5378,45.0,429.389092,50960,82455,1375,0.086358,37.080992,-2280,-940,-1990,470
6.5378,45.0,429.389092,50960,82455,1375,0.086358,37.080992,-2930,1410,-940,3220
6.5378,45.0,429.389092,50960,82455,1375,0.086358,37.080992,2280,940,1990,-470
6.5378,45.0,429.389092,50960,82455,1375,0.086358,37.080992,3220,-940,1410,-2930
6.5378,45.0,429.389092,50960,82455,1375,0.086358,37.080992,-2280,1810,-290,3220
6.5378,45.0,429.389092,50960,82455,1375,0.086358,37.080992,-470,-1810,-1410,-1520
6.5378,45.0,429.389092,50960,82455,1375,0.086358,37.080992,-1520,1990,290,2930
6.5378,45.0,429.389092,50960,82455,1375,0.086358,37.080992,470,-1990,-940,-2280
6.5378,45.0,429.389092,50960,82455,1375,0.086358,37.080992,1520,1410,1810,470
6.5378,45.0,429.389092,50960,82455,1375,0.086358,37.080992,2930,-1410,940,-3220
6.5378,45.0,429.389092,50960,82455,1375,0.086358,37.080992,-2930,-290,-1990,1520
6.5378,45.0,429.389092,50960,82455,1375,0.086358,37.080992,-3220,290,-1810,2280
6.5378,45.0,429.763876,51049,82599,1951,0.102778,44.170126,2670,600,2020,-1050
6.5378,45.0,429.763876,51049,82599,1951,0.102778,44.170126,3270,-600,1650,-2620
6.5378,45.0,429.763876,51049,82599,1951,0.102778,44.170126,-2670,1620,-650,3270
6.5378,45.0,429.763876,51049,82599,1951,0.102778,44.170126,-1050,-1620,-1650,-970
6.5378,45.0,429.763876,51049,82599,1951,0.102778,44.170126,-970,2020,650,2620
6.5378,45.0,429.763876,51049,82599,1951,0.102778,44.170126,1050,-2020,-600,-2670
6.5378,45.0,429.763876,51049,82599,1951,0.102778,44.170126,970,1650,1620,1050
6.5378,45.0,429.763876,51049,82599,1951,0.102778,44.170126,2620,-1650,600,-3270
6.5378,45.0,429.763876,51049,82599,1951,0.102778,44.170126,-2620,-650,-2020,970
6.5378,45.0,429.763876,51049,82599,1951,0.102778,44.170126,-3270,650,-1620,2670
6.5378,45.0,430.600739,51248,82921,671,0.060157,25.903668,80,1910,1230,1860
6.5378,45.0,430.600739,51248,82921,671,0.060157,25.903668,1990,-1910,50,-3140
6.5378,45.0,430.600739,51248,82921,671,0.060157,25.903668,-3140,1150,-1230,3090
6.5378,45.0,430.600739,51248,82921,671,0.060157,25.903668,3140,-50,1910,-1990
6.5378,45.0,430.600739,51248,82921,671,0.060157,25.903668,1860,-1940,-50,-3090
6.5378,45.0,430.600739,51248,82921,671,0.060157,25.903668,3090,50,1940,-1860
6.5378,45.0,430.600739,51248,82921,671,0.060157,25.903668,-1860,-1230,-1910,-80
6.5378,45.0,430.600739,51248,82921,671,0.060157,25.903668,-80,1940,1150,1990
6.5378,45.0,430.600739,51248,82921,671,0.060157,25.903668,-1990,-1150,-1940,80
6.5378,45.0,430.600739,51248,82921,671,0.060157,25.903668,-3090,1230,-1150,3140
6.5378,45.0,430.600739,51248,82921,671,0.060157,25.903668,2250,970,1990,-420
6.5378,45.0,430.600739,51248,82921,671,0.060157,25.903668,3220,-970,1390,-2960
6.5378,45.0,430.600739,51248,82921,671,0.060157,25.903668,-2250,1830,-260,3220
6.5378,45.0,430.600739,51248,82921,671,0.060157,25.903668,-420,-1830,-1390,-1570
6.5378,45.0,430.600739,51248,82921,671,0.060157,25.903668,-1570,1990,260,2960
6.5378,45.0,430.600739,51248,82921,671,0.060157,25.903668,420,-1990,-970,-2250
6.5378,45.0,430.600739,51248,82921,671,0.060157,25.903668,1570,1390,1830,420
6.5378,45.0,430.600739,51248,82921,671,0.060157,25.903668,2960,-1390,970,-3220
6.5378,45.0,430.600739,51248,82921,671,0.060157,25.903668,-2960,-260,-1990,1570
6.5378,45.0,430.600739,51248,82921,671,0.060157,25.903668,-3220,260,-1830,2250
6.5378,45.0,431.117136,51371,83120,2761,0.121882,52.545219,2490,780,2020,-760
6.5378,45.0,431.117136,51371,83120,2761,0.121882,52.545219,3270,-780,1540,-2800
6.5378,45.0,431.117136,51371,83120,2761,0.121882,52.545219,-2490,1730,-470,3270
6.5378,45.0,431.117136,51371,83120,2761,0.121882,52.545219,-760,-1730,-1540,-1260
6.5378,45.0,431.117136,51371,83120,2761,0.121882,52.545219,-1260,2020,470,2800
6.5378,45.0,431.117136,51371,83120,2761,0.121882,52.545219,760,-2020,-780,-2490
6.5378,45.0,431.117136,51371,83120,2761,0.121882,52.545219,1260,1540,1730,760
6.5378,45.0,431.117136,51371,83120,2761,0.121882,52.545219,2800,-1540,780,-3270
6.5378,45.0,431.117136,51371,83120,2761,0.121882,52.545219,-2800,-470,-2020,1260
6.5378,45.0,431.117136,51371,83120,2761,0.121882,52.545219,-3270,470,-1730,2490
6.5378,45.0,432.784010,51769,83764,181,0.031086,13.453624,340,1860,1360,1650
6.5378,45.0,432.784010,51769,83764,181,0.031086,13.453624,2200,-1860,210,-3220
6.5378,45.0,432.784010,51769,83764,181,0.031086,13.453624,-3220,1020,-1360,3010
6.5378,45.0,432.784010,51769,83764,181,0.031086,13.453624,3220,-210,1860,-2200
6.5378,45.0,432.784010,51769,83764,181,0.031086,13.453624,1650,-1990,-210,-3010
6.5378,45.0,432.784010,51769,83764,181,0.031086,13.453624,3010,210,1990,-1650
6.5378,45.0,432.784010,51769,83764,181,0.031086,13.453624,-1650,-1360,-1860,-340
6.5378,45.0,432.784010,51769,83764,181,0.031086,13.453624,-340,1990,1020,2200
6.5378,45.0,432.784010,51769,83764,181,0.031086,13.453624,-2200,-1020,-1990,340
6.5378,45.0,432.784010,51769,83764,181,0.031086,13.453624,-3010,1360,-1020,3220
6.5378,45.0,432.926080,51803,83819,1705,0.095378,41.291646,630,1780,1490,1390
6.5378,45.0,432.926080,51803,83819,1705,0.095378,41.291646,2410,-1780,390,-3270
6.5378,45.0,432.926080,51803,83819,1705,0.095378,41.291646,-3270,860,-1490,2880
6.5378,45.0,432.926080,51803,83819,1705,0.095378,41.291646,3270,-390,1780,-2410
6.5378,45.0,432.926080,51803,83819,1705,0.095378,41.291646,1390,-2020,-390,-2880
6.5378,45.0,432.926080,51803,83819,1705,0.095378,41.291646,2880,390,2020,-1390
6.5378,45.0,432.926080,51803,83819,1705,0.095378,41.291646,-1390,-1490,-1780,-630
6.5378,45.0,432.926080,51803,83819,1705,0.095378,41.291646,-630,2020,860,2410
6.5378,45.0,432.926080,51803,83819,1705,0.095378,41.291646,-2410,-860,-2020,630
6.5378,45.0,432.926080,51803,83819,1705,0.095378,41.291646,-2880,1490,-860,3270
6.5378,45.0,432.926080,51803,83819,1705,0.095378,41.291646,2410,860,2020,-630
6.5378,45.0,432.926080,51803,83819,1705,0.095378,41.291646,3270,-860,1490,-2880
6.5378,45.0,432.926080,51803,83819,1705,0.095378,41.291646,-2410,1780,-390,3270
6.5378,45.0,432.926080,51803,83819,1705,0.095378,41.291646,-630,-1780,-1490,-1390
6.5378,45.0,432.926080,51803,83819,1705,0.095378,41.291646,-1390,2020,390,2880
6.5378,45.0,432.926080,51803,83819,1705,0.095378,41.291646,630,-2020,-860,-2410
6.5378,45.0,432.926080,51803,83819,1705,0.095378,41.291646,1390,1490,1780,630
6.5378,45.0,432.926080,51803,83819,1705,0.095378,41.291646,2880,-1490,860,-3270
6.5378,45.0,432.926080,51803,83819,1705,0.095378,41.291646,-2880,-390,-2020,1390
6.5378,45.0,432.926080,51803,83819,1705,0.095378,41.291646,-3270,390,-1780,2410
6.5378,45.0,432.926080,51803,83819,1705,0.095378,41.291646,130,1910,1260,1830
6.5378,45.0,432.926080,51803,83819,1705,0.095378,41.291646,2040,-1910,80,-3170
6.5378,45.0,432.926080,51803,83819,1705,0.095378,41.291646,-3170,1130,-1260,3090
6.5378,45.0,432.926080,51803,83819,1705,0.095378,41.291646,3170,-80,1910,-2040
6.5378,45.0,432.926080,51803,83819,1705,0.095378,41.291646,1830,-1960,-80,-3090
6.5378,45.0,432.926080,51803,83819,1705,0.095378,41.291646,3090,80,1960,-1830
6.5378,45.0,432.926080,51803,83819,1705,0.095378,41.291646,-1830,-1260,-1910,-130
6.5378,45.0,432.926080,51803,83819,1705,0.095378,41.291646,-130,1960,1130,2040
6.5378,45.0,432.926080,51803,83819,1705,0.095378,41.291646,-2040,-1130,-1960,130
6.5378,45.0,432.926080,51803,83819,1705,0.095378,41.291646,-3090,1260,-1130,3170
6.5378,45.0,432.926080,51803,83819,1705,0.095378,41.291646,2040,1130,1960,-130
6.5378,45.0,432.926080,51803,83819,1705,0.095378,41.291646,3170,-1130,1260,-3090
6.5378,45.0,432.926080,51803,83819,1705,0.095378,41.291646,-2040,1910,-80,3170
6.5378,45.0,432.926080,51803,83819,1705,0.095378,41.291646,-130,-1910,-1260,-1830
6.5378,45.0,432.926080,51803,83819,1705,0.095378,41.291646,-1830,1960,80,3090
6.5378,45.0,432.926080,51803,83819,1705,0.095378,41.291646,130,-1960,-1130,-2040
6.5378,45.0,432.926080,51803,83819,1705,0.095378,41.291646,1830,1260,1910,130
6.5378,45.0,432.926080,51803,83819,1705,0.095378,41.291646,3090,-1260,1130,-3170
6.5378,45.0,432.926080,51803,83819,1705,0.095378,41.291646,-3090,-80,-1960,1830
6.5378,45.0,432.926080,51803,83819,1705,0.095378,41.291646,-3170,80,-1910,2040
6.5378,45.0,433.756842,52002,84141,405,0.046396,20.124612,2670,630,2040,-1020
6.5378,45.0,433.756842,52002,84141,405,0.046396,20.124612,3300,-630,1650,-2670
6.5378,45.0,433.756842,52002,84141,405,0.046396,20.124612,-2670,1650,-630,3300
6.5378,45.0,433.756842,52002,84141,405,0.046396,20.124612,-1020,-1650,-1650,-1020
6.5378,45.0,433.756842,52002,84141,405,0.046396,20.124612,-1020,2040,630,2670
6.5378,45.0,433.756842,52002,84141,405,0.046396,20.124612,1020,-2040,-630,-2670
6.5378,45.0,433.756842,52002,84141,405,0.046396,20.124612,1020,1650,1650,1020
6.5378,45.0,433.756842,52002,84141,405,0.046396,20.124612,2670,-1650,630,-3300
6.5378,45.0,433.756842,52002,84141,405,0.046396,20.124612,-2670,-630,-2040,1020
6.5378,45.0,433.756842,52002,84141,405,0.046396,20.124612,-3300,630,-1650,2670
6.5378,45.0,434.127855,52091,84285,991,0.072514,31.480152,2750,550,2040,-1150
6.5378,45.0,434.127855,52091,84285,991,0.072514,31.480152,3300,-550,1700,-2590
6.5378,45.0,434.127855,52091,84285,991,0.072514,31.480152,-2750,1600,-710,3300
6.5378,45.0,434.127855,52091,84285,991,0.072514,31.480152,-1150,-1600,-1700,-890
6.5378,45.0,434.127855,52091,84285,991,0.072514,31.480152,-890,2040,710,2590
6.5378,45.0,434.127855,52091,84285,991,0.072514,31.480152,1150,-2040,-550,-2750
6.5378,45.0,434.127855,52091,84285,991,0.072514,31.480152,890,1700,1600,1150
6.5378,45.0,434.127855,52091,84285,991,0.072514,31.480152,2590,-1700,550,-3300
6.5378,45.0,434.127855,52091,84285,991,0.072514,31.480152,-2590,-710,-2040,890
6.5378,45.0,434.127855,52091,84285,991,0.072514,31.480152,-3300,710,-1600,2750
6.5378,45.0,434.269486,52125,84340,2525,0.115710,50.249378,290,1880,1340,1700
6.5378,45.0,434.269486,52125,84340,2525,0.115710,50.249378,2170,-1880,180,-3220
6.5378,45.0,434.269486,52125,84340,2525,0.115710,50.249378,-3220,1050,-1340,3040
6.5378,45.0,434.269486,52125,84340,2525,0.115710,50.249378,3220,-180,1880,-2170
6.5378,45.0,434.269486,52125,84340,2525,0.115710,50.249378,1700,-1990,-180,-3040
6.5378,45.0,434.269486,52125,84340,2525,0.115710,50.249378,3040,180,1990,-1700
6.5378,45.0,434.269486,52125,84340,2525,0.115710,50.249378,-1700,-1340,-1880,-290
6.5378,45.0,434.269486,52125,84340,2525,0.115710,50.249378,-290,1990,1050,2170
6.5378,45.0,434.269486,52125,84340,2525,0.115710,50.249378,-2170,-1050,-1990,290
6.5378,45.0,434.269486,52125,84340,2525,0.115710,50.249378,-3040,1340,-1050,3220
6.5378,45.0,435.467554,52413,84806,1811,0.097724,42.555846,500,1830,1440,1520
6.5378,45.0,435.467554,52413,84806,1811,0.097724,42.555846,2330,-1830,310,-3270
6.5378,45.0,435.467554,52413,84806,1811,0.097724,42.555846,-3270,940,-1440,2960
6.5378,45.0,435.467554,52413,84806,1811,0.097724,42.555846,3270,-310,1830,-2330
6.5378,45.0,435.467554,52413,84806,1811,0.097724,42.555846,1520,-2020,-310,-2960
6.5378,45.0,435.467554,52413,84806,1811,0.097724,42.555846,2960,310,2020,-1520
6.5378,45.0,435.467554,52413,84806,1811,0.097724,42.555846,-1520,-1440,-1830,-500
6.5378,45.0,435.467554,52413,84806,1811,0.097724,42.555846,-500,2020,940,2330
6.5378,45.0,435.467554,52413,84806,1811,0.097724,42.555846,-2330,-940,-2020,500
6.5378,45.0,435.467554,52413,84806,1811,0.097724,42.555846,-2960,1440,-940,3270
6.5378,45.0,436.293476,52612,85128,496,0.051046,22.271057,2460,840,2040,-680
6.5378,45.0,436.293476,52612,85128,496,0.051046,22.271057,3300,-840,1520,-2880
6.5378,45.0,436.293476,52612,85128,496,0.051046,22.271057,-2460,1780,-420,3300
6.5378,45.0,436.293476,52612,85128,496,0.051046,22.271057,-680,-1780,-1520,-1360
6.5378,45.0,436.293476,52612,85128,496,0.051046,22.271057,-1360,2040,420,2880
6.5378,45.0,436.293476,52612,85128,496,0.051046,22.271057,680,-2040,-840,-2460
6.5378,45.0,436.293476,52612,85128,496,0.051046,22.271057,1360,1520,1780,680
6.5378,45.0,436.293476,52612,85128,496,0.051046,22.271057,2880,-1520,840,-3300
6.5378,45.0,436.293476,52612,85128,496,0.051046,22.271057,-2880,-420,-2040,1360
6.5378,45.0,436.293476,52612,85128,496,0.051046,22.271057,-3300,420,-1780,2460
6.5378,45.0,437.626545,52934,85649,1321,0.083052,36.345564,600,1810,1490,1440
6.5378,45.0,437.626545,52934,85649,1321,0.083052,36.345564,2410,-1810,370,-3300
6.5378,45.0,437.626545,52934,85649,1321,0.083052,36.345564,-3300,890,-1490,2930
6.5378,45.0,437.626545,52934,85649,1321,0.083052,36.345564,3300,-370,1810,-2410
6.5378,45.0,437.626545,52934,85649,1321,0.083052,36.345564,1440,-2040,-370,-2930
6.5378,45.0,437.626545,52934,85649,1321,0.083052,36.345564,2930,370,2040,-1440
6.5378,45.0,437.626545,52934,85649,1321,0.083052,36.345564,-1440,-1490,-1810,-600
6.5378,45.0,437.626545,52934,85649,1321,0.083052,36.345564,-600,2040,890,2410
6.5378,45.0,437.626545,52934,85649,1321,0.083052,36.345564,-2410,-890,-2040,600
6.5378,45.0,437.626545,52934,85649,1321,0.083052,36.345564,-2930,1490,-890,3300
6.5378,45.0,438.134662,53057,85848,3481,0.134662,59.000000,0,1960,1210,1960
6.5378,45.0,438.134662,53057,85848,3481,0.134662,59.000000,1960,-1960,0,-3170
6.5378,45.0,438.134662,53057,85848,3481,0.134662,59.000000,-3170,1210,-1210,3170
6.5378,45.0,438.134662,53057,85848,3481,0.134662,59.000000,3170,0,1960,-1960
6.5378,45.0,438.134662,53057,85848,3481,0.134662,59.000000,-1960,-1210,-1960,0
6.5378,45.0,438.588636,53167,86026,1555,0.089910,39.433488,550,1830,1470,1490
6.5378,45.0,438.588636,53167,86026,1555,0.089910,39.433488,2380,-1830,340,-3300
6.5378,45.0,438.588636,53167,86026,1555,0.089910,39.433488,-3300,920,-1470,2960
6.5378,45.0,438.588636,53167,86026,1555,0.089910,39.433488,3300,-340,1830,-2380
6.5378,45.0,438.588636,53167,86026,1555,0.089910,39.433488,1490,-2040,-340,-2960
6.5378,45.0,438.588636,53167,86026,1555,0.089910,39.433488,2960,340,2040,-1490
6.5378,45.0,438.588636,53167,86026,1555,0.089910,39.433488,-1490,-1470,-1830,-550
6.5378,45.0,438.588636,53167,86026,1555,0.089910,39.433488,-550,2040,920,2380
6.5378,45.0,438.588636,53167,86026,1555,0.089910,39.433488,-2380,-920,-2040,550
6.5378,45.0,438.588636,53167,86026,1555,0.089910,39.433488,-2960,1470,-920,3300
6.5378,45.0,438.588636,53167,86026,1555,0.089910,39.433488,2380,920,2040,-550
6.5378,45.0,438.588636,53167,86026,1555,0.089910,39.433488,3300,-920,1470,-2960
6.5378,45.0,438.588636,53167,86026,1555,0.089910,39.433488,-2380,1830,-340,3300
6.5378,45.0,438.588636,53167,86026,1555,0.089910,39.433488,-550,-1830,-1470,-1490
6.5378,45.0,438.588636,53167,86026,1555,0.089910,39.433488,-1490,2040,340,2960
6.5378,45.0,438.588636,53167,86026,1555,0.089910,39.433488,550,-2040,-920,-2380
6.5378,45.0,438.588636,53167,86026,1555,0.089910,39.433488,1490,1470,1830,550
6.5378,45.0,438.588636,53167,86026,1555,0.089910,39.433488,2960,-1470,920,-3300
6.5378,45.0,438.588636,53167,86026,1555,0.089910,39.433488,-2960,-340,-2040,1490
6.5378,45.0,438.588636,53167,86026,1555,0.089910,39.433488,-3300,340,-1830,2380
6.5378,45.0,439.774938,53455,86492,821,0.065154,28.653098,2070,1150,1990,-130
6.5378,45.0,439.774938,53455,86492,821,0.065154,28.653098,3220,-1150,1280,-3140
6.5378,45.0,439.774938,53455,86492,821,0.065154,28.653098,-2070,1940,-80,3220
6.5378,45.0,439.774938,53455,86492,821,0.065154,28.653098,-130,-1940,-1280,-1860
6.5378,45.0,439.774938,53455,86492,821,0.065154,28.653098,-1860,1990,80,3140
6.5378,45.0,439.774938,53455,86492,821,0.065154,28.653098,130,-1990,-1150,-2070
6.5378,45.0,439.774938,53455,86492,821,0.065154,28.653098,1860,1280,1940,130
6.5378,45.0,439.774938,53455,86492,821,0.065154,28.653098,3140,-1280,1150,-3220
6.5378,45.0,439.774938,53455,86492,821,0.065154,28.653098,-3140,-80,-1990,1860
6.5378,45.0,439.774938,53455,86492,821,0.065154,28.653098,-3220,80,-1940,2070
6.5378,45.0,440.280575,53578,86691,3001,0.124424,54.781384,2700,650,2070,-1020
6.5378,45.0,440.280575,53578,86691,3001,0.124424,54.781384,3350,-650,1670,-2720
6.5378,45.0,440.280575,53578,86691,3001,0.124424,54.781384,-2700,1680,-630,3350
6.5378,45.0,440.280575,53578,86691,3001,0.124424,54.781384,-1020,-1680,-1670,-1050
6.5378,45.0,440.280575,53578,86691,3001,0.124424,54.781384,-1050,2070,630,2720
6.5378,45.0,440.280575,53578,86691,3001,0.124424,54.781384,1020,-2070,-650,-2700
6.5378,45.0,440.280575,53578,86691,3001,0.124424,54.781384,1050,1670,1680,1020
6.5378,45.0,440.280575,53578,86691,3001,0.124424,54.781384,2720,-1670,650,-3350
6.5378,45.0,440.280575,53578,86691,3001,0.124424,54.781384,-2720,-630,-2070,1050
6.5378,45.0,440.280575,53578,86691,3001,0.124424,54.781384,-3350,630,-1680,2700
6.5378,45.0,440.732339,53688,86869,1055,0.073697,32.480764,2800,550,2070,-1180
6.5378,45.0,440.732339,53688,86869,1055,0.073697,32.480764,3350,-550,1730,-2620
6.5378,45.0,440.732339,53688,86869,1055,0.073697,32.480764,-2800,1620,-730,3350
6.5378,45.0,440.732339,53688,86869,1055,0.073697,32.480764,-1180,-1620,-1730,-890
6.5378,45.0,440.732339,53688,86869,1055,0.073697,32.480764,-890,2070,730,2620
6.5378,45.0,440.732339,53688,86869,1055,0.073697,32.480764,1180,-2070,-550,-2800
6.5378,45.0,440.732339,53688,86869,1055,0.073697,32.480764,890,1730,1620,1180
6.5378,45.0,440.732339,53688,86869,1055,0.073697,32.480764,2620,-1730,550,-3350
6.5378,45.0,440.732339,53688,86869,1055,0.073697,32.480764,-2620,-730,-2070,890
6.5378,45.0,440.732339,53688,86869,1055,0.073697,32.480764,-3350,730,-1620,2800
6.5378,45.0,440.732339,53688,86869,1055,0.073697,32.480764,2620,730,2070,-890
6.5378,45.0,440.732339,53688,86869,1055,0.073697,32.480764,3350,-730,1620,-2800
6.5378,45.0,440.732339,53688,86869,1055,0.073697,32.480764,-2620,1730,-550,3350
6.5378,45.0,440.732339,53688,86869,1055,0.073697,32.480764,-890,-1730,-1620,-1180
6.5378,45.0,440.732339,53688,86869,1055,0.073697,32.480764,-1180,2070,550,2800
6.5378,45.0,440.732339,53688,86869,1055,0.073697,32.480764,890,-2070,-730,-2620
6.5378,45.0,440.732339,53688,86869,1055,0.073697,32.480764,1180,1620,1730,890
6.5378,45.0,440.732339,53688,86869,1055,0.073697,32.480764,2800,-1620,730,-3350
6.5378,45.0,440.732339,53688,86869,1055,0.073697,32.480764,-2800,-550,-2070,1180
6.5378,45.0,440.732339,53688,86869,1055,0.073697,32.480764,-3350,550,-1730,2620
6.5378,45.0,441.097485,53777,87013,1661,0.092395,40.755368,2590,760,2070,-840
6.5378,45.0,441.097485,53777,87013,1661,0.092395,40.755368,3350,-760,1600,-2830
6.5378,45.0,441.097485,53777,87013,1661,0.092395,40.755368,-2590,1750,-520,3350
6.5378,45.0,441.097485,53777,87013,1661,0.092395,40.755368,-840,-1750,-1600,-1230
6.5378,45.0,441.097485,53777,87013,1661,0.092395,40.755368,-1230,2070,520,2830
6.5378,45.0,441.097485,53777,87013,1661,0.092395,40.755368,840,-2070,-760,-2590
6.5378,45.0,441.097485,53777,87013,1661,0.092395,40.755368,1230,1600,1750,840
6.5378,45.0,441.097485,53777,87013,1661,0.092395,40.755368,2830,-1600,760,-3350
6.5378,45.0,441.097485,53777,87013,1661,0.092395,40.755368,-2830,-520,-2070,1230
6.5378,45.0,441.097485,53777,87013,1661,0.092395,40.755368,-3350,520,-1750,2590
6.5378,45.0,441.097485,53777,87013,1661,0.092395,40.755368,2200,1070,2020,-290
6.5378,45.0,441.097485,53777,87013,1661,0.092395,40.755368,3270,-1070,1360,-3090
6.5378,45.0,441.097485,53777,87013,1661,0.092395,40.755368,-2200,1910,-180,3270
6.5378,45.0,441.097485,53777,87013,1661,0.092395,40.755368,-290,-1910,-1360,-1730
6.5378,45.0,441.097485,53777,87013,1661,0.092395,40.755368,-1730,2020,180,3090
6.5378,45.0,441.097485,53777,87013,1661,0.092395,40.755368,290,-2020,-1070,-2200
6.5378,45.0,441.097485,53777,87013,1661,0.092395,40.755368,1730,1360,1910,290
6.5378,45.0,441.097485,53777,87013,1661,0.092395,40.755368,3090,-1360,1070,-3270
6.5378,45.0,441.097485,53777,87013,1661,0.092395,40.755368,-3090,-180,-2020,1730
6.5378,45.0,441.097485,53777,87013,1661,0.092395,40.755368,-3270,180,-1910,2200
6.5378,45.0,441.912886,53976,87335,311,0.039906,17.635192,2880,470,2070,-1310
6.5378,45.0,441.912886,53976,87335,311,0.039906,17.635192,3350,-470,1780,-2540
6.5378,45.0,441.912886,53976,87335,311,0.039906,17.635192,-2880,1570,-810,3350
6.5378,45.0,441.912886,53976,87335,311,0.039906,17.635192,-1310,-1570,-1780,-760
6.5378,45.0,441.912886,53976,87335,311,0.039906,17.635192,-760,2070,810,2540
6.5378,45.0,441.912886,53976,87335,311,0.039906,17.635192,1310,-2070,-470,-2880
6.5378,45.0,441.912886,53976,87335,311,0.039906,17.635192,760,1780,1570,1310
6.5378,45.0,441.912886,53976,87335,311,0.039906,17.635192,2540,-1780,470,-3350
6.5378,45.0,441.912886,53976,87335,311,0.039906,17.635192,-2540,-810,-2070,760
6.5378,45.0,441.912886,53976,87335,311,0.039906,17.635192,-3350,810,-1570,2880
6.5378,45.0,442.416079,54099,87534,2511,0.113264,50.109879,2280,1020,2040,-390
6.5378,45.0,442.416079,54099,87534,2511,0.113264,50.109879,3300,-1020,1410,-3060
6.5378,45.0,442.416079,54099,87534,2511,0.113264,50.109879,-2280,1890,-240,3300
6.5378,45.0,442.416079,54099,87534,2511,0.113264,50.109879,-390,-1890,-1410,-1650
6.5378,45.0,442.416079,54099,87534,2511,0.113264,50.109879,-1650,2040,240,3060
6.5378,45.0,442.416079,54099,87534,2511,0.113264,50.109879,390,-2040,-1020,-2280
6.5378,45.0,442.416079,54099,87534,2511,0.113264,50.109879,1650,1410,1890,390
6.5378,45.0,442.416079,54099,87534,2511,0.113264,50.109879,3060,-1410,1020,-3300
6.5378,45.0,442.416079,54099,87534,2511,0.113264,50.109879,-3060,-240,-2040,1650
6.5378,45.0,442.416079,54099,87534,2511,0.113264,50.109879,-3300,240,-1890,2280
6.5378,45.0,444.541325,54620,88377,2011,0.100877,44.844175,2670,710,2090,-940
6.5378,45.0,444.541325,54620,88377,2011,0.100877,44.844175,3380,-710,1650,-2800
6.5378,45.0,444.541325,54620,88377,2011,0.100877,44.844175,-2670,1730,-580,3380
6.5378,45.0,444.541325,54620,88377,2011,0.100877,44.844175,-940,-1730,-1650,-1150
6.5378,45.0,444.541325,54620,88377,2011,0.100877,44.844175,-1150,2090,580,2800
6.5378,45.0,444.541325,54620,88377,2011,0.100877,44.844175,940,-2090,-710,-2670
6.5378,45.0,444.541325,54620,88377,2011,0.100877,44.844175,1150,1650,1730,940
6.5378,45.0,444.541325,54620,88377,2011,0.100877,44.844175,2800,-1650,710,-3380
6.5378,45.0,444.541325,54620,88377,2011,0.100877,44.844175,-2800,-580,-2090,1150
6.5378,45.0,444.541325,54620,88377,2011,0.100877,44.844175,-3380,580,-1730,2670
6.5378,45.0,444.988764,54730,88555,25,0.011236,5.000000,0,1990,1230,1990
6.5378,45.0,444.988764,54730,88555,25,0.011236,5.000000,1990,-1990,0,-3220
6.5378,45.0,444.988764,54730,88555,25,0.011236,5.000000,-3220,1230,-1230,3220
6.5378,45.0,444.988764,54730,88555,25,0.011236,5.000000,3220,0,1990,-1990
6.5378,45.0,444.988764,54730,88555,25,0.011236,5.000000,-1990,-1230,-1990,0
6.5378,45.0,444.988764,54730,88555,25,0.011236,5.000000,1990,1230,1990,0
6.5378,45.0,444.988764,54730,88555,25,0.011236,5.000000,3220,-1230,1230,-3220
6.5378,45.0,444.988764,54730,88555,25,0.011236,5.000000,-1990,1990,0,3220
6.5378,45.0,444.988764,54730,88555,25,0.011236,5.000000,0,-1990,-1230,-1990
6.5378,45.0,444.988764,54730,88555,25,0.011236,5.000000,-3220,0,-1990,1990
6.5378,45.0,445.350420,54819,88699,641,0.056850,25.317978,2410,940,2070,-550
6.5378,45.0,445.350420,54819,88699,641,0.056850,25.317978,3350,-940,1490,-3010
6.5378,45.0,445.350420,54819,88699,641,0.056850,25.317978,-2410,1860,-340,3350
6.5378,45.0,445.350420,54819,88699,641,0.056850,25.317978,-550,-1860,-1490,-1520
6.5378,45.0,445.350420,54819,88699,641,0.056850,25.317978,-1520,2070,340,3010
6.5378,45.0,445.350420,54819,88699,641,0.056850,25.317978,550,-2070,-940,-2410
6.5378,45.0,445.350420,54819,88699,641,0.056850,25.317978,1520,1490,1860,550
6.5378,45.0,445.350420,54819,88699,641,0.056850,25.317978,3010,-1490,940,-3350
6.5378,45.0,445.350420,54819,88699,641,0.056850,25.317978,-3010,-340,-2070,1520
6.5378,45.0,445.350420,54819,88699,641,0.056850,25.317978,-3350,340,-1860,2410
6.5378,45.0,445.488483,54853,88754,2255,0.106595,47.486840,2880,500,2090,-1280
6.5378,45.0,445.488483,54853,88754,2255,0.106595,47.486840,3380,-500,1780,-2590
6.5378,45.0,445.488483,54853,88754,2255,0.106595,47.486840,-2880,1600,-790,3380
6.5378,45.0,445.488483,54853,88754,2255,0.106595,47.486840,-1280,-1600,-1780,-810
6.5378,45.0,445.488483,54853,88754,2255,0.106595,47.486840,-810,2090,790,2590
6.5378,45.0,445.488483,54853,88754,2255,0.106595,47.486840,1280,-2090,-500,-2880
6.5378,45.0,445.488483,54853,88754,2255,0.106595,47.486840,810,1780,1600,1280
6.5378,45.0,445.488483,54853,88754,2255,0.106595,47.486840,2590,-1780,500,-3380
6.5378,45.0,445.488483,54853,88754,2255,0.106595,47.486840,-2590,-790,-2090,810
6.5378,45.0,445.488483,54853,88754,2255,0.106595,47.486840,-3380,790,-1600,2880
6.5378,45.0,445.488483,54853,88754,2255,0.106595,47.486840,160,1960,1310,1860
6.5378,45.0,445.488483,54853,88754,2255,0.106595,47.486840,2120,-1960,100,-3270
6.5378,45.0,445.488483,54853,88754,2255,0.106595,47.486840,-3270,1150,-1310,3170
6.5378,45.0,445.488483,54853,88754,2255,0.106595,47.486840,3270,-100,1960,-2120
6.5378,45.0,445.488483,54853,88754,2255,0.106595,47.486840,1860,-2020,-100,-3170
6.5378,45.0,445.488483,54853,88754,2255,0.106595,47.486840,3170,100,2020,-1860
6.5378,45.0,445.488483,54853,88754,2255,0.106595,47.486840,-1860,-1310,-1960,-160
6.5378,45.0,445.488483,54853,88754,2255,0.106595,47.486840,-160,2020,1150,2120
6.5378,45.0,445.488483,54853,88754,2255,0.106595,47.486840,-2120,-1150,-2020,160
6.5378,45.0,445.488483,54853,88754,2255,0.106595,47.486840,-3170,1310,-1150,3270
6.5378,45.0,446.295861,55052,89076,880,0.066469,29.664794,260,1940,1360,1780
6.5378,45.0,446.295861,55052,89076,880,0.066469,29.664794,2200,-1940,160,-3300
6.5378,45.0,446.295861,55052,89076,880,0.066469,29.664794,-3300,1100,-1360,3140
6.5378,45.0,446.295861,55052,89076,880,0.066469,29.664794,3300,-160,1940,-2200
6.5378,45.0,446.295861,55052,89076,880,0.066469,29.664794,1780,-2040,-160,-3140
6.5378,45.0,446.295861,55052,89076,880,0.066469,29.664794,3140,160,2040,-1780
6.5378,45.0,446.295861,55052,89076,880,0.066469,29.664794,-1780,-1360,-1940,-260
6.5378,45.0,446.295861,55052,89076,880,0.066469,29.664794,-260,2040,1100,2200
6.5378,45.0,446.295861,55052,89076,880,0.066469,29.664794,-2200,-1100,-2040,260
6.5378,45.0,446.295861,55052,89076,880,0.066469,29.664794,-3140,1360,-1100,3300
6.5378,45.0,446.295861,55052,89076,880,0.066469,29.664794,2200,1100,2040,-260
6.5378,45.0,446.295861,55052,89076,880,0.066469,29.664794,3300,-1100,1360,-3140
6.5378,45.0,446.295861,55052,89076,880,0.066469,29.664794,-2200,1940,-160,3300
6.5378,45.0,446.295861,55052,89076,880,0.066469,29.664794,-260,-1940,-1360,-1780
6.5378,45.0,446.295861,55052,89076,880,0.066469,29.664794,-1780,2040,160,3140
6.5378,45.0,446.295861,55052,89076,880,0.066469,29.664794,260,-2040,-1100,-2200
6.5378,45.0,446.295861,55052,89076,880,0.066469,29.664794,1780,1360,1940,260
6.5378,45.0,446.295861,55052,89076,880,0.066469,29.664794,3140,-1360,1100,-3300
6.5378,45.0,446.295861,55052,89076,880,0.066469,29.664794,-3140,-160,-2040,1780
6.5378,45.0,446.295861,55052,89076,880,0.066469,29.664794,-3300,160,-1940,2200
6.5378,45.0,447.154315,55264,89419,3751,0.136967,61.245408,2040,1210,2010,-50
6.5378,45.0,447.154315,55264,89419,3751,0.136967,61.245408,3250,-1210,1260,-3220
6.5378,45.0,447.154315,55264,89419,3751,0.136967,61.245408,-2040,1990,-30,3250
6.5378,45.0,447.154315,55264,89419,3751,0.136967,61.245408,-50,-1990,-1260,-1960
6.5378,45.0,447.154315,55264,89419,3751,0.136967,61.245408,-1960,2010,30,3220
6.5378,45.0,447.154315,55264,89419,3751,0.136967,61.245408,50,-2010,-1210,-2040
6.5378,45.0,447.154315,55264,89419,3751,0.136967,61.245408,1960,1260,1990,50
6.5378,45.0,447.154315,55264,89419,3751,0.136967,61.245408,3220,-1260,1210,-3250
6.5378,45.0,447.154315,55264,89419,3751,0.136967,61.245408,-3220,-30,-2010,1960
6.5378,45.0,447.154315,55264,89419,3751,0.136967,61.245408,-3250,30,-1990,2040
6.5378,45.0,447.958690,55463,89741,2371,0.108700,48.692915,2170,1130,2040,-210
6.5378,45.0,447.958690,55463,89741,2371,0.108700,48.692915,3300,-1130,1340,-3170
6.5378,45.0,447.958690,55463,89741,2371,0.108700,48.692915,-2170,1960,-130,3300
6.5378,45.0,447.958690,55463,89741,2371,0.108700,48.692915,-210,-1960,-1340,-1830
6.5378,45.0,447.958690,55463,89741,2371,0.108700,48.692915,-1830,2040,130,3170
6.5378,45.0,447.958690,55463,89741,2371,0.108700,48.692915,210,-2040,-1130,-2170
6.5378,45.0,447.958690,55463,89741,2371,0.108700,48.692915,1830,1340,1960,210
6.5378,45.0,447.958690,55463,89741,2371,0.108700,48.692915,3170,-1340,1130,-3300
6.5378,45.0,447.958690,55463,89741,2371,0.108700,48.692915,-3170,-130,-2040,1830
6.5378,45.0,447.958690,55463,89741,2371,0.108700,48.692915,-3300,130,-1960,2170
6.5378,45.0,448.402719,55573,89919,355,0.042019,18.841444,420,1910,1440,1650
6.5378,45.0,448.402719,55573,89919,355,0.042019,18.841444,2330,-1910,260,-3350
6.5378,45.0,448.402719,55573,89919,355,0.042019,18.841444,-3350,1020,-1440,3090
6.5378,45.0,448.402719,55573,89919,355,0.042019,18.841444,3350,-260,1910,-2330
6.5378,45.0,448.402719,55573,89919,355,0.042019,18.841444,1650,-2070,-260,-3090
6.5378,45.0,448.402719,55573,89919,355,0.042019,18.841444,3090,260,2070,-1650
6.5378,45.0,448.402719,55573,89919,355,0.042019,18.841444,-1650,-1440,-1910,-420
6.5378,45.0,448.402719,55573,89919,355,0.042019,18.841444,-420,2070,1020,2330
6.5378,45.0,448.402719,55573,89919,355,0.042019,18.841444,-2330,-1020,-2070,420
6.5378,45.0,448.402719,55573,89919,355,0.042019,18.841444,-3090,1440,-1020,3350
6.5378,45.0,448.402719,55573,89919,355,0.042019,18.841444,2330,1020,2070,-420
6.5378,45.0,448.402719,55573,89919,355,0.042019,18.841444,3350,-1020,1440,-3090
6.5378,45.0,448.402719,55573,89919,355,0.042019,18.841444,-2330,1910,-260,3350
6.5378,45.0,448.402719,55573,89919,355,0.042019,18.841444,-420,-1910,-1440,-1650
6.5378,45.0,448.402719,55573,89919,355,0.042019,18.841444,-1650,2070,260,3090
6.5378,45.0,448.402719,55573,89919,355,0.042019,18.841444,420,-2070,-1020,-2330
6.5378,45.0,448.402719,55573,89919,355,0.042019,18.841444,1650,1440,1910,420
6.5378,45.0,448.402719,55573,89919,355,0.042019,18.841444,3090,-1440,1020,-3350
6.5378,45.0,448.402719,55573,89919,355,0.042019,18.841444,-3090,-260,-2070,1650
6.5378,45.0,448.402719,55573,89919,355,0.042019,18.841444,-3350,260,-1910,2330
6.5378,45.0,449.257147,55785,90262,3251,0.126915,57.017541,2540,860,2100,-710
6.5378,45.0,449.257147,55785,90262,3251,0.126915,57.017541,3400,-860,1570,-2960
6.5378,45.0,449.257147,55785,90262,3251,0.126915,57.017541,-2540,1830,-440,3400
6.5378,45.0,449.257147,55785,90262,3251,0.126915,57.017541,-710,-1830,-1570,-1390
6.5378,45.0,449.257147,55785,90262,3251,0.126915,57.017541,-1390,2100,440,2960
6.5378,45.0,449.257147,55785,90262,3251,0.126915,57.017541,710,-2100,-860,-2540
6.5378,45.0,449.257147,55785,90262,3251,0.126915,57.017541,1390,1570,1830,710
6.5378,45.0,449.257147,55785,90262,3251,0.126915,57.017541,2960,-1570,860,-3400
6.5378,45.0,449.257147,55785,90262,3251,0.126915,57.017541,-2960,-440,-2100,1390
6.5378,45.0,449.257147,55785,90262,3251,0.126915,57.017541,-3400,440,-1830,2540
6.5378,45.0,450.856959,56183,90906,451,0.047103,21.236761,2800,630,2120,-1100
6.5378,45.0,450.856959,56183,90906,451,0.047103,21.236761,3430,-630,1730,-2750
6.5378,45.0,450.856959,56183,90906,451,0.047103,21.236761,-2800,1700,-680,3430
6.5378,45.0,450.856959,56183,90906,451,0.047103,21.236761,-1100,-1700,-1730,-1020
6.5378,45.0,450.856959,56183,90906,451,0.047103,21.236761,-1020,2120,680,2750
6.5378,45.0,450.856959,56183,90906,451,0.047103,21.236761,1100,-2120,-630,-2800
6.5378,45.0,450.856959,56183,90906,451,0.047103,21.236761,1020,1730,1700,1100
6.5378,45.0,450.856959,56183,90906,451,0.047103,21.236761,2750,-1730,630,-3430
6.5378,45.0,450.856959,56183,90906,451,0.047103,21.236761,-2750,-680,-2120,1020
6.5378,45.0,450.856959,56183,90906,451,0.047103,21.236761,-3430,680,-1700,2800
6.5378,45.0,450.856959,56183,90906,451,0.047103,21.236761,130,1990,1310,1910
6.5378,45.0,450.856959,56183,90906,451,0.047103,21.236761,2120,-1990,80,-3300
6.5378,45.0,450.856959,56183,90906,451,0.047103,21.236761,-3300,1180,-1310,3220
6.5378,45.0,450.856959,56183,90906,451,0.047103,21.236761,3300,-80,1990,-2120
6.5378,45.0,450.856959,56183,90906,451,0.047103,21.236761,1910,-2040,-80,-3220
6.5378,45.0,450.856959,56183,90906,451,0.047103,21.236761,3220,80,2040,-1910
6.5378,45.0,450.856959,56183,90906,451,0.047103,21.236761,-1910,-1310,-1990,-130
6.5378,45.0,450.856959,56183,90906,451,0.047103,21.236761,-130,2040,1180,2120
6.5378,45.0,450.856959,56183,90906,451,0.047103,21.236761,-2120,-1180,-2040,130
6.5378,45.0,450.856959,56183,90906,451,0.047103,21.236761,-3220,1310,-1180,3300
6.5378,45.0,450.993337,56217,90961,2105,0.101732,45.880279,2830,600,2120,-1150
6.5378,45.0,450.993337,56217,90961,2105,0.101732,45.880279,3430,-600,1750,-2720
6.5378,45.0,450.993337,56217,90961,2105,0.101732,45.880279,-2830,1680,-710,3430
6.5378,45.0,450.993337,56217,90961,2105,0.101732,45.880279,-1150,-1680,-1750,-970
6.5378,45.0,450.993337,56217,90961,2105,0.101732,45.880279,-970,2120,710,2720
6.5378,45.0,450.993337,56217,90961,2105,0.101732,45.880279,1150,-2120,-600,-2830
6.5378,45.0,450.993337,56217,90961,2105,0.101732,45.880279,970,1750,1680,1150
6.5378,45.0,450.993337,56217,90961,2105,0.101732,45.880279,2720,-1750,600,-3430
6.5378,45.0,450.993337,56217,90961,2105,0.101732,45.880279,-2720,-710,-2120,970
6.5378,45.0,450.993337,56217,90961,2105,0.101732,45.880279,-3430,710,-1680,2830
6.5378,45.0,451.350182,56306,91105,2741,0.115995,52.354560,2380,1000,2090,-470
6.5378,45.0,451.350182,56306,91105,2741,0.115995,52.354560,3380,-1000,1470,-3090
6.5378,45.0,451.350182,56306,91105,2741,0.115995,52.354560,-2380,1910,-290,3380
6.5378,45.0,451.350182,56306,91105,2741,0.115995,52.354560,-470,-1910,-1470,-1620
6.5378,45.0,451.350182,56306,91105,2741,0.115995,52.354560,-1620,2090,290,3090
6.5378,45.0,451.350182,56306,91105,2741,0.115995,52.354560,470,-2090,-1000,-2380
6.5378,45.0,451.350182,56306,91105,2741,0.115995,52.354560,1620,1470,1910,470
6.5378,45.0,451.350182,56306,91105,2741,0.115995,52.354560,3090,-1470,1000,-3380
6.5378,45.0,451.350182,56306,91105,2741,0.115995,52.354560,-3090,-290,-2090,1620
6.5378,45.0,451.350182,56306,91105,2741,0.115995,52.354560,-3380,290,-1910,2380
6.5378,45.0,452.147093,56505,91427,1331,0.080688,36.482873,2620,810,2120,-810
6.5378,45.0,452.147093,56505,91427,1331,0.080688,36.482873,3430,-810,1620,-2930
6.5378,45.0,452.147093,56505,91427,1331,0.080688,36.482873,-2620,1810,-500,3430
6.5378,45.0,452.147093,56505,91427,1331,0.080688,36.482873,-810,-1810,-1620,-1310
6.5378,45.0,452.147093,56505,91427,1331,0.080688,36.482873,-1310,2120,500,2930
6.5378,45.0,452.147093,56505,91427,1331,0.080688,36.482873,810,-2120,-810,-2620
6.5378,45.0,452.147093,56505,91427,1331,0.080688,36.482873,1310,1620,1810,810
6.5378,45.0,452.147093,56505,91427,1331,0.080688,36.482873,2930,-1620,810,-3430
6.5378,45.0,452.147093,56505,91427,1331,0.080688,36.482873,-2930,-500,-2120,1310
6.5378,45.0,452.147093,56505,91427,1331,0.080688,36.482873,-3430,500,-1810,2620
6.5378,45.0,452.147093,56505,91427,1331,0.080688,36.482873,290,1960,1390,1780
6.5378,45.0,452.147093,56505,91427,1331,0.080688,36.482873,2250,-1960,180,-3350
6.5378,45.0,452.147093,56505,91427,1331,0.080688,36.482873,-3350,1100,-1390,3170
6.5378,45.0,452.147093,56505,91427,1331,0.080688,36.482873,3350,-180,1960,-2250
6.5378,45.0,452.147093,56505,91427,1331,0.080688,36.482873,1780,-2070,-180,-3170
6.5378,45.0,452.147093,56505,91427,1331,0.080688,36.482873,3170,180,2070,-1780
6.5378,45.0,452.147093,56505,91427,1331,0.080688,36.482873,-1780,-1390,-1960,-290
6.5378,45.0,452.147093,56505,91427,1331,0.080688,36.482873,-290,2070,1100,2250
6.5378,45.0,452.147093,56505,91427,1331,0.080688,36.482873,-2250,-1100,-2070,290
6.5378,45.0,452.147093,56505,91427,1331,0.080688,36.482873,-3170,1390,-1100,3350
6.5378,45.0,453.433555,56827,91948,2221,0.103935,47.127487,390,1940,1440,1700
6.5378,45.0,453.433555,56827,91948,2221,0.103935,47.127487,2330,-1940,240,-3380
6.5378,45.0,453.433555,56827,91948,2221,0.103935,47.127487,-3380,1050,-1440,3140
6.5378,45.0,453.433555,56827,91948,2221,0.103935,47.127487,3380,-240,1940,-2330
6.5378,45.0,453.433555,56827,91948,2221,0.103935,47.127487,1700,-2090,-240,-3140
6.5378,45.0,453.433555,56827,91948,2221,0.103935,47.127487,3140,240,2090,-1700
6.5378,45.0,453.433555,56827,91948,2221,0.103935,47.127487,-1700,-1440,-1940,-390
6.5378,45.0,453.433555,56827,91948,2221,0.103935,47.127487,-390,2090,1050,2330
6.5378,45.0,453.433555,56827,91948,2221,0.103935,47.127487,-2330,-1050,-2090,390
6.5378,45.0,453.433555,56827,91948,2221,0.103935,47.127487,-3140,1440,-1050,3380
6.5378,45.0,453.872228,56937,92126,155,0.027430,12.449900,3010,420,2120,-1440
6.5378,45.0,453.872228,56937,92126,155,0.027430,12.449900,3430,-420,1860,-2540
6.5378,45.0,453.872228,56937,92126,155,0.027430,12.449900,-3010,1570,-890,3430
6.5378,45.0,453.872228,56937,92126,155,0.027430,12.449900,-1440,-1570,-1860,-680
6.5378,45.0,453.872228,56937,92126,155,0.027430,12.449900,-680,2120,890,2540
6.5378,45.0,453.872228,56937,92126,155,0.027430,12.449900,1440,-2120,-420,-3010
6.5378,45.0,453.872228,56937,92126,155,0.027430,12.449900,680,1860,1570,1440
6.5378,45.0,453.872228,56937,92126,155,0.027430,12.449900,2540,-1860,420,-3430
6.5378,45.0,453.872228,56937,92126,155,0.027430,12.449900,-2540,-890,-2120,680
6.5378,45.0,453.872228,56937,92126,155,0.027430,12.449900,-3430,890,-1570,3010
6.5378,45.0,453.872228,56937,92126,155,0.027430,12.449900,2540,890,2120,-680
6.5378,45.0,453.872228,56937,92126,155,0.027430,12.449900,3430,-890,1570,-3010
6.5378,45.0,453.872228,56937,92126,155,0.027430,12.449900,-2540,1860,-420,3430
6.5378,45.0,453.872228,56937,92126,155,0.027430,12.449900,-680,-1860,-1570,-1440
6.5378,45.0,453.872228,56937,92126,155,0.027430,12.449900,-1440,2120,420,3010
6.5378,45.0,453.872228,56937,92126,155,0.027430,12.449900,680,-2120,-890,-2540
6.5378,45.0,453.872228,56937,92126,155,0.027430,12.449900,1440,1570,1860,680
6.5378,45.0,453.872228,56937,92126,155,0.027430,12.449900,3010,-1570,890,-3430
6.5378,45.0,453.872228,56937,92126,155,0.027430,12.449900,-3010,-420,-2120,1440
6.5378,45.0,453.872228,56937,92126,155,0.027430,12.449900,-3430,420,-1860,2540
6.5378,45.0,454.716379,57149,92469,3121,0.122859,55.865911,2510,920,2120,-630
6.5378,45.0,454.716379,57149,92469,3121,0.122859,55.865911,3430,-920,1550,-3040
6.5378,45.0,454.716379,57149,92469,3121,0.122859,55.865911,-2510,1880,-390,3430
6.5378,45.0,454.716379,57149,92469,3121,0.122859,55.865911,-630,-1880,-1550,-1490
6.5378,45.0,454.716379,57149,92469,3121,0.122859,55.865911,-1490,2120,390,3040
6.5378,45.0,454.716379,57149,92469,3121,0.122859,55.865911,630,-2120,-920,-2510
6.5378,45.0,454.716379,57149,92469,3121,0.122859,55.865911,1490,1550,1880,630
6.5378,45.0,454.716379,57149,92469,3121,0.122859,55.865911,3040,-1550,920,-3430
6.5378,45.0,454.716379,57149,92469,3121,0.122859,55.865911,-3040,-390,-2120,1490
6.5378,45.0,454.716379,57149,92469,3121,0.122859,55.865911,-3430,390,-1880,2510
6.5378,45.0,456.297051,57547,93113,251,0.034721,15.842980,550,1910,1520,1570
6.5378,45.0,456.297051,57547,93113,251,0.034721,15.842980,2460,-1910,340,-3430
6.5378,45.0,456.297051,57547,93113,251,0.034721,15.842980,-3430,970,-1520,3090
6.5378,45.0,456.297051,57547,93113,251,0.034721,15.842980,3430,-340,1910,-2460
6.5378,45.0,456.297051,57547,93113,251,0.034721,15.842980,1570,-2120,-340,-3090
6.5378,45.0,456.297051,57547,93113,251,0.034721,15.842980,3090,340,2120,-1570
6.5378,45.0,456.297051,57547,93113,251,0.034721,15.842980,-1570,-1520,-1910,-550
6.5378,45.0,456.297051,57547,93113,251,0.034721,15.842980,-550,2120,970,2460
6.5378,45.0,456.297051,57547,93113,251,0.034721,15.842980,-2460,-970,-2120,550
6.5378,45.0,456.297051,57547,93113,251,0.034721,15.842980,-3090,1520,-970,3430
6.5378,45.0,457.571846,57869,93634,1151,0.074144,33.926391,2750,730,2150,-970
6.5378,45.0,457.571846,57869,93634,1151,0.074144,33.926391,3480,-730,1700,-2880
6.5378,45.0,457.571846,57869,93634,1151,0.074144,33.926391,-2750,1780,-600,3480
6.5378,45.0,457.571846,57869,93634,1151,0.074144,33.926391,-970,-1780,-1700,-1180
6.5378,45.0,457.571846,57869,93634,1151,0.074144,33.926391,-1180,2150,600,2880
6.5378,45.0,457.571846,57869,93634,1151,0.074144,33.926391,970,-2150,-730,-2750
6.5378,45.0,457.571846,57869,93634,1151,0.074144,33.926391,1180,1700,1780,970
6.5378,45.0,457.571846,57869,93634,1151,0.074144,33.926391,2880,-1700,730,-3480
6.5378,45.0,457.571846,57869,93634,1151,0.074144,33.926391,-2880,-600,-2150,1180
6.5378,45.0,457.571846,57869,93634,1151,0.074144,33.926391,-3480,600,-1780,2750
6.5378,45.0,458.492086,58102,94011,1405,0.081753,37.483330,2670,810,2150,-840
6.5378,45.0,458.492086,58102,94011,1405,0.081753,37.483330,2960,520,2150,-1310
6.5378,45.0,458.492086,58102,94011,1405,0.081753,37.483330,3480,-810,1650,-2960
6.5378,45.0,458.492086,58102,94011,1405,0.081753,37.483330,3480,-520,1830,-2670
6.5378,45.0,458.492086,58102,94011,1405,0.081753,37.483330,-2670,1830,-520,3480
6.5378,45.0,458.492086,58102,94011,1405,0.081753,37.483330,-2960,1650,-810,3480
6.5378,45.0,458.492086,58102,94011,1405,0.081753,37.483330,-1310,-1650,-1830,-840
6.5378,45.0,458.492086,58102,94011,1405,0.081753,37.483330,-840,-1830,-1650,-1310
6.5378,45.0,458.492086,58102,94011,1405,0.081753,37.483330,-1310,2150,520,2960
6.5378,45.0,458.492086,58102,94011,1405,0.081753,37.483330,-840,2150,810,2670
6.5378,45.0,458.492086,58102,94011,1405,0.081753,37.483330,840,-2150,-810,-2670
6.5378,45.0,458.492086,58102,94011,1405,0.081753,37.483330,1310,-2150,-520,-2960
6.5378,45.0,458.492086,58102,94011,1405,0.081753,37.483330,840,1830,1650,1310
6.5378,45.0,458.492086,58102,94011,1405,0.081753,37.483330,1310,1650,1830,840
6.5378,45.0,458.492086,58102,94011,1405,0.081753,37.483330,2960,-1650,810,-3480
6.5378,45.0,458.492086,58102,94011,1405,0.081753,37.483330,2670,-1830,520,-3480
6.5378,45.0,458.492086,58102,94011,1405,0.081753,37.483330,-2960,-520,-2150,1310
6.5378,45.0,458.492086,58102,94011,1405,0.081753,37.483330,-2670,-810,-2150,840
6.5378,45.0,458.492086,58102,94011,1405,0.081753,37.483330,-3480,520,-1830,2670
6.5378,45.0,458.492086,58102,94011,1405,0.081753,37.483330,-3480,810,-1650,2960
6.5378,45.0,459.627020,58390,94477,601,0.053337,24.515301,2120,1230,2070,-80
6.5378,45.0,459.627020,58390,94477,601,0.053337,24.515301,3350,-1230,1310,-3300
6.5378,45.0,459.627020,58390,94477,601,0.053337,24.515301,-2120,2040,-50,3350
6.5378,45.0,459.627020,58390,94477,601,0.053337,24.515301,-80,-2040,-1310,-1990
6.5378,45.0,459.627020,58390,94477,601,0.053337,24.515301,-1990,2070,50,3300
6.5378,45.0,459.627020,58390,94477,601,0.053337,24.515301,80,-2070,-1230,-2120
6.5378,45.0,459.627020,58390,94477,601,0.053337,24.515301,1990,1310,2040,80
6.5378,45.0,459.627020,58390,94477,601,0.053337,24.515301,3300,-1310,1230,-3350
6.5378,45.0,459.627020,58390,94477,601,0.053337,24.515301,-3300,-50,-2070,1990
6.5378,45.0,459.627020,58390,94477,601,0.053337,24.515301,-3350,50,-2040,2120
6.5378,45.0,460.110841,58513,94676,2981,0.118664,54.598535,3040,440,2150,-1440
6.5378,45.0,460.110841,58513,94676,2981,0.118664,54.598535,3480,-440,1880,-2590
6.5378,45.0,460.110841,58513,94676,2981,0.118664,54.598535,-3040,1600,-890,3480
6.5378,45.0,460.110841,58513,94676,2981,0.118664,54.598535,-1440,-1600,-1880,-710
6.5378,45.0,460.110841,58513,94676,2981,0.118664,54.598535,-710,2150,890,2590
6.5378,45.0,460.110841,58513,94676,2981,0.118664,54.598535,1440,-2150,-440,-3040
6.5378,45.0,460.110841,58513,94676,2981,0.118664,54.598535,710,1880,1600,1440
6.5378,45.0,460.110841,58513,94676,2981,0.118664,54.598535,2590,-1880,440,-3480
6.5378,45.0,460.110841,58513,94676,2981,0.118664,54.598535,-2590,-890,-2150,710
6.5378,45.0,460.110841,58513,94676,2981,0.118664,54.598535,-3480,890,-1600,3040
6.5378,45.0,460.110841,58513,94676,2981,0.118664,54.598535,2200,1180,2090,-180
6.5378,45.0,460.110841,58513,94676,2981,0.118664,54.598535,3380,-1180,1360,-3270
6.5378,45.0,460.110841,58513,94676,2981,0.118664,54.598535,-2200,2020,-110,3380
6.5378,45.0,460.110841,58513,94676,2981,0.118664,54.598535,-180,-2020,-1360,-1910
6.5378,45.0,460.110841,58513,94676,2981,0.118664,54.598535,-1910,2090,110,3270
6.5378,45.0,460.110841,58513,94676,2981,0.118664,54.598535,180,-2090,-1180,-2200
6.5378,45.0,460.110841,58513,94676,2981,0.118664,54.598535,1910,1360,2020,180
6.5378,45.0,460.110841,58513,94676,2981,0.118664,54.598535,3270,-1360,1180,-3380
6.5378,45.0,460.110841,58513,94676,2981,0.118664,54.598535,-3270,-110,-2090,1910
6.5378,45.0,460.110841,58513,94676,2981,0.118664,54.598535,-3380,110,-2020,2200
6.5378,45.0,461.375099,58835,95197,3911,0.135547,62.537988,2830,680,2170,-1070
6.5378,45.0,461.375099,58835,95197,3911,0.135547,62.537988,3510,-680,1750,-2850
6.5378,45.0,461.375099,58835,95197,3911,0.135547,62.537988,-2830,1760,-660,3510
6.5378,45.0,461.375099,58835,95197,3911,0.135547,62.537988,-1070,-1760,-1750,-1100
6.5378,45.0,461.375099,58835,95197,3911,0.135547,62.537988,-1100,2170,660,2850
6.5378,45.0,461.375099,58835,95197,3911,0.135547,62.537988,1070,-2170,-680,-2830
6.5378,45.0,461.375099,58835,95197,3911,0.135547,62.537988,1100,1750,1760,1070
6.5378,45.0,461.375099,58835,95197,3911,0.135547,62.537988,2850,-1750,680,-3510
6.5378,45.0,461.375099,58835,95197,3911,0.135547,62.537988,-2850,-660,-2170,1100
6.5378,45.0,461.375099,58835,95197,3911,0.135547,62.537988,-3510,660,-1760,2830
6.5378,45.0,461.806227,58945,95375,1775,0.091230,42.130749,2750,760,2170,-940
6.5378,45.0,461.806227,58945,95375,1775,0.091230,42.130749,2930,580,2170,-1230
6.5378,45.0,461.806227,58945,95375,1775,0.091230,42.130749,3510,-760,1700,-2930
6.5378,45.0,461.806227,58945,95375,1775,0.091230,42.130749,3510,-580,1810,-2750
6.5378,45.0,461.806227,58945,95375,1775,0.091230,42.130749,-2750,1810,-580,3510
6.5378,45.0,461.806227,58945,95375,1775,0.091230,42.130749,-2930,1700,-760,3510
6.5378,45.0,461.806227,58945,95375,1775,0.091230,42.130749,-1230,-1700,-1810,-940
6.5378,45.0,461.806227,58945,95375,1775,0.091230,42.130749,-940,-1810,-1700,-1230
6.5378,45.0,461.806227,58945,95375,1775,0.091230,42.130749,-940,2170,760,2750
6.5378,45.0,461.806227,58945,95375,1775,0.091230,42.130749,-1230,2170,580,2930
6.5378,45.0,461.806227,58945,95375,1775,0.091230,42.130749,940,-2170,-760,-2750
6.5378,45.0,461.806227,58945,95375,1775,0.091230,42.130749,1230,-2170,-580,-2930
6.5378,45.0,461.806227,58945,95375,1775,0.091230,42.130749,940,1810,1700,1230
6.5378,45.0,461.806227,58945,95375,1775,0.091230,42.130749,1230,1700,1810,940
6.5378,45.0,461.806227,58945,95375,1775,0.091230,42.130749,2930,-1700,760,-3510
6.5378,45.0,461.806227,58945,95375,1775,0.091230,42.130749,2750,-1810,580,-3510
6.5378,45.0,461.806227,58945,95375,1775,0.091230,42.130749,-2930,-580,-2170,1230
6.5378,45.0,461.806227,58945,95375,1775,0.091230,42.130749,-2750,-760,-2170,940
6.5378,45.0,461.806227,58945,95375,1775,0.091230,42.130749,-3510,760,-1700,2930
6.5378,45.0,461.806227,58945,95375,1775,0.091230,42.130749,-3510,580,-1810,2750
6.5378,45.0,462.154724,59034,95519,2441,0.106905,49.406477,2720,790,2170,-890
6.5378,45.0,462.154724,59034,95519,2441,0.106905,49.406477,3510,-790,1680,-2960
6.5378,45.0,462.154724,59034,95519,2441,0.106905,49.406477,-2720,1830,-550,3510
6.5378,45.0,462.154724,59034,95519,2441,0.106905,49.406477,-890,-1830,-1680,-1280
6.5378,45.0,462.154724,59034,95519,2441,0.106905,49.406477,-1280,2170,550,2960
6.5378,45.0,462.154724,59034,95519,2441,0.106905,49.406477,890,-2170,-790,-2720
6.5378,45.0,462.154724,59034,95519,2441,0.106905,49.406477,1280,1680,1830,890
6.5378,45.0,462.154724,59034,95519,2441,0.106905,49.406477,2960,-1680,790,-3510
6.5378,45.0,462.154724,59034,95519,2441,0.106905,49.406477,-2960,-550,-2170,1280
6.5378,45.0,462.154724,59034,95519,2441,0.106905,49.406477,-3510,550,-1830,2720
6.5378,45.0,462.933036,59233,95841,961,0.066964,31.000000,3010,500,2170,-1360
6.5378,45.0,462.933036,59233,95841,961,0.066964,31.000000,3510,-500,1860,-2670
6.5378,45.0,462.933036,59233,95841,961,0.066964,31.000000,-3010,1650,-840,3510
6.5378,45.0,462.933036,59233,95841,961,0.066964,31.000000,-1360,-1650,-1860,-810
6.5378,45.0,462.933036,59233,95841,961,0.066964,31.000000,-810,2170,840,2670
6.5378,45.0,462.933036,59233,95841,961,0.066964,31.000000,1360,-2170,-500,-3010
6.5378,45.0,462.933036,59233,95841,961,0.066964,31.000000,810,1860,1650,1360
6.5378,45.0,462.933036,59233,95841,961,0.066964,31.000000,2670,-1860,500,-3510
6.5378,45.0,462.933036,59233,95841,961,0.066964,31.000000,-2670,-840,-2170,810
6.5378,45.0,462.933036,59233,95841,961,0.066964,31.000000,-3510,840,-1650,3010
6.5378,45.0,462.933036,59233,95841,961,0.066964,31.000000,0,2070,1280,2070
6.5378,45.0,462.933036,59233,95841,961,0.066964,31.000000,2070,-2070,0,-3350
6.5378,45.0,462.933036,59233,95841,961,0.066964,31.000000,-3350,1280,-1280,3350
6.5378,45.0,462.933036,59233,95841,961,0.066964,31.000000,3350,0,2070,-2070
6.5378,45.0,462.933036,59233,95841,961,0.066964,31.000000,-2070,-1280,-2070,0
6.5378,45.0,463.065856,59267,95896,2705,0.112316,52.009614,550,1940,1540,1600
6.5378,45.0,463.065856,59267,95896,2705,0.112316,52.009614,2490,-1940,340,-3480
6.5378,45.0,463.065856,59267,95896,2705,0.112316,52.009614,-3480,990,-1540,3140
6.5378,45.0,463.065856,59267,95896,2705,0.112316,52.009614,3480,-340,1940,-2490
6.5378,45.0,463.065856,59267,95896,2705,0.112316,52.009614,1600,-2150,-340,-3140
6.5378,45.0,463.065856,59267,95896,2705,0.112316,52.009614,3140,340,2150,-1600
6.5378,45.0,463.065856,59267,95896,2705,0.112316,52.009614,-1600,-1540,-1940,-550
6.5378,45.0,463.065856,59267,95896,2705,0.112316,52.009614,-550,2150,990,2490
6.5378,45.0,463.065856,59267,95896,2705,0.112316,52.009614,-2490,-990,-2150,550
6.5378,45.0,463.065856,59267,95896,2705,0.112316,52.009614,-3140,1540,-990,3480
6.5378,45.0,464.189607,59555,96362,1891,0.093681,43.485630,260,2020,1410,1860
6.5378,45.0,464.189607,59555,96362,1891,0.093681,43.485630,2280,-2020,160,-3430
6.5378,45.0,464.189607,59555,96362,1891,0.093681,43.485630,-3430,1150,-1410,3270
6.5378,45.0,464.189607,59555,96362,1891,0.093681,43.485630,3430,-160,2020,-2280
6.5378,45.0,464.189607,59555,96362,1891,0.093681,43.485630,1860,-2120,-160,-3270
6.5378,45.0,464.189607,59555,96362,1891,0.093681,43.485630,3270,160,2120,-1860
6.5378,45.0,464.189607,59555,96362,1891,0.093681,43.485630,-1860,-1410,-2020,-260
6.5378,45.0,464.189607,59555,96362,1891,0.093681,43.485630,-260,2120,1150,2280
6.5378,45.0,464.189607,59555,96362,1891,0.093681,43.485630,-2280,-1150,-2120,260
6.5378,45.0,464.189607,59555,96362,1891,0.093681,43.485630,-3270,1410,-1150,3430
6.5378,45.0,464.189607,59555,96362,1891,0.093681,43.485630,2460,1020,2150,-500
6.5378,45.0,464.189607,59555,96362,1891,0.093681,43.485630,3480,-1020,1520,-3170
6.5378,45.0,464.189607,59555,96362,1891,0.093681,43.485630,-2460,1960,-310,3480
6.5378,45.0,464.189607,59555,96362,1891,0.093681,43.485630,-500,-1960,-1520,-1650
6.5378,45.0,464.189607,59555,96362,1891,0.093681,43.485630,-1650,2150,310,3170
6.5378,45.0,464.189607,59555,96362,1891,0.093681,43.485630,500,-2150,-1020,-2460
6.5378,45.0,464.189607,59555,96362,1891,0.093681,43.485630,1650,1520,1960,500
6.5378,45.0,464.189607,59555,96362,1891,0.093681,43.485630,3170,-1520,1020,-3480
6.5378,45.0,464.189607,59555,96362,1891,0.093681,43.485630,-3170,-310,-2150,1650
6.5378,45.0,464.189607,59555,96362,1891,0.093681,43.485630,-3480,310,-1960,2460
6.5378,45.0,465.096753,59788,96739,2155,0.099811,46.421978,50,2070,1310,2040
6.5378,45.0,465.096753,59788,96739,2155,0.099811,46.421978,2120,-2070,30,-3380
6.5378,45.0,465.096753,59788,96739,2155,0.099811,46.421978,-3380,1260,-1310,3350
6.5378,45.0,465.096753,59788,96739,2155,0.099811,46.421978,3380,-30,2070,-2120
6.5378,45.0,465.096753,59788,96739,2155,0.099811,46.421978,2040,-2090,-30,-3350
6.5378,45.0,465.096753,59788,96739,2155,0.099811,46.421978,3350,30,2090,-2040
6.5378,45.0,465.096753,59788,96739,2155,0.099811,46.421978,-2040,-1310,-2070,-50
6.5378,45.0,465.096753,59788,96739,2155,0.099811,46.421978,-50,2090,1260,2120
6.5378,45.0,465.096753,59788,96739,2155,0.099811,46.421978,-2120,-1260,-2090,50
6.5378,45.0,465.096753,59788,96739,2155,0.099811,46.421978,-3350,1310,-1260,3380
6.5378,45.0,465.096753,59788,96739,2155,0.099811,46.421978,2120,1260,2090,-50
6.5378,45.0,465.096753,59788,96739,2155,0.099811,46.421978,2040,1310,2070,50
6.5378,45.0,465.096753,59788,96739,2155,0.099811,46.421978,3380,-1260,1310,-3350
6.5378,45.0,465.096753,59788,96739,2155,0.099811,46.421978,3350,-1310,1260,-3380
6.5378,45.0,465.096753,59788,96739,2155,0.099811,46.421978,-2120,2070,-30,3380
6.5378,45.0,465.096753,59788,96739,2155,0.099811,46.421978,-2040,2090,30,3350
6.5378,45.0,465.096753,59788,96739,2155,0.099811,46.421978,-50,-2070,-1310,-2040
6.5378,45.0,465.096753,59788,96739,2155,0.099811,46.421978,50,-2090,-1260,-2120
6.5378,45.0,465.096753,59788,96739,2155,0.099811,46.421978,-3350,-30,-2090,2040
6.5378,45.0,465.096753,59788,96739,2155,0.099811,46.421978,-3380,30,-2070,2120
6.5378,45.0,465.870150,59987,97061,655,0.054936,25.592968,210,2040,1390,1910
6.5378,45.0,465.870150,59987,97061,655,0.054936,25.592968,2250,-2040,130,-3430
6.5378,45.0,465.870150,59987,97061,655,0.054936,25.592968,-3430,1180,-1390,3300
6.5378,45.0,465.870150,59987,97061,655,0.054936,25.592968,3430,-130,2040,-2250
6.5378,45.0,465.870150,59987,97061,655,0.054936,25.592968,1910,-2120,-130,-3300
6.5378,45.0,465.870150,59987,97061,655,0.054936,25.592968,3300,130,2120,-1910
6.5378,45.0,465.870150,59987,97061,655,0.054936,25.592968,-1910,-1390,-2040,-210
6.5378,45.0,465.870150,59987,97061,655,0.054936,25.592968,-210,2120,1180,2250
6.5378,45.0,465.870150,59987,97061,655,0.054936,25.592968,-2250,-1180,-2120,210
6.5378,45.0,465.870150,59987,97061,655,0.054936,25.592968,-3300,1390,-1180,3430
6.5378,45.0,465.870150,59987,97061,655,0.054936,25.592968,2250,1180,2120,-210
6.5378,45.0,465.870150,59987,97061,655,0.054936,25.592968,3430,-1180,1390,-3300
6.5378,45.0,465.870150,59987,97061,655,0.054936,25.592968,-2250,2040,-130,3430
6.5378,45.0,465.870150,59987,97061,655,0.054936,25.592968,-210,-2040,-1390,-1910
6.5378,45.0,465.870150,59987,97061,655,0.054936,25.592968,-1910,2120,130,3300
6.5378,45.0,465.870150,59987,97061,655,0.054936,25.592968,210,-2120,-1180,-2250
6.5378,45.0,465.870150,59987,97061,655,0.054936,25.592968,1910,1390,2040,210
6.5378,45.0,465.870150,59987,97061,655,0.054936,25.592968,3300,-1390,1180,-3430
6.5378,45.0,465.870150,59987,97061,655,0.054936,25.592968,-3300,-130,-2120,1910
6.5378,45.0,465.870150,59987,97061,655,0.054936,25.592968,-3430,130,-2040,2250
6.5378,45.0,466.215609,60076,97205,1331,0.078253,36.482873,420,1990,1490,1730
6.5378,45.0,466.215609,60076,97205,1331,0.078253,36.482873,2410,-1990,260,-3480
6.5378,45.0,466.215609,60076,97205,1331,0.078253,36.482873,-3480,1070,-1490,3220
6.5378,45.0,466.215609,60076,97205,1331,0.078253,36.482873,3480,-260,1990,-2410
6.5378,45.0,466.215609,60076,97205,1331,0.078253,36.482873,1730,-2150,-260,-3220
6.5378,45.0,466.215609,60076,97205,1331,0.078253,36.482873,3220,260,2150,-1730
6.5378,45.0,466.215609,60076,97205,1331,0.078253,36.482873,-1730,-1490,-1990,-420
6.5378,45.0,466.215609,60076,97205,1331,0.078253,36.482873,-420,2150,1070,2410
6.5378,45.0,466.215609,60076,97205,1331,0.078253,36.482873,-2410,-1070,-2150,420
6.5378,45.0,466.215609,60076,97205,1331,0.078253,36.482873,-3220,1490,-1070,3480
6.5378,45.0,466.215609,60076,97205,1331,0.078253,36.482873,2540,970,2170,-600
6.5378,45.0,466.215609,60076,97205,1331,0.078253,36.482873,3510,-970,1570,-3140
6.5378,45.0,466.215609,60076,97205,1331,0.078253,36.482873,-2540,1940,-370,3510
6.5378,45.0,466.215609,60076,97205,1331,0.078253,36.482873,-600,-1940,-1570,-1570
6.5378,45.0,466.215609,60076,97205,1331,0.078253,36.482873,-1570,2170,370,3140
6.5378,45.0,466.215609,60076,97205,1331,0.078253,36.482873,600,-2170,-970,-2540
6.5378,45.0,466.215609,60076,97205,1331,0.078253,36.482873,1570,1570,1940,600
6.5378,45.0,466.215609,60076,97205,1331,0.078253,36.482873,3140,-1570,970,-3510
6.5378,45.0,466.215609,60076,97205,1331,0.078253,36.482873,-3140,-370,-2170,1570
6.5378,45.0,466.215609,60076,97205,1331,0.078253,36.482873,-3510,370,-1940,2540
6.5378,45.0,467.888875,60508,97904,80,0.019116,8.944272,2880,680,2200,-1100
6.5378,45.0,467.888875,60508,97904,80,0.019116,8.944272,3560,-680,1780,-2880
6.5378,45.0,467.888875,60508,97904,80,0.019116,8.944272,-2880,1780,-680,3560
6.5378,45.0,467.888875,60508,97904,80,0.019116,8.944272,-1100,-1780,-1780,-1100
6.5378,45.0,467.888875,60508,97904,80,0.019116,8.944272,-1100,2200,680,2880
6.5378,45.0,467.888875,60508,97904,80,0.019116,8.944272,1100,-2200,-680,-2880
6.5378,45.0,467.888875,60508,97904,80,0.019116,8.944272,1100,1780,1780,1100
6.5378,45.0,467.888875,60508,97904,80,0.019116,8.944272,2880,-1780,680,-3560
6.5378,45.0,467.888875,60508,97904,80,0.019116,8.944272,-2880,-680,-2200,1100
6.5378,45.0,467.888875,60508,97904,80,0.019116,8.944272,-3560,680,-1780,2880
6.5378,45.0,468.232844,60597,98048,761,0.058916,27.586228,2960,600,2200,-1230
6.5378,45.0,468.232844,60597,98048,761,0.058916,27.586228,3560,-600,1830,-2800
6.5378,45.0,468.232844,60597,98048,761,0.058916,27.586228,-2960,1730,-760,3560
6.5378,45.0,468.232844,60597,98048,761,0.058916,27.586228,-1230,-1730,-1830,-970
6.5378,45.0,468.232844,60597,98048,761,0.058916,27.586228,-970,2200,760,2800
6.5378,45.0,468.232844,60597,98048,761,0.058916,27.586228,1230,-2200,-600,-2960
6.5378,45.0,468.232844,60597,98048,761,0.058916,27.586228,970,1830,1730,1230
6.5378,45.0,468.232844,60597,98048,761,0.058916,27.586228,2800,-1830,600,-3560
6.5378,45.0,468.232844,60597,98048,761,0.058916,27.586228,-2800,-760,-2200,970
6.5378,45.0,468.232844,60597,98048,761,0.058916,27.586228,-3560,760,-1730,2960
6.5378,45.0,469.132173,60830,98425,1025,0.068244,32.015621,470,1990,1520,1700
6.5378,45.0,469.132173,60830,98425,1025,0.068244,32.015621,2460,-1990,290,-3510
6.5378,45.0,469.132173,60830,98425,1025,0.068244,32.015621,-3510,1050,-1520,3220
6.5378,45.0,469.132173,60830,98425,1025,0.068244,32.015621,3510,-290,1990,-2460
6.5378,45.0,469.132173,60830,98425,1025,0.068244,32.015621,1700,-2170,-290,-3220
6.5378,45.0,469.132173,60830,98425,1025,0.068244,32.015621,3220,290,2170,-1700
6.5378,45.0,469.132173,60830,98425,1025,0.068244,32.015621,-1700,-1520,-1990,-470
6.5378,45.0,469.132173,60830,98425,1025,0.068244,32.015621,-470,2170,1050,2460
6.5378,45.0,469.132173,60830,98425,1025,0.068244,32.015621,-2460,-1050,-2170,470
6.5378,45.0,469.132173,60830,98425,1025,0.068244,32.015621,-3220,1520,-1050,3510
6.5378,45.0,469.132173,60830,98425,1025,0.068244,32.015621,2460,1050,2170,-470
6.5378,45.0,469.132173,60830,98425,1025,0.068244,32.015621,3510,-1050,1520,-3220
6.5378,45.0,469.132173,60830,98425,1025,0.068244,32.015621,-2460,1990,-290,3510
6.5378,45.0,469.132173,60830,98425,1025,0.068244,32.015621,-470,-1990,-1520,-1700
6.5378,45.0,469.132173,60830,98425,1025,0.068244,32.015621,-1700,2170,290,3220
6.5378,45.0,469.132173,60830,98425,1025,0.068244,32.015621,470,-2170,-1050,-2460
6.5378,45.0,469.132173,60830,98425,1025,0.068244,32.015621,1700,1520,1990,470
6.5378,45.0,469.132173,60830,98425,1025,0.068244,32.015621,3220,-1520,1050,-3510
6.5378,45.0,469.132173,60830,98425,1025,0.068244,32.015621,-3220,-290,-2170,1700
6.5378,45.0,469.132173,60830,98425,1025,0.068244,32.015621,-3510,290,-1990,2460
6.5378,45.0,470.241426,61118,98891,181,0.028610,13.453624,2670,890,2200,-760
6.5378,45.0,470.241426,61118,98891,181,0.028610,13.453624,3560,-890,1650,-3090
6.5378,45.0,470.241426,61118,98891,181,0.028610,13.453624,-2670,1910,-470,3560
6.5378,45.0,470.241426,61118,98891,181,0.028610,13.453624,-760,-1910,-1650,-1440
6.5378,45.0,470.241426,61118,98891,181,0.028610,13.453624,-1440,2200,470,3090
6.5378,45.0,470.241426,61118,98891,181,0.028610,13.453624,760,-2200,-890,-2670
6.5378,45.0,470.241426,61118,98891,181,0.028610,13.453624,1440,1650,1910,760
6.5378,45.0,470.241426,61118,98891,181,0.028610,13.453624,3090,-1650,890,-3560
6.5378,45.0,470.241426,61118,98891,181,0.028610,13.453624,-3090,-470,-2200,1440
6.5378,45.0,470.241426,61118,98891,181,0.028610,13.453624,-3560,470,-1910,2670
6.5378,45.0,470.714338,61241,99090,2671,0.109794,51.681718,80,2090,1340,2040
6.5378,45.0,470.714338,61241,99090,2671,0.109794,51.681718,2170,-2090,50,-3430
6.5378,45.0,470.714338,61241,99090,2671,0.109794,51.681718,-3430,1260,-1340,3380
6.5378,45.0,470.714338,61241,99090,2671,0.109794,51.681718,3430,-50,2090,-2170
6.5378,45.0,470.714338,61241,99090,2671,0.109794,51.681718,2040,-2120,-50,-3380
6.5378,45.0,470.714338,61241,99090,2671,0.109794,51.681718,3380,50,2120,-2040
6.5378,45.0,470.714338,61241,99090,2671,0.109794,51.681718,-2040,-1340,-2090,-80
6.5378,45.0,470.714338,61241,99090,2671,0.109794,51.681718,-80,2120,1260,2170
6.5378,45.0,470.714338,61241,99090,2671,0.109794,51.681718,-2170,-1260,-2120,80
6.5378,45.0,470.714338,61241,99090,2671,0.109794,51.681718,-3380,1340,-1260,3430
6.5378,45.0,471.478520,61440,99412,1136,0.071487,33.704599,3140,420,2200,-1520
6.5378,45.0,471.478520,61440,99412,1136,0.071487,33.704599,3560,-420,1940,-2620
6.5378,45.0,471.478520,61440,99412,1136,0.071487,33.704599,-3140,1620,-940,3560
6.5378,45.0,471.478520,61440,99412,1136,0.071487,33.704599,-1520,-1620,-1940,-680
6.5378,45.0,471.478520,61440,99412,1136,0.071487,33.704599,-680,2200,940,2620
6.5378,45.0,471.478520,61440,99412,1136,0.071487,33.704599,1520,-2200,-420,-3140
6.5378,45.0,471.478520,61440,99412,1136,0.071487,33.704599,680,1940,1620,1520
6.5378,45.0,471.478520,61440,99412,1136,0.071487,33.704599,2620,-1940,420,-3560
6.5378,45.0,471.478520,61440,99412,1136,0.071487,33.704599,-2620,-940,-2200,680
6.5378,45.0,471.478520,61440,99412,1136,0.071487,33.704599,-3560,940,-1620,3140
6.5378,45.0,471.950192,61563,99611,3641,0.127854,60.340699,2930,660,2220,-1150
6.5378,45.0,471.950192,61563,99611,3641,0.127854,60.340699,3590,-660,1810,-2880
6.5378,45.0,471.950192,61563,99611,3641,0.127854,60.340699,-2930,1780,-710,3590
6.5378,45.0,471.950192,61563,99611,3641,0.127854,60.340699,-1150,-1780,-1810,-1070
6.5378,45.0,471.950192,61563,99611,3641,0.127854,60.340699,-1070,2220,710,2880
6.5378,45.0,471.950192,61563,99611,3641,0.127854,60.340699,1150,-2220,-660,-2930
6.5378,45.0,471.950192,61563,99611,3641,0.127854,60.340699,1070,1810,1780,1150
6.5378,45.0,471.950192,61563,99611,3641,0.127854,60.340699,2880,-1810,660,-3590
6.5378,45.0,471.950192,61563,99611,3641,0.127854,60.340699,-2880,-710,-2220,1070
6.5378,45.0,471.950192,61563,99611,3641,0.127854,60.340699,-3590,710,-1780,2930
6.5378,45.0,472.371669,61673,99789,1405,0.079351,37.483330,630,1960,1600,1570
6.5378,45.0,472.371669,61673,99789,1405,0.079351,37.483330,2590,-1960,390,-3560
6.5378,45.0,472.371669,61673,99789,1405,0.079351,37.483330,-3560,970,-1600,3170
6.5378,45.0,472.371669,61673,99789,1405,0.079351,37.483330,3560,-390,1960,-2590
6.5378,45.0,472.371669,61673,99789,1405,0.079351,37.483330,1570,-2200,-390,-3170
6.5378,45.0,472.371669,61673,99789,1405,0.079351,37.483330,3170,390,2200,-1570
6.5378,45.0,472.371669,61673,99789,1405,0.079351,37.483330,-1570,-1600,-1960,-630
6.5378,45.0,472.371669,61673,99789,1405,0.079351,37.483330,-630,2200,970,2590
6.5378,45.0,472.371669,61673,99789,1405,0.079351,37.483330,-2590,-970,-2200,630
6.5378,45.0,472.371669,61673,99789,1405,0.079351,37.483330,-3170,1600,-970,3560
6.5378,45.0,472.371669,61673,99789,1405,0.079351,37.483330,2590,970,2200,-630
6.5378,45.0,472.371669,61673,99789,1405,0.079351,37.483330,3560,-970,1600,-3170
6.5378,45.0,472.371669,61673,99789,1405,0.079351,37.483330,-2590,1960,-390,3560
6.5378,45.0,472.371669,61673,99789,1405,0.079351,37.483330,-630,-1960,-1600,-1570
6.5378,45.0,472.371669,61673,99789,1405,0.079351,37.483330,-1570,2200,390,3170
6.5378,45.0,472.371669,61673,99789,1405,0.079351,37.483330,630,-2200,-970,-2590
6.5378,45.0,472.371669,61673,99789,1405,0.079351,37.483330,1570,1600,1960,630
6.5378,45.0,472.371669,61673,99789,1405,0.079351,37.483330,3170,-1600,970,-3560
6.5378,45.0,472.371669,61673,99789,1405,0.079351,37.483330,-3170,-390,-2200,1570
6.5378,45.0,472.371669,61673,99789,1405,0.079351,37.483330,-3560,390,-1960,2590
6.5378,45.0,472.712376,61762,99933,2101,0.096965,45.836667,340,2040,1470,1830
6.5378,45.0,472.712376,61762,99933,2101,0.096965,45.836667,2380,-2040,210,-3510
6.5378,45.0,472.712376,61762,99933,2101,0.096965,45.836667,-3510,1130,-1470,3300
6.5378,45.0,472.712376,61762,99933,2101,0.096965,45.836667,3510,-210,2040,-2380
6.5378,45.0,472.712376,61762,99933,2101,0.096965,45.836667,1830,-2170,-210,-3300
6.5378,45.0,472.712376,61762,99933,2101,0.096965,45.836667,3300,210,2170,-1830
6.5378,45.0,472.712376,61762,99933,2101,0.096965,45.836667,-1830,-1470,-2040,-340
6.5378,45.0,472.712376,61762,99933,2101,0.096965,45.836667,-340,2170,1130,2380
6.5378,45.0,472.712376,61762,99933,2101,0.096965,45.836667,-2380,-1130,-2170,340
6.5378,45.0,472.712376,61762,99933,2101,0.096965,45.836667,-3300,1470,-1130,3510
6.5378,45.0,472.712376,61762,99933,2101,0.096965,45.836667,2280,1200,2150,-210
6.5378,45.0,472.712376,61762,99933,2101,0.096965,45.836667,3480,-1200,1410,-3350
6.5378,45.0,472.712376,61762,99933,2101,0.096965,45.836667,-2280,2070,-130,3480
6.5378,45.0,472.712376,61762,99933,2101,0.096965,45.836667,-210,-2070,-1410,-1940
6.5378,45.0,472.712376,61762,99933,2101,0.096965,45.836667,-1940,2150,130,3350
6.5378,45.0,472.712376,61762,99933,2101,0.096965,45.836667,210,-2150,-1200,-2280
6.5378,45.0,472.712376,61762,99933,2101,0.096965,45.836667,1940,1410,2070,210
6.5378,45.0,472.712376,61762,99933,2101,0.096965,45.836667,3350,-1410,1200,-3480
6.5378,45.0,472.712376,61762,99933,2101,0.096965,45.836667,-3350,-130,-2150,1940
6.5378,45.0,472.712376,61762,99933,2101,0.096965,45.836667,-3480,130,-2070,2280
6.5378,45.0,475.927504,62605,101297,2501,0.105079,50.009999,3090,520,2230,-1390
6.5378,45.0,475.927504,62605,101297,2501,0.105079,50.009999,3610,-520,1910,-2750
6.5378,45.0,475.927504,62605,101297,2501,0.105079,50.009999,-3090,1700,-860,3610
6.5378,45.0,475.927504,62605,101297,2501,0.105079,50.009999,-1390,-1700,-1910,-840
6.5378,45.0,475.927504,62605,101297,2501,0.105079,50.009999,-840,2230,860,2750
6.5378,45.0,475.927504,62605,101297,2501,0.105079,50.009999,1390,-2230,-520,-3090
6.5378,45.0,475.927504,62605,101297,2501,0.105079,50.009999,840,1910,1700,1390
6.5378,45.0,475.927504,62605,101297,2501,0.105079,50.009999,2750,-1910,520,-3610
6.5378,45.0,475.927504,62605,101297,2501,0.105079,50.009999,-2750,-860,-2230,840
6.5378,45.0,475.927504,62605,101297,2501,0.105079,50.009999,-3610,860,-1700,3090
6.5378,45.0,475.927504,62605,101297,2501,0.105079,50.009999,2490,1070,2200,-470
6.5378,45.0,475.927504,62605,101297,2501,0.105079,50.009999,3560,-1070,1540,-3270
6.5378,45.0,475.927504,62605,101297,2501,0.105079,50.009999,-2490,2020,-290,3560
6.5378,45.0,475.927504,62605,101297,2501,0.105079,50.009999,-470,-2020,-1540,-1730
6.5378,45.0,475.927504,62605,101297,2501,0.105079,50.009999,-1730,2200,290,3270
6.5378,45.0,475.927504,62605,101297,2501,0.105079,50.009999,470,-2200,-1070,-2490
6.5378,45.0,475.927504,62605,101297,2501,0.105079,50.009999,1730,1540,2020,470
6.5378,45.0,475.927504,62605,101297,2501,0.105079,50.009999,3270,-1540,1070,-3560
6.5378,45.0,475.927504,62605,101297,2501,0.105079,50.009999,-3270,-290,-2200,1730
6.5378,45.0,475.927504,62605,101297,2501,0.105079,50.009999,-3560,290,-2020,2490
6.5378,45.0,477.566744,63037,101996,1205,0.072687,34.713110,80,2120,1360,2070
6.5378,45.0,477.566744,63037,101996,1205,0.072687,34.713110,2200,-2120,50,-3480
6.5378,45.0,477.566744,63037,101996,1205,0.072687,34.713110,-3480,1280,-1360,3430
6.5378,45.0,477.566744,63037,101996,1205,0.072687,34.713110,3480,-50,2120,-2200
6.5378,45.0,477.566744,63037,101996,1205,0.072687,34.713110,2070,-2150,-50,-3430
6.5378,45.0,477.566744,63037,101996,1205,0.072687,34.713110,3430,50,2150,-2070
6.5378,45.0,477.566744,63037,101996,1205,0.072687,34.713110,-2070,-1360,-2120,-80
6.5378,45.0,477.566744,63037,101996,1205,0.072687,34.713110,-80,2150,1280,2200
6.5378,45.0,477.566744,63037,101996,1205,0.072687,34.713110,-2200,-1280,-2150,80
6.5378,45.0,477.566744,63037,101996,1205,0.072687,34.713110,-3430,1360,-1280,3480
6.5378,45.0,477.566744,63037,101996,1205,0.072687,34.713110,2200,1280,2150,-80
6.5378,45.0,477.566744,63037,101996,1205,0.072687,34.713110,2070,1360,2120,80
6.5378,45.0,477.566744,63037,101996,1205,0.072687,34.713110,3480,-1280,1360,-3430
6.5378,45.0,477.566744,63037,101996,1205,0.072687,34.713110,3430,-1360,1280,-3480
6.5378,45.0,477.566744,63037,101996,1205,0.072687,34.713110,-2200,2120,-50,3480
6.5378,45.0,477.566744,63037,101996,1205,0.072687,34.713110,-2070,2150,50,3430
6.5378,45.0,477.566744,63037,101996,1205,0.072687,34.713110,-80,-2120,-1360,-2070
6.5378,45.0,477.566744,63037,101996,1205,0.072687,34.713110,80,-2150,-1280,-2200
6.5378,45.0,477.566744,63037,101996,1205,0.072687,34.713110,-3430,-50,-2150,2070
6.5378,45.0,477.566744,63037,101996,1205,0.072687,34.713110,-3480,50,-2120,2200
6.5378,45.0,478.656451,63325,102462,331,0.038009,18.193405,2880,760,2250,-1020
6.5378,45.0,478.656451,63325,102462,331,0.038009,18.193405,3640,-760,1780,-3010
6.5378,45.0,478.656451,63325,102462,331,0.038009,18.193405,-2880,1860,-630,3640
6.5378,45.0,478.656451,63325,102462,331,0.038009,18.193405,-1020,-1860,-1780,-1230
6.5378,45.0,478.656451,63325,102462,331,0.038009,18.193405,-1230,2250,630,3010
6.5378,45.0,478.656451,63325,102462,331,0.038009,18.193405,1020,-2250,-760,-2880
6.5378,45.0,478.656451,63325,102462,331,0.038009,18.193405,1230,1780,1860,1020
6.5378,45.0,478.656451,63325,102462,331,0.038009,18.193405,3010,-1780,760,-3640
6.5378,45.0,478.656451,63325,102462,331,0.038009,18.193405,-3010,-630,-2250,1230
6.5378,45.0,478.656451,63325,102462,331,0.038009,18.193405,-3640,630,-1860,2880
6.5378,45.0,479.121057,63448,102661,2911,0.112610,53.953684,3060,580,2250,-1310
6.5378,45.0,479.121057,63448,102661,2911,0.112610,53.953684,3640,-580,1890,-2830
6.5378,45.0,479.121057,63448,102661,2911,0.112610,53.953684,-3060,1750,-810,3640
6.5378,45.0,479.121057,63448,102661,2911,0.112610,53.953684,-1310,-1750,-1890,-940
6.5378,45.0,479.121057,63448,102661,2911,0.112610,53.953684,-940,2250,810,2830
6.5378,45.0,479.121057,63448,102661,2911,0.112610,53.953684,1310,-2250,-580,-3060
6.5378,45.0,479.121057,63448,102661,2911,0.112610,53.953684,940,1890,1750,1310
6.5378,45.0,479.121057,63448,102661,2911,0.112610,53.953684,2830,-1890,580,-3640
6.5378,45.0,479.121057,63448,102661,2911,0.112610,53.953684,-2830,-810,-2250,940
6.5378,45.0,479.121057,63448,102661,2911,0.112610,53.953684,-3640,810,-1750,3060
6.5378,45.0,479.121057,63448,102661,2911,0.112610,53.953684,2620,990,2230,-630
6.5378,45.0,479.121057,63448,102661,2911,0.112610,53.953684,3610,-990,1620,-3220
6.5378,45.0,479.121057,63448,102661,2911,0.112610,53.953684,-2620,1990,-390,3610
6.5378,45.0,479.121057,63448,102661,2911,0.112610,53.953684,-630,-1990,-1620,-1600
6.5378,45.0,479.121057,63448,102661,2911,0.112610,53.953684,-1600,2230,390,3220
6.5378,45.0,479.121057,63448,102661,2911,0.112610,53.953684,630,-2230,-990,-2620
6.5378,45.0,479.121057,63448,102661,2911,0.112610,53.953684,1600,1620,1990,630
6.5378,45.0,479.121057,63448,102661,2911,0.112610,53.953684,3220,-1620,990,-3610
6.5378,45.0,479.121057,63448,102661,2911,0.112610,53.953684,-3220,-390,-2230,1600
6.5378,45.0,479.121057,63448,102661,2911,0.112610,53.953684,-3610,390,-1990,2620
6.5378,45.0,479.536232,63558,102839,605,0.051293,24.596748,3090,550,2250,-1360
6.5378,45.0,479.536232,63558,102839,605,0.051293,24.596748,3640,-550,1910,-2800
6.5378,45.0,479.536232,63558,102839,605,0.051293,24.596748,-3090,1730,-840,3640
6.5378,45.0,479.536232,63558,102839,605,0.051293,24.596748,-1360,-1730,-1910,-890
6.5378,45.0,479.536232,63558,102839,605,0.051293,24.596748,-890,2250,840,2800
6.5378,45.0,479.536232,63558,102839,605,0.051293,24.596748,1360,-2250,-550,-3090
6.5378,45.0,479.536232,63558,102839,605,0.051293,24.596748,890,1910,1730,1360
6.5378,45.0,479.536232,63558,102839,605,0.051293,24.596748,2800,-1910,550,-3640
6.5378,45.0,479.536232,63558,102839,605,0.051293,24.596748,-2800,-840,-2250,890
6.5378,45.0,479.536232,63558,102839,605,0.051293,24.596748,-3640,840,-1730,3090
6.5378,45.0,479.536232,63558,102839,605,0.051293,24.596748,2800,840,2250,-890
6.5378,45.0,479.536232,63558,102839,605,0.051293,24.596748,3640,-840,1730,-3090
6.5378,45.0,479.536232,63558,102839,605,0.051293,24.596748,-2800,1910,-550,3640
6.5378,45.0,479.536232,63558,102839,605,0.051293,24.596748,-890,-1910,-1730,-1360
6.5378,45.0,479.536232,63558,102839,605,0.051293,24.596748,-1360,2250,550,3090
6.5378,45.0,479.536232,63558,102839,605,0.051293,24.596748,890,-2250,-840,-2800
6.5378,45.0,479.536232,63558,102839,605,0.051293,24.596748,1360,1730,1910,890
6.5378,45.0,479.536232,63558,102839,605,0.051293,24.596748,3090,-1730,840,-3640
6.5378,45.0,479.536232,63558,102839,605,0.051293,24.596748,-3090,-550,-2250,1360
6.5378,45.0,479.536232,63558,102839,605,0.051293,24.596748,-3640,550,-1910,2800
6.5378,45.0,479.536232,63558,102839,605,0.051293,24.596748,340,2070,1490,1860
6.5378,45.0,479.536232,63558,102839,605,0.051293,24.596748,2410,-2070,210,-3560
6.5378,45.0,479.536232,63558,102839,605,0.051293,24.596748,-3560,1150,-1490,3350
6.5378,45.0,479.536232,63558,102839,605,0.051293,24.596748,3560,-210,2070,-2410
6.5378,45.0,479.536232,63558,102839,605,0.051293,24.596748,1860,-2200,-210,-3350
6.5378,45.0,479.536232,63558,102839,605,0.051293,24.596748,3350,210,2200,-1860
6.5378,45.0,479.536232,63558,102839,605,0.051293,24.596748,-1860,-1490,-2070,-340
6.5378,45.0,479.536232,63558,102839,605,0.051293,24.596748,-340,2200,1150,2410
6.5378,45.0,479.536232,63558,102839,605,0.051293,24.596748,-2410,-1150,-2200,340
6.5378,45.0,479.536232,63558,102839,605,0.051293,24.596748,-3350,1490,-1150,3560
6.5378,45.0,479.536232,63558,102839,605,0.051293,24.596748,2410,1150,2200,-340
6.5378,45.0,479.536232,63558,102839,605,0.051293,24.596748,3560,-1150,1490,-3350
6.5378,45.0,479.536232,63558,102839,605,0.051293,24.596748,-2410,2070,-210,3560
6.5378,45.0,479.536232,63558,102839,605,0.051293,24.596748,-340,-2070,-1490,-1860
6.5378,45.0,479.536232,63558,102839,605,0.051293,24.596748,-1860,2200,210,3350
6.5378,45.0,479.536232,63558,102839,605,0.051293,24.596748,340,-2200,-1150,-2410
6.5378,45.0,479.536232,63558,102839,605,0.051293,24.596748,1860,1490,2070,340
6.5378,45.0,479.536232,63558,102839,605,0.051293,24.596748,3350,-1490,1150,-3560
6.5378,45.0,479.536232,63558,102839,605,0.051293,24.596748,-3350,-210,-2200,1860
6.5378,45.0,479.536232,63558,102839,605,0.051293,24.596748,-3560,210,-2070,2410
6.5378,45.0,479.871852,63647,102983,1321,0.075740,36.345564,2250,1260,2170,-130
6.5378,45.0,479.871852,63647,102983,1321,0.075740,36.345564,3510,-1260,1390,-3430
6.5378,45.0,479.871852,63647,102983,1321,0.075740,36.345564,-2250,2120,-80,3510
6.5378,45.0,479.871852,63647,102983,1321,0.075740,36.345564,-130,-2120,-1390,-2040
6.5378,45.0,479.871852,63647,102983,1321,0.075740,36.345564,-2040,2170,80,3430
6.5378,45.0,479.871852,63647,102983,1321,0.075740,36.345564,130,-2170,-1260,-2250
6.5378,45.0,479.871852,63647,102983,1321,0.075740,36.345564,2040,1390,2120,130
6.5378,45.0,479.871852,63647,102983,1321,0.075740,36.345564,3430,-1390,1260,-3510
6.5378,45.0,479.871852,63647,102983,1321,0.075740,36.345564,-3430,-80,-2170,2040
6.5378,45.0,479.871852,63647,102983,1321,0.075740,36.345564,-3510,80,-2120,2250
6.5378,45.0,481.084182,63969,103504,2321,0.100142,48.176758,3170,470,2250,-1490
6.5378,45.0,481.084182,63969,103504,2321,0.100142,48.176758,3640,-470,1960,-2720
6.5378,45.0,481.084182,63969,103504,2321,0.100142,48.176758,-3170,1680,-920,3640
6.5378,45.0,481.084182,63969,103504,2321,0.100142,48.176758,-1490,-1680,-1960,-760
6.5378,45.0,481.084182,63969,103504,2321,0.100142,48.176758,-760,2250,920,2720
6.5378,45.0,481.084182,63969,103504,2321,0.100142,48.176758,1490,-2250,-470,-3170
6.5378,45.0,481.084182,63969,103504,2321,0.100142,48.176758,760,1960,1680,1490
6.5378,45.0,481.084182,63969,103504,2321,0.100142,48.176758,2720,-1960,470,-3640
6.5378,45.0,481.084182,63969,103504,2321,0.100142,48.176758,-2720,-920,-2250,760
6.5378,45.0,481.084182,63969,103504,2321,0.100142,48.176758,-3640,920,-1680,3170
6.5378,45.0,481.084182,63969,103504,2321,0.100142,48.176758,2380,1180,2200,-290
6.5378,45.0,481.084182,63969,103504,2321,0.100142,48.176758,3560,-1180,1470,-3380
6.5378,45.0,481.084182,63969,103504,2321,0.100142,48.176758,-2380,2090,-180,3560
6.5378,45.0,481.084182,63969,103504,2321,0.100142,48.176758,-290,-2090,-1470,-1910
6.5378,45.0,481.084182,63969,103504,2321,0.100142,48.176758,-1910,2200,180,3380
6.5378,45.0,481.084182,63969,103504,2321,0.100142,48.176758,290,-2200,-1180,-2380
6.5378,45.0,481.084182,63969,103504,2321,0.100142,48.176758,1910,1470,2090,290
6.5378,45.0,481.084182,63969,103504,2321,0.100142,48.176758,3380,-1470,1180,-3560
6.5378,45.0,481.084182,63969,103504,2321,0.100142,48.176758,-3380,-180,-2200,1910
6.5378,45.0,481.084182,63969,103504,2321,0.100142,48.176758,-3560,180,-2090,2380
6.5378,45.0,481.959530,64202,103881,2605,0.105899,51.039201,500,2040,1570,1730
6.5378,45.0,481.959530,64202,103881,2605,0.105899,51.039201,2540,-2040,310,-3610
6.5378,45.0,481.959530,64202,103881,2605,0.105899,51.039201,-3610,1070,-1570,3300
6.5378,45.0,481.959530,64202,103881,2605,0.105899,51.039201,3610,-310,2040,-2540
6.5378,45.0,481.959530,64202,103881,2605,0.105899,51.039201,1730,-2230,-310,-3300
6.5378,45.0,481.959530,64202,103881,2605,0.105899,51.039201,3300,310,2230,-1730
6.5378,45.0,481.959530,64202,103881,2605,0.105899,51.039201,-1730,-1570,-2040,-500
6.5378,45.0,481.959530,64202,103881,2605,0.105899,51.039201,-500,2230,1070,2540
6.5378,45.0,481.959530,64202,103881,2605,0.105899,51.039201,-2540,-1070,-2230,500
6.5378,45.0,481.959530,64202,103881,2605,0.105899,51.039201,-3300,1570,-1070,3610
6.5378,45.0,482.293464,64291,104025,3331,0.119667,57.714816,2460,1130,2220,-390
6.5378,45.0,482.293464,64291,104025,3331,0.119667,57.714816,3590,-1130,1520,-3350
6.5378,45.0,482.293464,64291,104025,3331,0.119667,57.714816,-2460,2070,-240,3590
6.5378,45.0,482.293464,64291,104025,3331,0.119667,57.714816,-390,-2070,-1520,-1830
6.5378,45.0,482.293464,64291,104025,3331,0.119667,57.714816,-1830,2220,240,3350
6.5378,45.0,482.293464,64291,104025,3331,0.119667,57.714816,390,-2220,-1130,-2460
6.5378,45.0,482.293464,64291,104025,3331,0.119667,57.714816,1830,1520,2070,390
6.5378,45.0,482.293464,64291,104025,3331,0.119667,57.714816,3350,-1520,1130,-3590
6.5378,45.0,482.293464,64291,104025,3331,0.119667,57.714816,-3350,-240,-2220,1830
6.5378,45.0,482.293464,64291,104025,3331,0.119667,57.714816,-3590,240,-2070,2460
6.5378,45.0,483.039328,64490,104347,1721,0.085883,41.484937,50,2150,1360,2120
6.5378,45.0,483.039328,64490,104347,1721,0.085883,41.484937,2200,-2150,30,-3510
6.5378,45.0,483.039328,64490,104347,1721,0.085883,41.484937,-3510,1310,-1360,3480
6.5378,45.0,483.039328,64490,104347,1721,0.085883,41.484937,3510,-30,2150,-2200
6.5378,45.0,483.039328,64490,104347,1721,0.085883,41.484937,2120,-2170,-30,-3480
6.5378,45.0,483.039328,64490,104347,1721,0.085883,41.484937,3480,30,2170,-2120
6.5378,45.0,483.039328,64490,104347,1721,0.085883,41.484937,-2120,-1360,-2150,-50
6.5378,45.0,483.039328,64490,104347,1721,0.085883,41.484937,-50,2170,1310,2200
6.5378,45.0,483.039328,64490,104347,1721,0.085883,41.484937,-2200,-1310,-2170,50
6.5378,45.0,483.039328,64490,104347,1721,0.085883,41.484937,-3480,1360,-1310,3510
6.5378,45.0,483.784042,64689,104669,101,0.020773,10.049876,210,2120,1440,1990
6.5378,45.0,483.784042,64689,104669,101,0.020773,10.049876,2330,-2120,130,-3560
6.5378,45.0,483.784042,64689,104669,101,0.020773,10.049876,-3560,1230,-1440,3430
6.5378,45.0,483.784042,64689,104669,101,0.020773,10.049876,3560,-130,2120,-2330
6.5378,45.0,483.784042,64689,104669,101,0.020773,10.049876,1990,-2200,-130,-3430
6.5378,45.0,483.784042,64689,104669,101,0.020773,10.049876,3430,130,2200,-1990
6.5378,45.0,483.784042,64689,104669,101,0.020773,10.049876,-1990,-1440,-2120,-210
6.5378,45.0,483.784042,64689,104669,101,0.020773,10.049876,-210,2200,1230,2330
6.5378,45.0,483.784042,64689,104669,101,0.020773,10.049876,-2330,-1230,-2200,210
6.5378,45.0,483.784042,64689,104669,101,0.020773,10.049876,-3430,1440,-1230,3560
6.5378,45.0,483.911140,64723,104724,2005,0.092532,44.777226,600,2020,1620,1650
6.5378,45.0,483.911140,64723,104724,2005,0.092532,44.777226,2620,-2020,370,-3640
6.5378,45.0,483.911140,64723,104724,2005,0.092532,44.777226,-3640,1020,-1620,3270
6.5378,45.0,483.911140,64723,104724,2005,0.092532,44.777226,3640,-370,2020,-2620
6.5378,45.0,483.911140,64723,104724,2005,0.092532,44.777226,1650,-2250,-370,-3270
6.5378,45.0,483.911140,64723,104724,2005,0.092532,44.777226,3270,370,2250,-1650
6.5378,45.0,483.911140,64723,104724,2005,0.092532,44.777226,-1650,-1620,-2020,-600
6.5378,45.0,483.911140,64723,104724,2005,0.092532,44.777226,-600,2250,1020,2620
6.5378,45.0,483.911140,64723,104724,2005,0.092532,44.777226,-2620,-1020,-2250,600
6.5378,45.0,483.911140,64723,104724,2005,0.092532,44.777226,-3270,1620,-1020,3640
6.5378,45.0,483.911140,64723,104724,2005,0.092532,44.777226,2620,1020,2250,-600
6.5378,45.0,483.911140,64723,104724,2005,0.092532,44.777226,3640,-1020,1620,-3270
6.5378,45.0,483.911140,64723,104724,2005,0.092532,44.777226,-2620,2020,-370,3640
6.5378,45.0,483.911140,64723,104724,2005,0.092532,44.777226,-600,-2020,-1620,-1650
6.5378,45.0,483.911140,64723,104724,2005,0.092532,44.777226,-1650,2250,370,3270
6.5378,45.0,483.911140,64723,104724,2005,0.092532,44.777226,600,-2250,-1020,-2620
6.5378,45.0,483.911140,64723,104724,2005,0.092532,44.777226,1650,1620,2020,600
6.5378,45.0,483.911140,64723,104724,2005,0.092532,44.777226,3270,-1620,1020,-3640
6.5378,45.0,483.911140,64723,104724,2005,0.092532,44.777226,-3270,-370,-2250,1650
6.5378,45.0,483.911140,64723,104724,2005,0.092532,44.777226,-3640,370,-2020,2620
6.5378,45.0,484.986593,65011,105190,1111,0.068727,33.331667,3010,680,2280,-1180
6.5378,45.0,484.986593,65011,105190,1111,0.068727,33.331667,3690,-680,1860,-2960
6.5378,45.0,484.986593,65011,105190,1111,0.068727,33.331667,-3010,1830,-730,3690
6.5378,45.0,484.986593,65011,105190,1111,0.068727,33.331667,-1180,-1830,-1860,-1100
6.5378,45.0,484.986593,65011,105190,1111,0.068727,33.331667,-1100,2280,730,2960
6.5378,45.0,484.986593,65011,105190,1111,0.068727,33.331667,1180,-2280,-680,-3010
6.5378,45.0,484.986593,65011,105190,1111,0.068727,33.331667,1100,1860,1830,1180
6.5378,45.0,484.986593,65011,105190,1111,0.068727,33.331667,2960,-1860,680,-3690
6.5378,45.0,484.986593,65011,105190,1111,0.068727,33.331667,-2960,-730,-2280,1100
6.5378,45.0,484.986593,65011,105190,1111,0.068727,33.331667,-3690,730,-1830,3010
6.5378,45.0,484.986593,65011,105190,1111,0.068727,33.331667,2590,1050,2250,-550
6.5378,45.0,484.986593,65011,105190,1111,0.068727,33.331667,3640,-1050,1600,-3300
6.5378,45.0,484.986593,65011,105190,1111,0.068727,33.331667,-2590,2040,-340,3640
6.5378,45.0,484.986593,65011,105190,1111,0.068727,33.331667,-550,-2040,-1600,-1700
6.5378,45.0,484.986593,65011,105190,1111,0.068727,33.331667,-1700,2250,340,3300
6.5378,45.0,484.986593,65011,105190,1111,0.068727,33.331667,550,-2250,-1050,-2590
6.5378,45.0,484.986593,65011,105190,1111,0.068727,33.331667,1700,1600,2040,550
6.5378,45.0,484.986593,65011,105190,1111,0.068727,33.331667,3300,-1600,1050,-3640
6.5378,45.0,484.986593,65011,105190,1111,0.068727,33.331667,-3300,-340,-2250,1700
6.5378,45.0,484.986593,65011,105190,1111,0.068727,33.331667,-3640,340,-2040,2590
6.5378,45.0,485.113376,65045,105245,3025,0.113376,55.000000,2170,1340,2170,0
6.5378,45.0,485.113376,65045,105245,3025,0.113376,55.000000,3510,-1340,1340,-3510
6.5378,45.0,485.113376,65045,105245,3025,0.113376,55.000000,-2170,2170,0,3510
6.5378,45.0,485.113376,65045,105245,3025,0.113376,55.000000,0,-2170,-1340,-2170
6.5378,45.0,485.113376,65045,105245,3025,0.113376,55.000000,-3510,0,-2170,2170
6.5378,45.0,486.186169,65333,105711,2131,0.094949,46.162756,2830,860,2280,-890
6.5378,45.0,486.186169,65333,105711,2131,0.094949,46.162756,3690,-860,1750,-3140
6.5378,45.0,486.186169,65333,105711,2131,0.094949,46.162756,-2830,1940,-550,3690
6.5378,45.0,486.186169,65333,105711,2131,0.094949,46.162756,-890,-1940,-1750,-1390
6.5378,45.0,486.186169,65333,105711,2131,0.094949,46.162756,-1390,2280,550,3140
6.5378,45.0,486.186169,65333,105711,2131,0.094949,46.162756,890,-2280,-860,-2830
6.5378,45.0,486.186169,65333,105711,2131,0.094949,46.162756,1390,1750,1940,890
6.5378,45.0,486.186169,65333,105711,2131,0.094949,46.162756,3140,-1750,860,-3690
6.5378,45.0,486.186169,65333,105711,2131,0.094949,46.162756,-3140,-550,-2280,1390
6.5378,45.0,486.186169,65333,105711,2131,0.094949,46.162756,-3690,550,-1940,2830
6.5378,45.0,486.926070,65532,106033,491,0.045507,22.158520,470,2070,1570,1780
6.5378,45.0,486.926070,65532,106033,491,0.045507,22.158520,2540,-2070,290,-3640
6.5378,45.0,486.926070,65532,106033,491,0.045507,22.158520,-3640,1100,-1570,3350
6.5378,45.0,486.926070,65532,106033,491,0.045507,22.158520,3640,-290,2070,-2540
6.5378,45.0,486.926070,65532,106033,491,0.045507,22.158520,1780,-2250,-290,-3350
6.5378,45.0,486.926070,65532,106033,491,0.045507,22.158520,3350,290,2250,-1780
6.5378,45.0,486.926070,65532,106033,491,0.045507,22.158520,-1780,-1570,-2070,-470
6.5378,45.0,486.926070,65532,106033,491,0.045507,22.158520,-470,2250,1100,2540
6.5378,45.0,486.926070,65532,106033,491,0.045507,22.158520,-2540,-1100,-2250,470
6.5378,45.0,486.926070,65532,106033,491,0.045507,22.158520,-3350,1570,-1100,3640
6.5378,45.0,487.790935,65765,106410,775,0.057071,27.838822,3220,470,2280,-1520
6.5378,45.0,487.790935,65765,106410,775,0.057071,27.838822,3690,-470,1990,-2750
6.5378,45.0,487.790935,65765,106410,775,0.057071,27.838822,-3220,1700,-940,3690
6.5378,45.0,487.790935,65765,106410,775,0.057071,27.838822,-1520,-1700,-1990,-760
6.5378,45.0,487.790935,65765,106410,775,0.057071,27.838822,-760,2280,940,2750
6.5378,45.0,487.790935,65765,106410,775,0.057071,27.838822,1520,-2280,-470,-3220
6.5378,45.0,487.790935,65765,106410,775,0.057071,27.838822,760,1990,1700,1520
6.5378,45.0,487.790935,65765,106410,775,0.057071,27.838822,2750,-1990,470,-3690
6.5378,45.0,487.790935,65765,106410,775,0.057071,27.838822,-2750,-940,-2280,760
6.5378,45.0,487.790935,65765,106410,775,0.057071,27.838822,-3690,940,-1700,3220
6.5378,45.0,487.790935,65765,106410,775,0.057071,27.838822,2750,940,2280,-760
6.5378,45.0,487.790935,65765,106410,775,0.057071,27.838822,3690,-940,1700,-3220
6.5378,45.0,487.790935,65765,106410,775,0.057071,27.838822,-2750,1990,-470,3690
6.5378,45.0,487.790935,65765,106410,775,0.057071,27.838822,-760,-1990,-1700,-1520
6.5378,45.0,487.790935,65765,106410,775,0.057071,27.838822,-1520,2280,470,3220
6.5378,45.0,487.790935,65765,106410,775,0.057071,27.838822,760,-2280,-940,-2750
6.5378,45.0,487.790935,65765,106410,775,0.057071,27.838822,1520,1700,1990,760
6.5378,45.0,487.790935,65765,106410,775,0.057071,27.838822,3220,-1700,940,-3690
6.5378,45.0,487.790935,65765,106410,775,0.057071,27.838822,-3220,-470,-2280,1520
6.5378,45.0,487.790935,65765,106410,775,0.057071,27.838822,-3690,470,-1990,2750
6.5378,45.0,488.983632,66087,106931,1805,0.086885,42.485292,3010,710,2300,-1150
6.5378,45.0,488.983632,66087,106931,1805,0.086885,42.485292,3720,-710,1860,-3010
6.5378,45.0,488.983632,66087,106931,1805,0.086885,42.485292,-3010,1860,-710,3720
6.5378,45.0,488.983632,66087,106931,1805,0.086885,42.485292,-1150,-1860,-1860,-1150
6.5378,45.0,488.983632,66087,106931,1805,0.086885,42.485292,-1150,2300,710,3010
6.5378,45.0,488.983632,66087,106931,1805,0.086885,42.485292,1150,-2300,-710,-3010
6.5378,45.0,488.983632,66087,106931,1805,0.086885,42.485292,1150,1860,1860,1150
6.5378,45.0,488.983632,66087,106931,1805,0.086885,42.485292,3010,-1860,710,-3720
6.5378,45.0,488.983632,66087,106931,1805,0.086885,42.485292,-3010,-710,-2300,1150
6.5378,45.0,488.983632,66087,106931,1805,0.086885,42.485292,-3720,710,-1860,3010
6.5378,45.0,489.312773,66176,107075,2551,0.103221,50.507425,3090,630,2300,-1280
6.5378,45.0,489.312773,66176,107075,2551,0.103221,50.507425,3720,-630,1910,-2930
6.5378,45.0,489.312773,66176,107075,2551,0.103221,50.507425,-3090,1810,-790,3720
6.5378,45.0,489.312773,66176,107075,2551,0.103221,50.507425,-1280,-1810,-1910,-1020
6.5378,45.0,489.312773,66176,107075,2551,0.103221,50.507425,-1020,2300,790,2930
6.5378,45.0,489.312773,66176,107075,2551,0.103221,50.507425,1280,-2300,-630,-3090
6.5378,45.0,489.312773,66176,107075,2551,0.103221,50.507425,1020,1910,1810,1280
6.5378,45.0,489.312773,66176,107075,2551,0.103221,50.507425,2930,-1910,630,-3720
6.5378,45.0,489.312773,66176,107075,2551,0.103221,50.507425,-2930,-790,-2300,1020
6.5378,45.0,489.312773,66176,107075,2551,0.103221,50.507425,-3720,790,-1810,3090
6.5378,45.0,490.047953,66375,107397,891,0.060912,29.849623,630,2040,1650,1650
6.5378,45.0,490.047953,66375,107397,891,0.060912,29.849623,2670,-2040,390,-3690
6.5378,45.0,490.047953,66375,107397,891,0.060912,29.849623,-3690,1020,-1650,3300
6.5378,45.0,490.047953,66375,107397,891,0.060912,29.849623,3690,-390,2040,-2670
6.5378,45.0,490.047953,66375,107397,891,0.060912,29.849623,1650,-2280,-390,-3300
6.5378,45.0,490.047953,66375,107397,891,0.060912,29.849623,3300,390,2280,-1650
6.5378,45.0,490.047953,66375,107397,891,0.060912,29.849623,-1650,-1650,-2040,-630
6.5378,45.0,490.047953,66375,107397,891,0.060912,29.849623,-630,2280,1020,2670
6.5378,45.0,490.047953,66375,107397,891,0.060912,29.849623,-2670,-1020,-2280,630
6.5378,45.0,490.047953,66375,107397,891,0.060912,29.849623,-3300,1650,-1020,3690
6.5378,45.0,491.235170,66697,107918,1931,0.089454,43.943145,2800,920,2300,-810
6.5378,45.0,491.235170,66697,107918,1931,0.089454,43.943145,3720,-920,1730,-3220
6.5378,45.0,491.235170,66697,107918,1931,0.089454,43.943145,-2800,1990,-500,3720
6.5378,45.0,491.235170,66697,107918,1931,0.089454,43.943145,-810,-1990,-1730,-1490
6.5378,45.0,491.235170,66697,107918,1931,0.089454,43.943145,-1490,2300,500,3220
6.5378,45.0,491.235170,66697,107918,1931,0.089454,43.943145,810,-2300,-920,-2800
6.5378,45.0,491.235170,66697,107918,1931,0.089454,43.943145,1490,1730,1990,810
6.5378,45.0,491.235170,66697,107918,1931,0.089454,43.943145,3220,-1730,920,-3720
6.5378,45.0,491.235170,66697,107918,1931,0.089454,43.943145,-3220,-500,-2300,1490
6.5378,45.0,491.235170,66697,107918,1931,0.089454,43.943145,-3720,500,-1990,2800
6.5378,45.0,491.967478,66896,108240,256,0.032522,16.000000,2200,1360,2200,0
6.5378,45.0,491.967478,66896,108240,256,0.032522,16.000000,3560,-1360,1360,-3560
6.5378,45.0,491.967478,66896,108240,256,0.032522,16.000000,-2200,2200,0,3560
6.5378,45.0,491.967478,66896,108240,256,0.032522,16.000000,0,-2200,-1360,-2200
6.5378,45.0,491.967478,66896,108240,256,0.032522,16.000000,-3560,0,-2200,2200
6.5378,45.0,492.419524,67019,108439,2981,0.110878,54.598535,3270,450,2300,-1570
6.5378,45.0,492.419524,67019,108439,2981,0.110878,54.598535,3720,-450,2020,-2750
6.5378,45.0,492.419524,67019,108439,2981,0.110878,54.598535,-3270,1700,-970,3720
6.5378,45.0,492.419524,67019,108439,2981,0.110878,54.598535,-1570,-1700,-2020,-730
6.5378,45.0,492.419524,67019,108439,2981,0.110878,54.598535,-730,2300,970,2750
6.5378,45.0,492.419524,67019,108439,2981,0.110878,54.598535,1570,-2300,-450,-3270
6.5378,45.0,492.419524,67019,108439,2981,0.110878,54.598535,730,2020,1700,1570
6.5378,45.0,492.419524,67019,108439,2981,0.110878,54.598535,2750,-2020,450,-3720
6.5378,45.0,492.419524,67019,108439,2981,0.110878,54.598535,-2750,-970,-2300,730
6.5378,45.0,492.419524,67019,108439,2981,0.110878,54.598535,-3720,970,-1700,3270
6.5378,45.0,492.419524,67019,108439,2981,0.110878,54.598535,2330,1280,2230,-160
6.5378,45.0,492.419524,67019,108439,2981,0.110878,54.598535,3610,-1280,1440,-3510
6.5378,45.0,492.419524,67019,108439,2981,0.110878,54.598535,-2330,2170,-100,3610
6.5378,45.0,492.419524,67019,108439,2981,0.110878,54.598535,-160,-2170,-1440,-2070
6.5378,45.0,492.419524,67019,108439,2981,0.110878,54.598535,-2070,2230,100,3510
6.5378,45.0,492.419524,67019,108439,2981,0.110878,54.598535,160,-2230,-1280,-2330
6.5378,45.0,492.419524,67019,108439,2981,0.110878,54.598535,2070,1440,2170,160
6.5378,45.0,492.419524,67019,108439,2981,0.110878,54.598535,3510,-1440,1280,-3610
6.5378,45.0,492.419524,67019,108439,2981,0.110878,54.598535,-3510,-100,-2230,2070
6.5378,45.0,492.419524,67019,108439,2981,0.110878,54.598535,-3610,100,-2170,2330
6.5378,45.0,493.150073,67218,108761,1301,0.073141,36.069378,2410,1230,2250,-260
6.5378,45.0,493.150073,67218,108761,1301,0.073141,36.069378,3640,-1230,1490,-3480
6.5378,45.0,493.150073,67218,108761,1301,0.073141,36.069378,-2410,2150,-160,3640
6.5378,45.0,493.150073,67218,108761,1301,0.073141,36.069378,-260,-2150,-1490,-1990
6.5378,45.0,493.150073,67218,108761,1301,0.073141,36.069378,-1990,2250,160,3480
6.5378,45.0,493.150073,67218,108761,1301,0.073141,36.069378,260,-2250,-1230,-2410
6.5378,45.0,493.150073,67218,108761,1301,0.073141,36.069378,1990,1490,2150,260
6.5378,45.0,493.150073,67218,108761,1301,0.073141,36.069378,3480,-1490,1230,-3640
6.5378,45.0,493.150073,67218,108761,1301,0.073141,36.069378,-3480,-160,-2250,1990
6.5378,45.0,493.150073,67218,108761,1301,0.073141,36.069378,-3640,160,-2150,2410
6.5378,45.0,495.057570,67739,109604,661,0.051933,25.709920,2540,1150,2280,-420
6.5378,45.0,495.057570,67739,109604,661,0.051933,25.709920,3690,-1150,1570,-3430
6.5378,45.0,495.057570,67739,109604,661,0.051933,25.709920,-2540,2120,-260,3690
6.5378,45.0,495.057570,67739,109604,661,0.051933,25.709920,-420,-2120,-1570,-1860
6.5378,45.0,495.057570,67739,109604,661,0.051933,25.709920,-1860,2280,260,3430
6.5378,45.0,495.057570,67739,109604,661,0.051933,25.709920,420,-2280,-1150,-2540
6.5378,45.0,495.057570,67739,109604,661,0.051933,25.709920,1860,1570,2120,420
6.5378,45.0,495.057570,67739,109604,661,0.051933,25.709920,3430,-1570,1150,-3690
6.5378,45.0,495.057570,67739,109604,661,0.051933,25.709920,-3430,-260,-2280,1860
6.5378,45.0,495.057570,67739,109604,661,0.051933,25.709920,-3690,260,-2120,2540
6.5378,45.0,495.506797,67862,109803,3421,0.118039,58.489315,3040,730,2330,-1150
6.5378,45.0,495.506797,67862,109803,3421,0.118039,58.489315,3770,-730,1880,-3060
6.5378,45.0,495.506797,67862,109803,3421,0.118039,58.489315,-3040,1890,-710,3770
6.5378,45.0,495.506797,67862,109803,3421,0.118039,58.489315,-1150,-1890,-1880,-1180
6.5378,45.0,495.506797,67862,109803,3421,0.118039,58.489315,-1180,2330,710,3060
6.5378,45.0,495.506797,67862,109803,3421,0.118039,58.489315,1150,-2330,-730,-3040
6.5378,45.0,495.506797,67862,109803,3421,0.118039,58.489315,1180,1880,1890,1150
6.5378,45.0,495.506797,67862,109803,3421,0.118039,58.489315,3060,-1880,730,-3770
6.5378,45.0,495.506797,67862,109803,3421,0.118039,58.489315,-3060,-710,-2330,1180
6.5378,45.0,495.506797,67862,109803,3421,0.118039,58.489315,-3770,710,-1890,3040
6.5378,45.0,495.506797,67862,109803,3421,0.118039,58.489315,80,2200,1410,2150
6.5378,45.0,495.506797,67862,109803,3421,0.118039,58.489315,2280,-2200,50,-3610
6.5378,45.0,495.506797,67862,109803,3421,0.118039,58.489315,-3610,1330,-1410,3560
6.5378,45.0,495.506797,67862,109803,3421,0.118039,58.489315,3610,-50,2200,-2280
6.5378,45.0,495.506797,67862,109803,3421,0.118039,58.489315,2150,-2230,-50,-3560
6.5378,45.0,495.506797,67862,109803,3421,0.118039,58.489315,3560,50,2230,-2150
6.5378,45.0,495.506797,67862,109803,3421,0.118039,58.489315,-2150,-1410,-2200,-80
6.5378,45.0,495.506797,67862,109803,3421,0.118039,58.489315,-80,2230,1330,2280
6.5378,45.0,495.506797,67862,109803,3421,0.118039,58.489315,-2280,-1330,-2230,80
6.5378,45.0,495.506797,67862,109803,3421,0.118039,58.489315,-3560,1410,-1330,3610
6.5378,45.0,495.908254,67972,109981,955,0.062316,30.903074,3140,630,2330,-1310
6.5378,45.0,495.908254,67972,109981,955,0.062316,30.903074,2960,810,2330,-1020
6.5378,45.0,495.908254,67972,109981,955,0.062316,30.903074,3770,-810,1830,-3140
6.5378,45.0,495.908254,67972,109981,955,0.062316,30.903074,3770,-630,1940,-2960
6.5378,45.0,495.908254,67972,109981,955,0.062316,30.903074,-2960,1940,-630,3770
6.5378,45.0,495.908254,67972,109981,955,0.062316,30.903074,-3140,1830,-810,3770
6.5378,45.0,495.908254,67972,109981,955,0.062316,30.903074,-1310,-1830,-1940,-1020
6.5378,45.0,495.908254,67972,109981,955,0.062316,30.903074,-1020,-1940,-1830,-1310
6.5378,45.0,495.908254,67972,109981,955,0.062316,30.903074,-1020,2330,810,2960
6.5378,45.0,495.908254,67972,109981,955,0.062316,30.903074,-1310,2330,630,3140
6.5378,45.0,495.908254,67972,109981,955,0.062316,30.903074,1020,-2330,-810,-2960
6.5378,45.0,495.908254,67972,109981,955,0.062316,30.903074,1310,-2330,-630,-3140
6.5378,45.0,495.908254,67972,109981,955,0.062316,30.903074,1020,1940,1830,1310
6.5378,45.0,495.908254,67972,109981,955,0.062316,30.903074,1310,1830,1940,1020
6.5378,45.0,495.908254,67972,109981,955,0.062316,30.903074,2960,-1940,630,-3770
6.5378,45.0,495.908254,67972,109981,955,0.062316,30.903074,3140,-1830,810,-3770
6.5378,45.0,495.908254,67972,109981,955,0.062316,30.903074,-2960,-810,-2330,1020
6.5378,45.0,495.908254,67972,109981,955,0.062316,30.903074,-3140,-630,-2330,1310
6.5378,45.0,495.908254,67972,109981,955,0.062316,30.903074,-3770,810,-1830,3140
6.5378,45.0,495.908254,67972,109981,955,0.062316,30.903074,-3770,630,-1940,2960
6.5378,45.0,496.232801,68061,110125,1721,0.083600,41.484937,2930,840,2330,-970
6.5378,45.0,496.232801,68061,110125,1721,0.083600,41.484937,3770,-840,1810,-3170
6.5378,45.0,496.232801,68061,110125,1721,0.083600,41.484937,-2930,1960,-600,3770
6.5378,45.0,496.232801,68061,110125,1721,0.083600,41.484937,-970,-1960,-1810,-1360
6.5378,45.0,496.232801,68061,110125,1721,0.083600,41.484937,-1360,2330,600,3170
6.5378,45.0,496.232801,68061,110125,1721,0.083600,41.484937,970,-2330,-840,-2930
6.5378,45.0,496.232801,68061,110125,1721,0.083600,41.484937,1360,1810,1960,970
6.5378,45.0,496.232801,68061,110125,1721,0.083600,41.484937,3170,-1810,840,-3770
6.5378,45.0,496.232801,68061,110125,1721,0.083600,41.484937,-3170,-600,-2330,1360
6.5378,45.0,496.232801,68061,110125,1721,0.083600,41.484937,-3770,600,-1960,2930
6.5378,45.0,496.680966,68184,110324,4496,0.135001,67.052218,2620,1100,2300,-520
6.5378,45.0,496.680966,68184,110324,4496,0.135001,67.052218,3720,-1100,1620,-3400
6.5378,45.0,496.680966,68184,110324,4496,0.135001,67.052218,-2620,2100,-320,3720
6.5378,45.0,496.680966,68184,110324,4496,0.135001,67.052218,-520,-2100,-1620,-1780
6.5378,45.0,496.680966,68184,110324,4496,0.135001,67.052218,-1780,2300,320,3400
6.5378,45.0,496.680966,68184,110324,4496,0.135001,67.052218,520,-2300,-1100,-2620
6.5378,45.0,496.680966,68184,110324,4496,0.135001,67.052218,1780,1620,2100,520
6.5378,45.0,496.680966,68184,110324,4496,0.135001,67.052218,3400,-1620,1100,-3720
6.5378,45.0,496.680966,68184,110324,4496,0.135001,67.052218,-3400,-320,-2300,1780
6.5378,45.0,496.680966,68184,110324,4496,0.135001,67.052218,-3720,320,-2100,2620
6.5378,45.0,497.405256,68383,110646,2791,0.106211,52.829916,340,2150,1540,1940
6.5378,45.0,497.405256,68383,110646,2791,0.106211,52.829916,2490,-2150,210,-3690
6.5378,45.0,497.405256,68383,110646,2791,0.106211,52.829916,-3690,1200,-1540,3480
6.5378,45.0,497.405256,68383,110646,2791,0.106211,52.829916,3690,-210,2150,-2490
6.5378,45.0,497.405256,68383,110646,2791,0.106211,52.829916,1940,-2280,-210,-3480
6.5378,45.0,497.405256,68383,110646,2791,0.106211,52.829916,3480,210,2280,-1940
6.5378,45.0,497.405256,68383,110646,2791,0.106211,52.829916,-1940,-1540,-2150,-340
6.5378,45.0,497.405256,68383,110646,2791,0.106211,52.829916,-340,2280,1200,2490
6.5378,45.0,497.405256,68383,110646,2791,0.106211,52.829916,-2490,-1200,-2280,340
6.5378,45.0,497.405256,68383,110646,2791,0.106211,52.829916,-3480,1540,-1200,3690
6.5378,45.0,497.805182,68493,110824,305,0.035082,17.464249,130,2200,1440,2120
6.5378,45.0,497.805182,68493,110824,305,0.035082,17.464249,2330,-2200,80,-3640
6.5378,45.0,497.805182,68493,110824,305,0.035082,17.464249,-3640,1310,-1440,3560
6.5378,45.0,497.805182,68493,110824,305,0.035082,17.464249,3640,-80,2200,-2330
6.5378,45.0,497.805182,68493,110824,305,0.035082,17.464249,2120,-2250,-80,-3560
6.5378,45.0,497.805182,68493,110824,305,0.035082,17.464249,3560,80,2250,-2120
6.5378,45.0,497.805182,68493,110824,305,0.035082,17.464249,-2120,-1440,-2200,-130
6.5378,45.0,497.805182,68493,110824,305,0.035082,17.464249,-130,2250,1310,2330
6.5378,45.0,497.805182,68493,110824,305,0.035082,17.464249,-2330,-1310,-2250,130
6.5378,45.0,497.805182,68493,110824,305,0.035082,17.464249,-3560,1440,-1310,3640
6.5378,45.0,497.805182,68493,110824,305,0.035082,17.464249,2330,1310,2250,-130
6.5378,45.0,497.805182,68493,110824,305,0.035082,17.464249,3640,-1310,1440,-3560
6.5378,45.0,497.805182,68493,110824,305,0.035082,17.464249,-2330,2200,-80,3640
6.5378,45.0,497.805182,68493,110824,305,0.035082,17.464249,-130,-2200,-1440,-2120
6.5378,45.0,497.805182,68493,110824,305,0.035082,17.464249,-2120,2250,80,3560
6.5378,45.0,497.805182,68493,110824,305,0.035082,17.464249,130,-2250,-1310,-2330
6.5378,45.0,497.805182,68493,110824,305,0.035082,17.464249,2120,1440,2200,130
6.5378,45.0,497.805182,68493,110824,305,0.035082,17.464249,3560,-1440,1310,-3640
6.5378,45.0,497.805182,68493,110824,305,0.035082,17.464249,-3560,-80,-2250,2120
6.5378,45.0,497.805182,68493,110824,305,0.035082,17.464249,-3640,80,-2200,2330
6.5378,45.0,498.973942,68815,111345,1375,0.074314,37.080992,290,2170,1520,1990
6.5378,45.0,498.973942,68815,111345,1375,0.074314,37.080992,2460,-2170,180,-3690
6.5378,45.0,498.973942,68815,111345,1375,0.074314,37.080992,-3690,1230,-1520,3510
6.5378,45.0,498.973942,68815,111345,1375,0.074314,37.080992,3690,-180,2170,-2460
6.5378,45.0,498.973942,68815,111345,1375,0.074314,37.080992,1990,-2280,-180,-3510
6.5378,45.0,498.973942,68815,111345,1375,0.074314,37.080992,3510,180,2280,-1990
6.5378,45.0,498.973942,68815,111345,1375,0.074314,37.080992,-1990,-1520,-2170,-290
6.5378,45.0,498.973942,68815,111345,1375,0.074314,37.080992,-290,2280,1230,2460
6.5378,45.0,498.973942,68815,111345,1375,0.074314,37.080992,-2460,-1230,-2280,290
6.5378,45.0,498.973942,68815,111345,1375,0.074314,37.080992,-3510,1520,-1230,3690
6.5378,45.0,498.973942,68815,111345,1375,0.074314,37.080992,2460,1230,2280,-290
6.5378,45.0,498.973942,68815,111345,1375,0.074314,37.080992,3690,-1230,1520,-3510
6.5378,45.0,498.973942,68815,111345,1375,0.074314,37.080992,-2460,2170,-180,3690
6.5378,45.0,498.973942,68815,111345,1375,0.074314,37.080992,-290,-2170,-1520,-1990
6.5378,45.0,498.973942,68815,111345,1375,0.074314,37.080992,-1990,2280,180,3510
6.5378,45.0,498.973942,68815,111345,1375,0.074314,37.080992,290,-2280,-1230,-2460
6.5378,45.0,498.973942,68815,111345,1375,0.074314,37.080992,1990,1520,2170,290
6.5378,45.0,498.973942,68815,111345,1375,0.074314,37.080992,3510,-1520,1230,-3690
6.5378,45.0,498.973942,68815,111345,1375,0.074314,37.080992,-3510,-180,-2280,1990
6.5378,45.0,498.973942,68815,111345,1375,0.074314,37.080992,-3690,180,-2170,2460
6.5378,45.0,500.016998,69103,111811,421,0.041035,20.518285,2750,1020,2330,-680
6.5378,45.0,500.016998,69103,111811,421,0.041035,20.518285,3770,-1020,1700,-3350
6.5378,45.0,500.016998,69103,111811,421,0.041035,20.518285,-2750,2070,-420,3770
6.5378,45.0,500.016998,69103,111811,421,0.041035,20.518285,-680,-2070,-1700,-1650
6.5378,45.0,500.016998,69103,111811,421,0.041035,20.518285,-1650,2330,420,3350
6.5378,45.0,500.016998,69103,111811,421,0.041035,20.518285,680,-2330,-1020,-2750
6.5378,45.0,500.016998,69103,111811,421,0.041035,20.518285,1650,1700,2070,680
6.5378,45.0,500.016998,69103,111811,421,0.041035,20.518285,3350,-1700,1020,-3770
6.5378,45.0,500.016998,69103,111811,421,0.041035,20.518285,-3350,-420,-2330,1650
6.5378,45.0,500.016998,69103,111811,421,0.041035,20.518285,-3770,420,-2070,2750
6.5378,45.0,500.139971,69137,111866,2455,0.099068,49.547957,390,2150,1570,1910
6.5378,45.0,500.139971,69137,111866,2455,0.099068,49.547957,2540,-2150,240,-3720
6.5378,45.0,500.139971,69137,111866,2455,0.099068,49.547957,-3720,1180,-1570,3480
6.5378,45.0,500.139971,69137,111866,2455,0.099068,49.547957,3720,-240,2150,-2540
6.5378,45.0,500.139971,69137,111866,2455,0.099068,49.547957,1910,-2300,-240,-3480
6.5378,45.0,500.139971,69137,111866,2455,0.099068,49.547957,3480,240,2300,-1910
6.5378,45.0,500.139971,69137,111866,2455,0.099068,49.547957,-1910,-1570,-2150,-390
6.5378,45.0,500.139971,69137,111866,2455,0.099068,49.547957,-390,2300,1180,2540
6.5378,45.0,500.139971,69137,111866,2455,0.099068,49.547957,-2540,-1180,-2300,390
6.5378,45.0,500.139971,69137,111866,2455,0.099068,49.547957,-3480,1570,-1180,3720
6.5378,45.0,500.139971,69137,111866,2455,0.099068,49.547957,2540,1180,2300,-390
6.5378,45.0,500.139971,69137,111866,2455,0.099068,49.547957,3720,-1180,1570,-3480
6.5378,45.0,500.139971,69137,111866,2455,0.099068,49.547957,-2540,2150,-240,3720
6.5378,45.0,500.139971,69137,111866,2455,0.099068,49.547957,-390,-2150,-1570,-1910
6.5378,45.0,500.139971,69137,111866,2455,0.099068,49.547957,-1910,2300,240,3480
6.5378,45.0,500.139971,69137,111866,2455,0.099068,49.547957,390,-2300,-1180,-2540
6.5378,45.0,500.139971,69137,111866,2455,0.099068,49.547957,1910,1570,2150,390
6.5378,45.0,500.139971,69137,111866,2455,0.099068,49.547957,3480,-1570,1180,-3720
6.5378,45.0,500.139971,69137,111866,2455,0.099068,49.547957,-3480,-240,-2300,1910
6.5378,45.0,500.139971,69137,111866,2455,0.099068,49.547957,-3720,240,-2150,2540
6.5378,45.0,501.624344,69548,112531,4331,0.131194,65.810334,600,2100,1670,1730
6.5378,45.0,501.624344,69548,112531,4331,0.131194,65.810334,2700,-2100,370,-3770
6.5378,45.0,501.624344,69548,112531,4331,0.131194,65.810334,-3770,1070,-1670,3400
6.5378,45.0,501.624344,69548,112531,4331,0.131194,65.810334,3770,-370,2100,-2700
6.5378,45.0,501.624344,69548,112531,4331,0.131194,65.810334,1730,-2330,-370,-3400
6.5378,45.0,501.624344,69548,112531,4331,0.131194,65.810334,3400,370,2330,-1730
6.5378,45.0,501.624344,69548,112531,4331,0.131194,65.810334,-1730,-1670,-2100,-600
6.5378,45.0,501.624344,69548,112531,4331,0.131194,65.810334,-600,2330,1070,2700
6.5378,45.0,501.624344,69548,112531,4331,0.131194,65.810334,-2700,-1070,-2330,600
6.5378,45.0,501.624344,69548,112531,4331,0.131194,65.810334,-3400,1670,-1070,3770
6.5378,45.0,502.020909,69658,112709,1805,0.084629,42.485292,3090,730,2360,-1180
6.5378,45.0,502.020909,69658,112709,1805,0.084629,42.485292,3820,-730,1910,-3090
6.5378,45.0,502.020909,69658,112709,1805,0.084629,42.485292,-3090,1910,-730,3820
6.5378,45.0,502.020909,69658,112709,1805,0.084629,42.485292,-1180,-1910,-1910,-1180
6.5378,45.0,502.020909,69658,112709,1805,0.084629,42.485292,-1180,2360,730,3090
6.5378,45.0,502.020909,69658,112709,1805,0.084629,42.485292,1180,-2360,-730,-3090
6.5378,45.0,502.020909,69658,112709,1805,0.084629,42.485292,1180,1910,1910,1180
6.5378,45.0,502.020909,69658,112709,1805,0.084629,42.485292,3090,-1910,730,-3820
6.5378,45.0,502.020909,69658,112709,1805,0.084629,42.485292,-3090,-730,-2360,1180
6.5378,45.0,502.020909,69658,112709,1805,0.084629,42.485292,-3820,730,-1910,3090
6.5378,45.0,502.341507,69747,112853,2591,0.101329,50.901866,3170,650,2360,-1310
6.5378,45.0,502.341507,69747,112853,2591,0.101329,50.901866,3820,-650,1960,-3010
6.5378,45.0,502.341507,69747,112853,2591,0.101329,50.901866,-3170,1860,-810,3820
6.5378,45.0,502.341507,69747,112853,2591,0.101329,50.901866,-1310,-1860,-1960,-1050
6.5378,45.0,502.341507,69747,112853,2591,0.101329,50.901866,-1050,2360,810,3010
6.5378,45.0,502.341507,69747,112853,2591,0.101329,50.901866,1310,-2360,-650,-3170
6.5378,45.0,502.341507,69747,112853,2591,0.101329,50.901866,1050,1960,1860,1310
6.5378,45.0,502.341507,69747,112853,2591,0.101329,50.901866,3010,-1960,650,-3820
6.5378,45.0,502.341507,69747,112853,2591,0.101329,50.901866,-3010,-810,-2360,1050
6.5378,45.0,502.341507,69747,112853,2591,0.101329,50.901866,-3820,810,-1860,3170
6.5378,45.0,502.737506,69857,113031,55,0.014752,7.416198,550,2120,1650,1780
6.5378,45.0,502.737506,69857,113031,55,0.014752,7.416198,2670,-2120,340,-3770
6.5378,45.0,502.737506,69857,113031,55,0.014752,7.416198,-3770,1100,-1650,3430
6.5378,45.0,502.737506,69857,113031,55,0.014752,7.416198,3770,-340,2120,-2670
6.5378,45.0,502.737506,69857,113031,55,0.014752,7.416198,1780,-2330,-340,-3430
6.5378,45.0,502.737506,69857,113031,55,0.014752,7.416198,3430,340,2330,-1780
6.5378,45.0,502.737506,69857,113031,55,0.014752,7.416198,-1780,-1650,-2120,-550
6.5378,45.0,502.737506,69857,113031,55,0.014752,7.416198,-550,2330,1100,2670
6.5378,45.0,502.737506,69857,113031,55,0.014752,7.416198,-2670,-1100,-2330,550
6.5378,45.0,502.737506,69857,113031,55,0.014752,7.416198,-3430,1650,-1100,3770
6.5378,45.0,502.737506,69857,113031,55,0.014752,7.416198,2670,1100,2330,-550
6.5378,45.0,502.737506,69857,113031,55,0.014752,7.416198,3770,-1100,1650,-3430
6.5378,45.0,502.737506,69857,113031,55,0.014752,7.416198,-2670,2120,-340,3770
6.5378,45.0,502.737506,69857,113031,55,0.014752,7.416198,-550,-2120,-1650,-1780
6.5378,45.0,502.737506,69857,113031,55,0.014752,7.416198,-1780,2330,340,3430
6.5378,45.0,502.737506,69857,113031,55,0.014752,7.416198,550,-2330,-1100,-2670
6.5378,45.0,502.737506,69857,113031,55,0.014752,7.416198,1780,1650,2120,550
6.5378,45.0,502.737506,69857,113031,55,0.014752,7.416198,3430,-1650,1100,-3770
6.5378,45.0,502.737506,69857,113031,55,0.014752,7.416198,-3430,-340,-2330,1780
6.5378,45.0,502.737506,69857,113031,55,0.014752,7.416198,-3770,340,-2120,2670
6.5378,45.0,503.057647,69946,113175,841,0.057647,29.000000,0,2250,1390,2250
6.5378,45.0,503.057647,69946,113175,841,0.057647,29.000000,2250,-2250,0,-3640
6.5378,45.0,503.057647,69946,113175,841,0.057647,29.000000,-3640,1390,-1390,3640
6.5378,45.0,503.057647,69946,113175,841,0.057647,29.000000,3640,0,2250,-2250
6.5378,45.0,503.057647,69946,113175,841,0.057647,29.000000,-2250,-1390,-2250,0
6.5378,45.0,503.499737,70069,113374,3691,0.120663,60.753601,160,2220,1470,2120
6.5378,45.0,503.499737,70069,113374,3691,0.120663,60.753601,2380,-2220,100,-3690
6.5378,45.0,503.499737,70069,113374,3691,0.120663,60.753601,-3690,1310,-1470,3590
6.5378,45.0,503.499737,70069,113374,3691,0.120663,60.753601,3690,-100,2220,-2380
6.5378,45.0,503.499737,70069,113374,3691,0.120663,60.753601,2120,-2280,-100,-3590
6.5378,45.0,503.499737,70069,113374,3691,0.120663,60.753601,3590,100,2280,-2120
6.5378,45.0,503.499737,70069,113374,3691,0.120663,60.753601,-2120,-1470,-2220,-160
6.5378,45.0,503.499737,70069,113374,3691,0.120663,60.753601,-160,2280,1310,2380
6.5378,45.0,503.499737,70069,113374,3691,0.120663,60.753601,-2380,-1310,-2280,160
6.5378,45.0,503.499737,70069,113374,3691,0.120663,60.753601,-3590,1470,-1310,3690
6.5378,45.0,504.214233,70268,113696,1936,0.087264,44.000000,2880,940,2360,-840
6.5378,45.0,504.214233,70268,113696,1936,0.087264,44.000000,3820,-940,1780,-3300
6.5378,45.0,504.214233,70268,113696,1936,0.087264,44.000000,-2880,2040,-520,3820
6.5378,45.0,504.214233,70268,113696,1936,0.087264,44.000000,-840,-2040,-1780,-1520
6.5378,45.0,504.214233,70268,113696,1936,0.087264,44.000000,-1520,2360,520,3300
6.5378,45.0,504.214233,70268,113696,1936,0.087264,44.000000,840,-2360,-940,-2880
6.5378,45.0,504.214233,70268,113696,1936,0.087264,44.000000,1520,1780,2040,840
6.5378,45.0,504.214233,70268,113696,1936,0.087264,44.000000,3300,-1780,940,-3820
6.5378,45.0,504.214233,70268,113696,1936,0.087264,44.000000,-3300,-520,-2360,1520
6.5378,45.0,504.214233,70268,113696,1936,0.087264,44.000000,-3820,520,-2040,2880
6.5378,45.0,504.214233,70268,113696,1936,0.087264,44.000000,260,2200,1520,2040
6.5378,45.0,504.214233,70268,113696,1936,0.087264,44.000000,2460,-2200,160,-3720
6.5378,45.0,504.214233,70268,113696,1936,0.087264,44.000000,-3720,1260,-1520,3560
6.5378,45.0,504.214233,70268,113696,1936,0.087264,44.000000,3720,-160,2200,-2460
6.5378,45.0,504.214233,70268,113696,1936,0.087264,44.000000,2040,-2300,-160,-3560
6.5378,45.0,504.214233,70268,113696,1936,0.087264,44.000000,3560,160,2300,-2040
6.5378,45.0,504.214233,70268,113696,1936,0.087264,44.000000,-2040,-1520,-2200,-260
6.5378,45.0,504.214233,70268,113696,1936,0.087264,44.000000,-260,2300,1260,2460
6.5378,45.0,504.214233,70268,113696,1936,0.087264,44.000000,-2460,-1260,-2300,260
6.5378,45.0,504.214233,70268,113696,1936,0.087264,44.000000,-3560,1520,-1260,3720
6.5378,45.0,505.368171,70590,114217,3041,0.109119,55.145263,3350,470,2360,-1600
6.5378,45.0,505.368171,70590,114217,3041,0.109119,55.145263,3820,-470,2070,-2830
6.5378,45.0,505.368171,70590,114217,3041,0.109119,55.145263,-3350,1750,-990,3820
6.5378,45.0,505.368171,70590,114217,3041,0.109119,55.145263,-1600,-1750,-2070,-760
6.5378,45.0,505.368171,70590,114217,3041,0.109119,55.145263,-760,2360,990,2830
6.5378,45.0,505.368171,70590,114217,3041,0.109119,55.145263,1600,-2360,-470,-3350
6.5378,45.0,505.368171,70590,114217,3041,0.109119,55.145263,760,2070,1750,1600
6.5378,45.0,505.368171,70590,114217,3041,0.109119,55.145263,2830,-2070,470,-3820
6.5378,45.0,505.368171,70590,114217,3041,0.109119,55.145263,-2830,-990,-2360,760
6.5378,45.0,505.368171,70590,114217,3041,0.109119,55.145263,-3820,990,-1750,3350
6.5378,45.0,506.080028,70789,114539,1271,0.070446,35.651087,3140,710,2380,-1230
6.5378,45.0,506.080028,70789,114539,1271,0.070446,35.651087,3850,-710,1940,-3090
6.5378,45.0,506.080028,70789,114539,1271,0.070446,35.651087,-3140,1910,-760,3850
6.5378,45.0,506.080028,70789,114539,1271,0.070446,35.651087,-1230,-1910,-1940,-1150
6.5378,45.0,506.080028,70789,114539,1271,0.070446,35.651087,-1150,2380,760,3090
6.5378,45.0,506.080028,70789,114539,1271,0.070446,35.651087,1230,-2380,-710,-3140
6.5378,45.0,506.080028,70789,114539,1271,0.070446,35.651087,1150,1940,1910,1230
6.5378,45.0,506.080028,70789,114539,1271,0.070446,35.651087,3090,-1940,710,-3850
6.5378,45.0,506.080028,70789,114539,1271,0.070446,35.651087,-3090,-760,-2380,1150
6.5378,45.0,506.080028,70789,114539,1271,0.070446,35.651087,-3850,760,-1910,3140
6.5378,45.0,506.080028,70789,114539,1271,0.070446,35.651087,420,2170,1600,1910
6.5378,45.0,506.080028,70789,114539,1271,0.070446,35.651087,2590,-2170,260,-3770
6.5378,45.0,506.080028,70789,114539,1271,0.070446,35.651087,-3770,1180,-1600,3510
6.5378,45.0,506.080028,70789,114539,1271,0.070446,35.651087,3770,-260,2170,-2590
6.5378,45.0,506.080028,70789,114539,1271,0.070446,35.651087,1910,-2330,-260,-3510
6.5378,45.0,506.080028,70789,114539,1271,0.070446,35.651087,3510,260,2330,-1910
6.5378,45.0,506.080028,70789,114539,1271,0.070446,35.651087,-1910,-1600,-2170,-420
6.5378,45.0,506.080028,70789,114539,1271,0.070446,35.651087,-420,2330,1180,2590
6.5378,45.0,506.080028,70789,114539,1271,0.070446,35.651087,-2590,-1180,-2330,420
6.5378,45.0,506.080028,70789,114539,1271,0.070446,35.651087,-3510,1600,-1180,3770
6.5378,45.0,507.229722,71111,115060,2381,0.096200,48.795492,2960,890,2380,-940
6.5378,45.0,507.229722,71111,115060,2381,0.096200,48.795492,3850,-890,1830,-3270
6.5378,45.0,507.229722,71111,115060,2381,0.096200,48.795492,-2960,2020,-580,3850
6.5378,45.0,507.229722,71111,115060,2381,0.096200,48.795492,-940,-2020,-1830,-1440
6.5378,45.0,507.229722,71111,115060,2381,0.096200,48.795492,-1440,2380,580,3270
6.5378,45.0,507.229722,71111,115060,2381,0.096200,48.795492,940,-2380,-890,-2960
6.5378,45.0,507.229722,71111,115060,2381,0.096200,48.795492,1440,1830,2020,940
6.5378,45.0,507.229722,71111,115060,2381,0.096200,48.795492,3270,-1830,890,-3850
6.5378,45.0,507.229722,71111,115060,2381,0.096200,48.795492,-3270,-580,-2380,1440
6.5378,45.0,507.229722,71111,115060,2381,0.096200,48.795492,-3850,580,-2020,2960
6.5378,45.0,508.768117,71543,115759,905,0.059130,30.083218,3350,500,2380,-1570
6.5378,45.0,508.768117,71543,115759,905,0.059130,30.083218,3850,-500,2070,-2880
6.5378,45.0,508.768117,71543,115759,905,0.059130,30.083218,-3350,1780,-970,3850
6.5378,45.0,508.768117,71543,115759,905,0.059130,30.083218,-1570,-1780,-2070,-810
6.5378,45.0,508.768117,71543,115759,905,0.059130,30.083218,-810,2380,970,2880
6.5378,45.0,508.768117,71543,115759,905,0.059130,30.083218,1570,-2380,-500,-3350
6.5378,45.0,508.768117,71543,115759,905,0.059130,30.083218,810,2070,1780,1570
6.5378,45.0,508.768117,71543,115759,905,0.059130,30.083218,2880,-2070,500,-3850
6.5378,45.0,508.768117,71543,115759,905,0.059130,30.083218,-2880,-970,-2380,810
6.5378,45.0,508.768117,71543,115759,905,0.059130,30.083218,-3850,970,-1780,3350
6.5378,45.0,508.768117,71543,115759,905,0.059130,30.083218,2880,970,2380,-810
6.5378,45.0,508.768117,71543,115759,905,0.059130,30.083218,3850,-970,1780,-3350
6.5378,45.0,508.768117,71543,115759,905,0.059130,30.083218,-2880,2070,-500,3850
6.5378,45.0,508.768117,71543,115759,905,0.059130,30.083218,-810,-2070,-1780,-1570
6.5378,45.0,508.768117,71543,115759,905,0.059130,30.083218,-1570,2380,500,3350
6.5378,45.0,508.768117,71543,115759,905,0.059130,30.083218,810,-2380,-970,-2880
6.5378,45.0,508.768117,71543,115759,905,0.059130,30.083218,1570,1780,2070,810
6.5378,45.0,508.768117,71543,115759,905,0.059130,30.083218,3350,-1780,970,-3850
6.5378,45.0,508.768117,71543,115759,905,0.059130,30.083218,-3350,-500,-2380,1570
6.5378,45.0,508.768117,71543,115759,905,0.059130,30.083218,-3850,500,-2070,2880
6.5378,45.0,509.521327,71755,116102,4631,0.133560,68.051451,2700,1120,2360,-550
6.5378,45.0,509.521327,71755,116102,4631,0.133560,68.051451,3820,-1120,1670,-3480
6.5378,45.0,509.521327,71755,116102,4631,0.133560,68.051451,-2700,2150,-340,3820
6.5378,45.0,509.521327,71755,116102,4631,0.133560,68.051451,-550,-2150,-1670,-1810
6.5378,45.0,509.521327,71755,116102,4631,0.133560,68.051451,-1810,2360,340,3480
6.5378,45.0,509.521327,71755,116102,4631,0.133560,68.051451,550,-2360,-1120,-2700
6.5378,45.0,509.521327,71755,116102,4631,0.133560,68.051451,1810,1670,2150,550
6.5378,45.0,509.521327,71755,116102,4631,0.133560,68.051451,3480,-1670,1120,-3820
6.5378,45.0,509.521327,71755,116102,4631,0.133560,68.051451,-3480,-340,-2360,1810
6.5378,45.0,509.521327,71755,116102,4631,0.133560,68.051451,-3820,340,-2150,2700
6.5378,45.0,509.911749,71865,116280,2025,0.088251,45.000000,0,2280,1410,2280
6.5378,45.0,509.911749,71865,116280,2025,0.088251,45.000000,2280,-2280,0,-3690
6.5378,45.0,509.911749,71865,116280,2025,0.088251,45.000000,-3690,1410,-1410,3690
6.5378,45.0,509.911749,71865,116280,2025,0.088251,45.000000,3690,0,2280,-2280
6.5378,45.0,509.911749,71865,116280,2025,0.088251,45.000000,-2280,-1410,-2280,0
6.5378,45.0,509.911749,71865,116280,2025,0.088251,45.000000,2280,1410,2280,0
6.5378,45.0,509.911749,71865,116280,2025,0.088251,45.000000,3690,-1410,1410,-3690
6.5378,45.0,509.911749,71865,116280,2025,0.088251,45.000000,-2280,2280,0,3690
6.5378,45.0,509.911749,71865,116280,2025,0.088251,45.000000,0,-2280,-1410,-2280
6.5378,45.0,509.911749,71865,116280,2025,0.088251,45.000000,-3690,0,-2280,2280
6.5378,45.0,510.932477,72153,116746,1031,0.062844,32.109189,680,2120,1730,1700
6.5378,45.0,510.932477,72153,116746,1031,0.062844,32.109189,2800,-2120,420,-3850
6.5378,45.0,510.932477,72153,116746,1031,0.062844,32.109189,-3850,1050,-1730,3430
6.5378,45.0,510.932477,72153,116746,1031,0.062844,32.109189,3850,-420,2120,-2800
6.5378,45.0,510.932477,72153,116746,1031,0.062844,32.109189,1700,-2380,-420,-3430
6.5378,45.0,510.932477,72153,116746,1031,0.062844,32.109189,3430,420,2380,-1700
6.5378,45.0,510.932477,72153,116746,1031,0.062844,32.109189,-1700,-1730,-2120,-680
6.5378,45.0,510.932477,72153,116746,1031,0.062844,32.109189,-680,2380,1050,2800
6.5378,45.0,510.932477,72153,116746,1031,0.062844,32.109189,-2800,-1050,-2380,680
6.5378,45.0,510.932477,72153,116746,1031,0.062844,32.109189,-3430,1730,-1050,3850
6.5378,45.0,511.052823,72187,116801,3155,0.109909,56.169387,2490,1280,2330,-260
6.5378,45.0,511.052823,72187,116801,3155,0.109909,56.169387,3770,-1280,1540,-3610
6.5378,45.0,511.052823,72187,116801,3155,0.109909,56.169387,-2490,2230,-160,3770
6.5378,45.0,511.052823,72187,116801,3155,0.109909,56.169387,-260,-2230,-1540,-2070
6.5378,45.0,511.052823,72187,116801,3155,0.109909,56.169387,-2070,2330,160,3610
6.5378,45.0,511.052823,72187,116801,3155,0.109909,56.169387,260,-2330,-1280,-2490
6.5378,45.0,511.052823,72187,116801,3155,0.109909,56.169387,2070,1540,2230,260
6.5378,45.0,511.052823,72187,116801,3155,0.109909,56.169387,3610,-1540,1280,-3770
6.5378,45.0,511.052823,72187,116801,3155,0.109909,56.169387,-3610,-160,-2330,2070
6.5378,45.0,511.052823,72187,116801,3155,0.109909,56.169387,-3770,160,-2230,2490
6.5378,45.0,512.071276,72475,117267,2161,0.090781,46.486557,2330,1390,2300,-50
6.5378,45.0,512.071276,72475,117267,2161,0.090781,46.486557,2250,1440,2280,50
6.5378,45.0,512.071276,72475,117267,2161,0.090781,46.486557,3720,-1390,1440,-3690
6.5378,45.0,512.071276,72475,117267,2161,0.090781,46.486557,3690,-1440,1390,-3720
6.5378,45.0,512.071276,72475,117267,2161,0.090781,46.486557,-2330,2280,-30,3720
6.5378,45.0,512.071276,72475,117267,2161,0.090781,46.486557,-2250,2300,30,3690
6.5378,45.0,512.071276,72475,117267,2161,0.090781,46.486557,-50,-2280,-1440,-2250
6.5378,45.0,512.071276,72475,117267,2161,0.090781,46.486557,50,-2300,-1390,-2330
6.5378,45.0,512.071276,72475,117267,2161,0.090781,46.486557,-3690,-30,-2300,2250
6.5378,45.0,512.071276,72475,117267,2161,0.090781,46.486557,-3720,30,-2280,2330
6.5378,45.0,512.773828,72674,117589,341,0.036012,18.466185,3090,810,2410,-1100
6.5378,45.0,512.773828,72674,117589,341,0.036012,18.466185,3900,-810,1910,-3220
6.5378,45.0,512.773828,72674,117589,341,0.036012,18.466185,-3090,1990,-680,3900
6.5378,45.0,512.773828,72674,117589,341,0.036012,18.466185,-1100,-1990,-1910,-1310
6.5378,45.0,512.773828,72674,117589,341,0.036012,18.466185,-1310,2410,680,3220
6.5378,45.0,512.773828,72674,117589,341,0.036012,18.466185,1100,-2410,-810,-3090
6.5378,45.0,512.773828,72674,117589,341,0.036012,18.466185,1310,1910,1990,1100
6.5378,45.0,512.773828,72674,117589,341,0.036012,18.466185,3220,-1910,810,-3900
6.5378,45.0,512.773828,72674,117589,341,0.036012,18.466185,-3220,-680,-2410,1310
6.5378,45.0,512.773828,72674,117589,341,0.036012,18.466185,-3900,680,-1990,3090
6.5378,45.0,512.773828,72674,117589,341,0.036012,18.466185,2460,1310,2330,-210
6.5378,45.0,512.773828,72674,117589,341,0.036012,18.466185,3770,-1310,1520,-3640
6.5378,45.0,512.773828,72674,117589,341,0.036012,18.466185,-2460,2250,-130,3770
6.5378,45.0,512.773828,72674,117589,341,0.036012,18.466185,-210,-2250,-1520,-2120
6.5378,45.0,512.773828,72674,117589,341,0.036012,18.466185,-2120,2330,130,3640
6.5378,45.0,512.773828,72674,117589,341,0.036012,18.466185,210,-2330,-1310,-2460
6.5378,45.0,512.773828,72674,117589,341,0.036012,18.466185,2120,1520,2250,210
6.5378,45.0,512.773828,72674,117589,341,0.036012,18.466185,3640,-1520,1310,-3770
6.5378,45.0,512.773828,72674,117589,341,0.036012,18.466185,-3640,-130,-2330,2120
6.5378,45.0,512.773828,72674,117589,341,0.036012,18.466185,-3770,130,-2250,2460
6.5378,45.0,512.893742,72708,117644,2480,0.097095,49.799598,420,2200,1620,1940
6.5378,45.0,512.893742,72708,117644,2480,0.097095,49.799598,2620,-2200,260,-3820
6.5378,45.0,512.893742,72708,117644,2480,0.097095,49.799598,-3820,1200,-1620,3560
6.5378,45.0,512.893742,72708,117644,2480,0.097095,49.799598,3820,-260,2200,-2620
6.5378,45.0,512.893742,72708,117644,2480,0.097095,49.799598,1940,-2360,-260,-3560
6.5378,45.0,512.893742,72708,117644,2480,0.097095,49.799598,3560,260,2360,-1940
6.5378,45.0,512.893742,72708,117644,2480,0.097095,49.799598,-1940,-1620,-2200,-420
6.5378,45.0,512.893742,72708,117644,2480,0.097095,49.799598,-420,2360,1200,2620
6.5378,45.0,512.893742,72708,117644,2480,0.097095,49.799598,-2620,-1200,-2360,420
6.5378,45.0,512.893742,72708,117644,2480,0.097095,49.799598,-3560,1620,-1200,3820
6.5378,45.0,512.893742,72708,117644,2480,0.097095,49.799598,2620,1200,2360,-420
6.5378,45.0,512.893742,72708,117644,2480,0.097095,49.799598,3820,-1200,1620,-3560
6.5378,45.0,512.893742,72708,117644,2480,0.097095,49.799598,-2620,2200,-260,3820
6.5378,45.0,512.893742,72708,117644,2480,0.097095,49.799598,-420,-2200,-1620,-1940
6.5378,45.0,512.893742,72708,117644,2480,0.097095,49.799598,-1940,2360,260,3560
6.5378,45.0,512.893742,72708,117644,2480,0.097095,49.799598,420,-2360,-1200,-2620
6.5378,45.0,512.893742,72708,117644,2480,0.097095,49.799598,1940,1620,2200,420
6.5378,45.0,512.893742,72708,117644,2480,0.097095,49.799598,3560,-1620,1200,-3820
6.5378,45.0,512.893742,72708,117644,2480,0.097095,49.799598,-3560,-260,-2360,1940
6.5378,45.0,512.893742,72708,117644,2480,0.097095,49.799598,-3820,260,-2200,2620
6.5378,45.0,513.207548,72797,117788,3301,0.111951,57.454330,3270,630,2410,-1390
6.5378,45.0,513.207548,72797,117788,3301,0.111951,57.454330,3900,-630,2020,-3040
6.5378,45.0,513.207548,72797,117788,3301,0.111951,57.454330,-3270,1880,-860,3900
6.5378,45.0,513.207548,72797,117788,3301,0.111951,57.454330,-1390,-1880,-2020,-1020
6.5378,45.0,513.207548,72797,117788,3301,0.111951,57.454330,-1020,2410,860,3040
6.5378,45.0,513.207548,72797,117788,3301,0.111951,57.454330,1390,-2410,-630,-3270
6.5378,45.0,513.207548,72797,117788,3301,0.111951,57.454330,1020,2020,1880,1390
6.5378,45.0,513.207548,72797,117788,3301,0.111951,57.454330,3040,-2020,630,-3900
6.5378,45.0,513.207548,72797,117788,3301,0.111951,57.454330,-3040,-860,-2410,1020
6.5378,45.0,513.207548,72797,117788,3301,0.111951,57.454330,-3900,860,-1880,3270
6.5378,45.0,513.595169,72907,117966,655,0.049831,25.592968,3300,600,2410,-1440
6.5378,45.0,513.595169,72907,117966,655,0.049831,25.592968,3900,-600,2040,-3010
6.5378,45.0,513.595169,72907,117966,655,0.049831,25.592968,-3300,1860,-890,3900
6.5378,45.0,513.595169,72907,117966,655,0.049831,25.592968,-1440,-1860,-2040,-970
6.5378,45.0,513.595169,72907,117966,655,0.049831,25.592968,-970,2410,890,3010
6.5378,45.0,513.595169,72907,117966,655,0.049831,25.592968,1440,-2410,-600,-3300
6.5378,45.0,513.595169,72907,117966,655,0.049831,25.592968,970,2040,1860,1440
6.5378,45.0,513.595169,72907,117966,655,0.049831,25.592968,3010,-2040,600,-3900
6.5378,45.0,513.595169,72907,117966,655,0.049831,25.592968,-3010,-890,-2410,970
6.5378,45.0,513.595169,72907,117966,655,0.049831,25.592968,-3900,890,-1860,3300
6.5378,45.0,513.595169,72907,117966,655,0.049831,25.592968,3010,890,2410,-970
6.5378,45.0,513.595169,72907,117966,655,0.049831,25.592968,3900,-890,1860,-3300
6.5378,45.0,513.595169,72907,117966,655,0.049831,25.592968,-3010,2040,-600,3900
6.5378,45.0,513.595169,72907,117966,655,0.049831,25.592968,-970,-2040,-1860,-1440
6.5378,45.0,513.595169,72907,117966,655,0.049831,25.592968,-1440,2410,600,3300
6.5378,45.0,513.595169,72907,117966,655,0.049831,25.592968,970,-2410,-890,-3010
6.5378,45.0,513.595169,72907,117966,655,0.049831,25.592968,1440,1860,2040,970
6.5378,45.0,513.595169,72907,117966,655,0.049831,25.592968,3300,-1860,890,-3900
6.5378,45.0,513.595169,72907,117966,655,0.049831,25.592968,-3300,-600,-2410,1440
6.5378,45.0,513.595169,72907,117966,655,0.049831,25.592968,-3900,600,-2040,3010
6.5378,45.0,515.040765,73318,118631,2621,0.099401,51.195703,3380,520,2410,-1570
6.5378,45.0,515.040765,73318,118631,2621,0.099401,51.195703,3900,-520,2090,-2930
6.5378,45.0,515.040765,73318,118631,2621,0.099401,51.195703,-3380,1810,-970,3900
6.5378,45.0,515.040765,73318,118631,2621,0.099401,51.195703,-1570,-1810,-2090,-840
6.5378,45.0,515.040765,73318,118631,2621,0.099401,51.195703,-840,2410,970,2930
6.5378,45.0,515.040765,73318,118631,2621,0.099401,51.195703,1570,-2410,-520,-3380
6.5378,45.0,515.040765,73318,118631,2621,0.099401,51.195703,840,2090,1810,1570
6.5378,45.0,515.040765,73318,118631,2621,0.099401,51.195703,2930,-2090,520,-3900
6.5378,45.0,515.040765,73318,118631,2621,0.099401,51.195703,-2930,-970,-2410,840
6.5378,45.0,515.040765,73318,118631,2621,0.099401,51.195703,-3900,970,-1810,3380
6.5378,45.0,515.739272,73517,118953,781,0.054187,27.946377,130,2280,1490,2200
6.5378,45.0,515.739272,73517,118953,781,0.054187,27.946377,2410,-2280,80,-3770
6.5378,45.0,515.739272,73517,118953,781,0.054187,27.946377,-3770,1360,-1490,3690
6.5378,45.0,515.739272,73517,118953,781,0.054187,27.946377,3770,-80,2280,-2410
6.5378,45.0,515.739272,73517,118953,781,0.054187,27.946377,2200,-2330,-80,-3690
6.5378,45.0,515.739272,73517,118953,781,0.054187,27.946377,3690,80,2330,-2200
6.5378,45.0,515.739272,73517,118953,781,0.054187,27.946377,-2200,-1490,-2280,-130
6.5378,45.0,515.739272,73517,118953,781,0.054187,27.946377,-130,2330,1360,2410
6.5378,45.0,515.739272,73517,118953,781,0.054187,27.946377,-2410,-1360,-2330,130
6.5378,45.0,515.739272,73517,118953,781,0.054187,27.946377,-3690,1490,-1360,3770
6.5378,45.0,515.739272,73517,118953,781,0.054187,27.946377,2670,1180,2380,-470
6.5378,45.0,515.739272,73517,118953,781,0.054187,27.946377,3850,-1180,1650,-3560
6.5378,45.0,515.739272,73517,118953,781,0.054187,27.946377,-2670,2200,-290,3850
6.5378,45.0,515.739272,73517,118953,781,0.054187,27.946377,-470,-2200,-1650,-1910
6.5378,45.0,515.739272,73517,118953,781,0.054187,27.946377,-1910,2380,290,3560
6.5378,45.0,515.739272,73517,118953,781,0.054187,27.946377,470,-2380,-1180,-2670
6.5378,45.0,515.739272,73517,118953,781,0.054187,27.946377,1910,1650,2200,470
6.5378,45.0,515.739272,73517,118953,781,0.054187,27.946377,3560,-1650,1180,-3850
6.5378,45.0,515.739272,73517,118953,781,0.054187,27.946377,-3560,-290,-2380,1910
6.5378,45.0,515.739272,73517,118953,781,0.054187,27.946377,-3850,290,-2200,2670
2.4972,45.0,6.854102,13,21,1,0.145898,1.000000,30,20,30,0
2.4972,45.0,6.854102,13,21,1,0.145898,1.000000,50,-20,20,-50
2.4972,45.0,6.854102,13,21,1,0.145898,1.000000,-30,30,0,50
2.4972,45.0,6.854102,13,21,1,0.145898,1.000000,-50,0,-30,30
2.4972,45.0,6.854102,13,21,1,0.145898,1.000000,0,-30,-20,-30
2.4972,45.0,13.037277,47,76,5,0.171513,2.236068,100,-20,50,-80
2.4972,45.0,13.037277,47,76,5,0.171513,2.236068,80,20,60,-30
2.4972,45.0,13.037277,47,76,5,0.171513,2.236068,30,50,50,30
2.4972,45.0,13.037277,47,76,5,0.171513,2.236068,-30,60,20,80
2.4972,45.0,13.037277,47,76,5,0.171513,2.236068,-80,50,-20,100
2.4972,45.0,13.037277,47,76,5,0.171513,2.236068,-100,20,-50,80
2.4972,45.0,13.037277,47,76,5,0.171513,2.236068,-80,-20,-60,30
2.4972,45.0,13.037277,47,76,5,0.171513,2.236068,-30,-50,-50,-30
2.4972,45.0,13.037277,47,76,5,0.171513,2.236068,30,-60,-20,-80
2.4972,45.0,13.037277,47,76,5,0.171513,2.236068,80,-50,20,-100
2.4972,45.0,21.094757,123,199,5,0.106001,2.236068,160,-30,80,-130
2.4972,45.0,21.094757,123,199,5,0.106001,2.236068,130,30,100,-50
2.4972,45.0,21.094757,123,199,5,0.106001,2.236068,50,80,80,50
2.4972,45.0,21.094757,123,199,5,0.106001,2.236068,-50,100,30,130
2.4972,45.0,21.094757,123,199,5,0.106001,2.236068,-130,80,-30,160
2.4972,45.0,21.094757,123,199,5,0.106001,2.236068,-160,30,-80,130
2.4972,45.0,21.094757,123,199,5,0.106001,2.236068,-130,-30,-100,50
2.4972,45.0,21.094757,123,199,5,0.106001,2.236068,-50,-80,-80,-50
2.4972,45.0,21.094757,123,199,5,0.106001,2.236068,50,-100,-30,-130
2.4972,45.0,21.094757,123,199,5,0.106001,2.236068,130,-80,30,-160
2.4972,45.0,24.798374,170,275,25,0.201626,5.000000,180,-70,70,-180
2.4972,45.0,24.798374,170,275,25,0.201626,5.000000,110,70,110,0
2.4972,45.0,24.798374,170,275,25,0.201626,5.000000,-110,110,0,180
2.4972,45.0,24.798374,170,275,25,0.201626,5.000000,-180,0,-110,110
2.4972,45.0,24.798374,170,275,25,0.201626,5.000000,0,-110,-70,-110
2.4972,45.0,40.124612,445,720,25,0.124612,5.000000,-290,110,-110,290
2.4972,45.0,40.124612,445,720,25,0.124612,5.000000,-180,-110,-180,0
2.4972,45.0,40.124612,445,720,25,0.124612,5.000000,290,0,180,-180
2.4972,45.0,40.124612,445,720,25,0.124612,5.000000,180,-180,0,-290
2.4972,45.0,40.124612,445,720,25,0.124612,5.000000,0,180,110,180
2.4972,45.0,40.124612,445,720,25,0.124612,5.000000,0,-180,-110,-180
2.4972,45.0,40.124612,445,720,25,0.124612,5.000000,180,110,180,0
2.4972,45.0,40.124612,445,720,25,0.124612,5.000000,-180,180,0,290
2.4972,45.0,40.124612,445,720,25,0.124612,5.000000,290,-110,110,-290
2.4972,45.0,40.124612,445,720,25,0.124612,5.000000,-290,0,-180,180
2.4972,45.0,45.331813,568,919,55,0.163598,7.416198,160,150,190,50
2.4972,45.0,45.331813,568,919,55,0.163598,7.416198,-240,190,-30,340
2.4972,45.0,45.331813,568,919,55,0.163598,7.416198,-160,210,30,310
2.4972,45.0,45.331813,568,919,55,0.163598,7.416198,240,100,210,-50
2.4972,45.0,45.331813,568,919,55,0.163598,7.416198,310,-150,100,-340
2.4972,45.0,45.331813,568,919,55,0.163598,7.416198,340,-100,150,-310
2.4972,45.0,45.331813,568,919,55,0.163598,7.416198,-50,-190,-150,-160
2.4972,45.0,45.331813,568,919,55,0.163598,7.416198,50,-210,-100,-240
2.4972,45.0,45.331813,568,919,55,0.163598,7.416198,-340,30,-190,240
2.4972,45.0,45.331813,568,919,55,0.163598,7.416198,-310,-30,-210,160
2.4972,45.0,45.331813,568,919,55,0.163598,7.416198,-310,150,-100,340
2.4972,45.0,45.331813,568,919,55,0.163598,7.416198,240,-190,30,-340
2.4972,45.0,45.331813,568,919,55,0.163598,7.416198,-160,-150,-190,-50
2.4972,45.0,45.331813,568,919,55,0.163598,7.416198,50,190,150,160
2.4972,45.0,45.331813,568,919,55,0.163598,7.416198,340,-30,190,-240
2.4972,45.0,45.331813,568,919,55,0.163598,7.416198,-50,210,100,240
2.4972,45.0,45.331813,568,919,55,0.163598,7.416198,-240,-100,-210,50
2.4972,45.0,45.331813,568,919,55,0.163598,7.416198,-340,100,-150,310
2.4972,45.0,45.331813,568,919,55,0.163598,7.416198,160,-210,-30,-310
2.4972,45.0,45.331813,568,919,55,0.163598,7.416198,310,30,210,-160
2.4972,45.0,52.678081,767,1241,55,0.140783,7.416198,-210,240,20,370
2.4972,45.0,52.678081,767,1241,55,0.140783,7.416198,390,-130,160,-370
2.4972,45.0,52.678081,767,1241,55,0.140783,7.416198,30,-240,-130,-260
2.4972,45.0,52.678081,767,1241,55,0.140783,7.416198,370,-160,130,-390
2.4972,45.0,52.678081,767,1241,55,0.140783,7.416198,210,160,230,30
2.4972,45.0,52.678081,767,1241,55,0.140783,7.416198,-370,-20,-240,210
2.4972,45.0,52.678081,767,1241,55,0.140783,7.416198,-260,230,-20,390
2.4972,45.0,52.678081,767,1241,55,0.140783,7.416198,-30,-230,-160,-210
2.4972,45.0,52.678081,767,1241,55,0.140783,7.416198,-390,20,-230,260
2.4972,45.0,52.678081,767,1241,55,0.140783,7.416198,260,130,240,-30
2.4972,45.0,52.678081,767,1241,55,0.140783,7.416198,390,-20,230,-260
2.4972,45.0,52.678081,767,1241,55,0.140783,7.416198,-370,160,-130,390
2.4972,45.0,52.678081,767,1241,55,0.140783,7.416198,210,-240,-20,-370
2.4972,45.0,52.678081,767,1241,55,0.140783,7.416198,260,-230,20,-390
2.4972,45.0,52.678081,767,1241,55,0.140783,7.416198,-30,240,130,260
2.4972,45.0,52.678081,767,1241,55,0.140783,7.416198,-260,-130,-240,30
2.4972,45.0,52.678081,767,1241,55,0.140783,7.416198,-210,-160,-230,-30
2.4972,45.0,52.678081,767,1241,55,0.140783,7.416198,370,20,240,-210
2.4972,45.0,52.678081,767,1241,55,0.140783,7.416198,-390,130,-160,370
2.4972,45.0,52.678081,767,1241,55,0.140783,7.416198,30,230,160,210
2.4972,45.0,66.219066,1212,1961,155,0.188011,12.449900,500,-130,230,-440
2.4972,45.0,66.219066,1212,1961,155,0.188011,12.449900,440,-230,130,-500
2.4972,45.0,66.219066,1212,1961,155,0.188011,12.449900,-500,60,-270,370
2.4972,45.0,66.219066,1212,1961,155,0.188011,12.449900,-210,310,60,440
2.4972,45.0,66.219066,1212,1961,155,0.188011,12.449900,370,130,310,-100
2.4972,45.0,66.219066,1212,1961,155,0.188011,12.449900,100,-310,-130,-370
2.4972,45.0,66.219066,1212,1961,155,0.188011,12.449900,-370,270,-60,500
2.4972,45.0,66.219066,1212,1961,155,0.188011,12.449900,-440,-60,-310,210
2.4972,45.0,66.219066,1212,1961,155,0.188011,12.449900,210,230,270,100
2.4972,45.0,66.219066,1212,1961,155,0.188011,12.449900,-100,-270,-230,-210
2.4972,45.0,68.264067,1288,2084,80,0.131025,8.944272,520,-100,260,-420
2.4972,45.0,68.264067,1288,2084,80,0.131025,8.944272,-420,260,-100,520
2.4972,45.0,68.264067,1288,2084,80,0.131025,8.944272,160,260,260,160
2.4972,45.0,68.264067,1288,2084,80,0.131025,8.944272,-160,320,100,420
2.4972,45.0,68.264067,1288,2084,80,0.131025,8.944272,-520,100,-260,420
2.4972,45.0,68.264067,1288,2084,80,0.131025,8.944272,420,-260,100,-520
2.4972,45.0,68.264067,1288,2084,80,0.131025,8.944272,160,-320,-100,-420
2.4972,45.0,68.264067,1288,2084,80,0.131025,8.944272,-420,-100,-320,160
2.4972,45.0,68.264067,1288,2084,80,0.131025,8.944272,-160,-260,-260,-160
2.4972,45.0,68.264067,1288,2084,80,0.131025,8.944272,420,100,320,-160
2.4972,45.0,73.348414,1487,2406,55,0.101109,7.416198,550,-160,240,-500
2.4972,45.0,73.348414,1487,2406,55,0.101109,7.416198,-80,-310,-240,-260
2.4972,45.0,73.348414,1487,2406,55,0.101109,7.416198,260,240,310,80
2.4972,45.0,73.348414,1487,2406,55,0.101109,7.416198,390,160,340,-80
2.4972,45.0,73.348414,1487,2406,55,0.101109,7.416198,-550,50,-310,390
2.4972,45.0,73.348414,1487,2406,55,0.101109,7.416198,-500,-50,-340,260
2.4972,45.0,73.348414,1487,2406,55,0.101109,7.416198,500,-240,160,-550
2.4972,45.0,73.348414,1487,2406,55,0.101109,7.416198,-390,310,-50,550
2.4972,45.0,73.348414,1487,2406,55,0.101109,7.416198,80,-340,-160,-390
2.4972,45.0,73.348414,1487,2406,55,0.101109,7.416198,-260,340,50,500
2.4972,45.0,76.321547,1610,2605,125,0.146490,11.180340,-470,-110,-360,180
2.4972,45.0,76.321547,1610,2605,125,0.146490,11.180340,-470,290,-110,580
2.4972,45.0,76.321547,1610,2605,125,0.146490,11.180340,470,110,360,-180
2.4972,45.0,76.321547,1610,2605,125,0.146490,11.180340,470,-290,110,-580
2.4972,45.0,76.321547,1610,2605,125,0.146490,11.180340,-180,-290,-290,-180
2.4972,45.0,76.321547,1610,2605,125,0.146490,11.180340,180,290,290,180
2.4972,45.0,76.321547,1610,2605,125,0.146490,11.180340,-580,110,-290,470
2.4972,45.0,76.321547,1610,2605,125,0.146490,11.180340,180,-360,-110,-470
2.4972,45.0,76.321547,1610,2605,125,0.146490,11.180340,-180,360,110,470
2.4972,45.0,76.321547,1610,2605,125,0.146490,11.180340,580,-110,290,-470
2.4972,45.0,79.183125,1733,2804,205,0.180819,14.317821,-520,-80,-370,240
2.4972,45.0,79.183125,1733,2804,205,0.180819,14.317821,600,-150,280,-520
2.4972,45.0,79.183125,1733,2804,205,0.180819,14.317821,-600,80,-320,450
2.4972,45.0,79.183125,1733,2804,205,0.180819,14.317821,-450,320,-80,600
2.4972,45.0,79.183125,1733,2804,205,0.180819,14.317821,450,150,370,-130
2.4972,45.0,79.183125,1733,2804,205,0.180819,14.317821,130,-370,-150,-450
2.4972,45.0,79.183125,1733,2804,205,0.180819,14.317821,-130,-320,-280,-240
2.4972,45.0,79.183125,1733,2804,205,0.180819,14.317821,240,280,320,130
2.4972,45.0,79.183125,1733,2804,205,0.180819,14.317821,-240,370,80,520
2.4972,45.0,79.183125,1733,2804,205,0.180819,14.317821,520,-280,150,-600
2.4972,45.0,94.207096,2453,3969,205,0.151982,14.317821,-630,320,-190,710
2.4972,45.0,94.207096,2453,3969,205,0.151982,14.317821,-130,440,190,520
2.4972,45.0,94.207096,2453,3969,205,0.151982,14.317821,710,-80,390,-520
2.4972,45.0,94.207096,2453,3969,205,0.151982,14.317821,-710,190,-320,630
2.4972,45.0,94.207096,2453,3969,205,0.151982,14.317821,-310,-320,-390,-130
2.4972,45.0,94.207096,2453,3969,205,0.151982,14.317821,310,-440,-80,-630
2.4972,45.0,94.207096,2453,3969,205,0.151982,14.317821,-520,-190,-440,130
2.4972,45.0,94.207096,2453,3969,205,0.151982,14.317821,520,-390,80,-710
2.4972,45.0,94.207096,2453,3969,205,0.151982,14.317821,630,80,440,-310
2.4972,45.0,94.207096,2453,3969,205,0.151982,14.317821,130,390,320,310
2.4972,45.0,94.207096,2453,3969,205,0.151982,14.317821,520,190,440,-130
2.4972,45.0,94.207096,2453,3969,205,0.151982,14.317821,630,-320,190,-710
2.4972,45.0,94.207096,2453,3969,205,0.151982,14.317821,-630,-80,-440,310
2.4972,45.0,94.207096,2453,3969,205,0.151982,14.317821,-710,80,-390,520
2.4972,45.0,94.207096,2453,3969,205,0.151982,14.317821,-520,390,-80,710
2.4972,45.0,94.207096,2453,3969,205,0.151982,14.317821,-310,440,80,630
2.4972,45.0,94.207096,2453,3969,205,0.151982,14.317821,130,-440,-190,-520
2.4972,45.0,94.207096,2453,3969,205,0.151982,14.317821,-130,-390,-320,-310
2.4972,45.0,94.207096,2453,3969,205,0.151982,14.317821,310,320,390,130
2.4972,45.0,94.207096,2453,3969,205,0.151982,14.317821,710,-190,320,-630
2.4972,45.0,97.953988,2652,4291,155,0.127099,12.449900,500,230,450,-80
2.4972,45.0,97.953988,2652,4291,155,0.127099,12.449900,-500,420,-50,730
2.4972,45.0,97.953988,2652,4291,155,0.127099,12.449900,680,-310,230,-730
2.4972,45.0,97.953988,2652,4291,155,0.127099,12.449900,-680,-50,-450,370
2.4972,45.0,97.953988,2652,4291,155,0.127099,12.449900,-370,450,50,680
2.4972,45.0,97.953988,2652,4291,155,0.127099,12.449900,370,310,420,80
2.4972,45.0,97.953988,2652,4291,155,0.127099,12.449900,730,-230,310,-680
2.4972,45.0,97.953988,2652,4291,155,0.127099,12.449900,-730,50,-420,500
2.4972,45.0,97.953988,2652,4291,155,0.127099,12.449900,80,-450,-230,-500
2.4972,45.0,97.953988,2652,4291,155,0.127099,12.449900,-80,-420,-310,-370
2.4972,45.0,97.953988,2652,4291,155,0.127099,12.449900,680,50,450,-370
2.4972,45.0,97.953988,2652,4291,155,0.127099,12.449900,-730,230,-310,680
2.4972,45.0,97.953988,2652,4291,155,0.127099,12.449900,-500,-230,-450,80
2.4972,45.0,97.953988,2652,4291,155,0.127099,12.449900,730,-50,420,-500
2.4972,45.0,97.953988,2652,4291,155,0.127099,12.449900,-680,310,-230,730
2.4972,45.0,97.953988,2652,4291,155,0.127099,12.449900,-80,450,230,500
2.4972,45.0,97.953988,2652,4291,155,0.127099,12.449900,500,-420,50,-730
2.4972,45.0,97.953988,2652,4291,155,0.127099,12.449900,-370,-310,-420,-80
2.4972,45.0,97.953988,2652,4291,155,0.127099,12.449900,80,420,310,370
2.4972,45.0,97.953988,2652,4291,155,0.127099,12.449900,370,-450,-50,-680
2.4972,45.0,100.199664,2775,4490,275,0.165501,16.583124,760,-180,360,-650
2.4972,45.0,100.199664,2775,4490,275,0.165501,16.583124,-650,-110,-470,290
2.4972,45.0,100.199664,2775,4490,275,0.165501,16.583124,-290,470,110,650
2.4972,45.0,100.199664,2775,4490,275,0.165501,16.583124,580,180,470,-180
2.4972,45.0,100.199664,2775,4490,275,0.165501,16.583124,290,360,400,180
2.4972,45.0,100.199664,2775,4490,275,0.165501,16.583124,-180,-400,-360,-290
2.4972,45.0,100.199664,2775,4490,275,0.165501,16.583124,-760,110,-400,580
2.4972,45.0,100.199664,2775,4490,275,0.165501,16.583124,180,-470,-180,-580
2.4972,45.0,100.199664,2775,4490,275,0.165501,16.583124,-580,400,-110,760
2.4972,45.0,100.199664,2775,4490,275,0.165501,16.583124,650,-360,180,-760
2.4972,45.0,100.199664,2775,4490,275,0.165501,16.583124,760,-110,400,-580
2.4972,45.0,100.199664,2775,4490,275,0.165501,16.583124,-760,180,-360,650
2.4972,45.0,100.199664,2775,4490,275,0.165501,16.583124,650,110,470,-290
2.4972,45.0,100.199664,2775,4490,275,0.165501,16.583124,-650,360,-180,760
2.4972,45.0,100.199664,2775,4490,275,0.165501,16.583124,580,-400,110,-760
2.4972,45.0,100.199664,2775,4490,275,0.165501,16.583124,-580,-180,-470,180
2.4972,45.0,100.199664,2775,4490,275,0.165501,16.583124,-290,-360,-400,-180
2.4972,45.0,100.199664,2775,4490,275,0.165501,16.583124,180,400,360,290
2.4972,45.0,100.199664,2775,4490,275,0.165501,16.583124,290,-470,-110,-650
2.4972,45.0,100.199664,2775,4490,275,0.165501,16.583124,-180,470,180,580
2.4972,45.0,105.853523,3097,5011,355,0.177995,18.841444,-790,240,-340,730
2.4972,45.0,105.853523,3097,5011,355,0.177995,18.841444,390,-490,-60,-730
2.4972,45.0,105.853523,3097,5011,355,0.177995,18.841444,550,-450,60,-790
2.4972,45.0,105.853523,3097,5011,355,0.177995,18.841444,790,-60,450,-550
2.4972,45.0,105.853523,3097,5011,355,0.177995,18.841444,-100,490,240,550
2.4972,45.0,105.853523,3097,5011,355,0.177995,18.841444,730,60,490,-390
2.4972,45.0,105.853523,3097,5011,355,0.177995,18.841444,-730,340,-240,790
2.4972,45.0,105.853523,3097,5011,355,0.177995,18.841444,100,450,340,390
2.4972,45.0,105.853523,3097,5011,355,0.177995,18.841444,-550,-240,-490,100
2.4972,45.0,105.853523,3097,5011,355,0.177995,18.841444,-390,-340,-450,-100
2.4972,45.0,107.144699,3173,5134,155,0.116197,12.449900,710,-370,210,-810
2.4972,45.0,107.144699,3173,5134,155,0.116197,12.449900,340,370,440,160
2.4972,45.0,107.144699,3173,5134,155,0.116197,12.449900,-600,440,-100,810
2.4972,45.0,107.144699,3173,5134,155,0.116197,12.449900,-340,500,100,710
2.4972,45.0,107.144699,3173,5134,155,0.116197,12.449900,810,-210,370,-710
2.4972,45.0,107.144699,3173,5134,155,0.116197,12.449900,-710,-100,-500,340
2.4972,45.0,107.144699,3173,5134,155,0.116197,12.449900,-810,100,-440,600
2.4972,45.0,107.144699,3173,5134,155,0.116197,12.449900,-160,-440,-370,-340
2.4972,45.0,107.144699,3173,5134,155,0.116197,12.449900,600,210,500,-160
2.4972,45.0,107.144699,3173,5134,155,0.116197,12.449900,160,-500,-210,-600
2.4972,45.0,107.144699,3173,5134,155,0.116197,12.449900,810,-100,440,-600
2.4972,45.0,107.144699,3173,5134,155,0.116197,12.449900,710,100,500,-340
2.4972,45.0,107.144699,3173,5134,155,0.116197,12.449900,-810,210,-370,710
2.4972,45.0,107.144699,3173,5134,155,0.116197,12.449900,-600,-210,-500,160
2.4972,45.0,107.144699,3173,5134,155,0.116197,12.449900,-710,370,-210,810
2.4972,45.0,107.144699,3173,5134,155,0.116197,12.449900,340,-500,-100,-710
2.4972,45.0,107.144699,3173,5134,155,0.116197,12.449900,-340,-370,-440,-160
2.4972,45.0,107.144699,3173,5134,155,0.116197,12.449900,600,-440,100,-810
2.4972,45.0,107.144699,3173,5134,155,0.116197,12.449900,160,440,370,340
2.4972,45.0,107.144699,3173,5134,155,0.116197,12.449900,-160,500,210,600
2.4972,45.0,117.515862,3817,6176,305,0.148612,17.464249,30,520,340,500
2.4972,45.0,117.515862,3817,6176,305,0.148612,17.464249,550,-520,20,-860
2.4972,45.0,117.515862,3817,6176,305,0.148612,17.464249,-860,310,-340,840
2.4972,45.0,117.515862,3817,6176,305,0.148612,17.464249,860,-20,520,-550
2.4972,45.0,117.515862,3817,6176,305,0.148612,17.464249,500,-530,-20,-840
2.4972,45.0,117.515862,3817,6176,305,0.148612,17.464249,840,20,530,-500
2.4972,45.0,117.515862,3817,6176,305,0.148612,17.464249,-500,-340,-520,-30
2.4972,45.0,117.515862,3817,6176,305,0.148612,17.464249,-30,530,310,550
2.4972,45.0,117.515862,3817,6176,305,0.148612,17.464249,-550,-310,-530,30
2.4972,45.0,117.515862,3817,6176,305,0.148612,17.464249,-840,340,-310,860
2.4972,45.0,117.515862,3817,6176,305,0.148612,17.464249,30,-530,-310,-550
2.4972,45.0,117.515862,3817,6176,305,0.148612,17.464249,840,-340,310,-860
2.4972,45.0,117.515862,3817,6176,305,0.148612,17.464249,-500,530,20,840
2.4972,45.0,117.515862,3817,6176,305,0.148612,17.464249,-860,20,-520,550
2.4972,45.0,117.515862,3817,6176,305,0.148612,17.464249,500,340,520,30
2.4972,45.0,117.515862,3817,6176,305,0.148612,17.464249,-30,-520,-340,-500
2.4972,45.0,117.515862,3817,6176,305,0.148612,17.464249,550,310,530,-30
2.4972,45.0,117.515862,3817,6176,305,0.148612,17.464249,860,-310,340,-840
2.4972,45.0,117.515862,3817,6176,305,0.148612,17.464249,-550,520,-20,860
2.4972,45.0,117.515862,3817,6176,305,0.148612,17.464249,-840,-20,-530,500
2.4972,45.0,125.279610,4338,7019,305,0.139402,17.464249,50,550,370,520
2.4972,45.0,125.279610,4338,7019,305,0.139402,17.464249,600,-550,30,-920
2.4972,45.0,125.279610,4338,7019,305,0.139402,17.464249,-920,320,-370,890
2.4972,45.0,125.279610,4338,7019,305,0.139402,17.464249,920,-30,550,-600
2.4972,45.0,125.279610,4338,7019,305,0.139402,17.464249,520,-570,-30,-890
2.4972,45.0,125.279610,4338,7019,305,0.139402,17.464249,890,30,570,-520
2.4972,45.0,125.279610,4338,7019,305,0.139402,17.464249,-520,-370,-550,-50
2.4972,45.0,125.279610,4338,7019,305,0.139402,17.464249,-50,570,320,600
2.4972,45.0,125.279610,4338,7019,305,0.139402,17.464249,-600,-320,-570,50
2.4972,45.0,125.279610,4338,7019,305,0.139402,17.464249,-890,370,-320,920
2.4972,45.0,125.279610,4338,7019,305,0.139402,17.464249,50,-570,-320,-600
2.4972,45.0,125.279610,4338,7019,305,0.139402,17.464249,890,-370,320,-920
2.4972,45.0,125.279610,4338,7019,305,0.139402,17.464249,-520,570,30,890
2.4972,45.0,125.279610,4338,7019,305,0.139402,17.464249,-920,30,-550,600
2.4972,45.0,125.279610,4338,7019,305,0.139402,17.464249,520,370,550,50
2.4972,45.0,125.279610,4338,7019,305,0.139402,17.464249,-50,-550,-370,-520
2.4972,45.0,125.279610,4338,7019,305,0.139402,17.464249,600,320,570,-50
2.4972,45.0,125.279610,4338,7019,305,0.139402,17.464249,920,-320,370,-890
2.4972,45.0,125.279610,4338,7019,305,0.139402,17.464249,-600,550,-30,920
2.4972,45.0,125.279610,4338,7019,305,0.139402,17.464249,-890,-30,-570,520
2.4972,45.0,128.120988,4537,7341,205,0.111752,14.317821,730,-520,130,-970
2.4972,45.0,128.120988,4537,7341,205,0.111752,14.317821,970,-130,520,-730
2.4972,45.0,128.120988,4537,7341,205,0.111752,14.317821,-840,450,-240,970
2.4972,45.0,128.120988,4537,7341,205,0.111752,14.317821,210,520,450,390
2.4972,45.0,128.120988,4537,7341,205,0.111752,14.317821,-210,600,240,730
2.4972,45.0,128.120988,4537,7341,205,0.111752,14.317821,-730,-240,-600,210
2.4972,45.0,128.120988,4537,7341,205,0.111752,14.317821,390,-600,-130,-840
2.4972,45.0,128.120988,4537,7341,205,0.111752,14.317821,840,130,600,-390
2.4972,45.0,128.120988,4537,7341,205,0.111752,14.317821,-390,-450,-520,-210
2.4972,45.0,128.120988,4537,7341,205,0.111752,14.317821,-970,240,-450,840
2.4972,45.0,128.120988,4537,7341,205,0.111752,14.317821,-970,130,-520,730
2.4972,45.0,128.120988,4537,7341,205,0.111752,14.317821,730,240,600,-210
2.4972,45.0,128.120988,4537,7341,205,0.111752,14.317821,970,-240,450,-840
2.4972,45.0,128.120988,4537,7341,205,0.111752,14.317821,-840,-130,-600,390
2.4972,45.0,128.120988,4537,7341,205,0.111752,14.317821,-210,-520,-450,-390
2.4972,45.0,128.120988,4537,7341,205,0.111752,14.317821,390,450,520,210
2.4972,45.0,128.120988,4537,7341,205,0.111752,14.317821,210,-600,-240,-730
2.4972,45.0,128.120988,4537,7341,205,0.111752,14.317821,-390,600,130,840
2.4972,45.0,128.120988,4537,7341,205,0.111752,14.317821,-730,520,-130,970
2.4972,45.0,128.120988,4537,7341,205,0.111752,14.317821,840,-450,240,-970
2.4972,45.0,129.845971,4660,7540,400,0.154029,20.000000,0,580,360,580
2.4972,45.0,129.845971,4660,7540,400,0.154029,20.000000,580,-580,0,-940
2.4972,45.0,129.845971,4660,7540,400,0.154029,20.000000,-940,360,-360,940
2.4972,45.0,129.845971,4660,7540,400,0.154029,20.000000,940,0,580,-580
2.4972,45.0,129.845971,4660,7540,400,0.154029,20.000000,-580,-360,-580,0
2.4972,45.0,129.845971,4660,7540,400,0.154029,20.000000,0,-580,-360,-580
2.4972,45.0,129.845971,4660,7540,400,0.154029,20.000000,940,-360,360,-940
2.4972,45.0,129.845971,4660,7540,400,0.154029,20.000000,-580,580,0,940
2.4972,45.0,129.845971,4660,7540,400,0.154029,20.000000,-940,0,-580,580
2.4972,45.0,129.845971,4660,7540,400,0.154029,20.000000,580,360,580,0
2.4972,45.0,131.548337,4783,7739,605,0.186979,24.596748,890,100,610,-450
2.4972,45.0,131.548337,4783,7739,605,0.186979,24.596748,-450,-440,-550,-160
2.4972,45.0,131.548337,4783,7739,605,0.186979,24.596748,990,-100,550,-710
2.4972,45.0,131.548337,4783,7739,605,0.186979,24.596748,-710,-280,-610,160
2.4972,45.0,131.548337,4783,7739,605,0.186979,24.596748,160,550,440,450
2.4972,45.0,131.548337,4783,7739,605,0.186979,24.596748,-890,440,-280,990
2.4972,45.0,131.548337,4783,7739,605,0.186979,24.596748,-990,280,-440,890
2.4972,45.0,131.548337,4783,7739,605,0.186979,24.596748,710,-550,100,-990
2.4972,45.0,131.548337,4783,7739,605,0.186979,24.596748,450,-610,-100,-890
2.4972,45.0,131.548337,4783,7739,605,0.186979,24.596748,-160,610,280,710
2.4972,45.0,134.257111,4982,8061,505,0.167382,22.472205,860,160,630,-370
2.4972,45.0,134.257111,4982,8061,505,0.167382,22.472205,1020,-160,530,-790
2.4972,45.0,134.257111,4982,8061,505,0.167382,22.472205,-860,490,-230,1020
2.4972,45.0,134.257111,4982,8061,505,0.167382,22.472205,-370,-490,-530,-260
2.4972,45.0,134.257111,4982,8061,505,0.167382,22.472205,-260,630,230,790
2.4972,45.0,134.257111,4982,8061,505,0.167382,22.472205,370,-630,-160,-860
2.4972,45.0,134.257111,4982,8061,505,0.167382,22.472205,260,530,490,370
2.4972,45.0,134.257111,4982,8061,505,0.167382,22.472205,790,-530,160,-1020
2.4972,45.0,134.257111,4982,8061,505,0.167382,22.472205,-790,-230,-630,260
2.4972,45.0,134.257111,4982,8061,505,0.167382,22.472205,-1020,230,-490,860
2.4972,45.0,134.257111,4982,8061,505,0.167382,22.472205,790,230,630,-260
2.4972,45.0,134.257111,4982,8061,505,0.167382,22.472205,1020,-230,490,-860
2.4972,45.0,134.257111,4982,8061,505,0.167382,22.472205,-790,530,-160,1020
2.4972,45.0,134.257111,4982,8061,505,0.167382,22.472205,-260,-530,-490,-370
2.4972,45.0,134.257111,4982,8061,505,0.167382,22.472205,-370,630,160,860
2.4972,45.0,134.257111,4982,8061,505,0.167382,22.472205,260,-630,-230,-790
2.4972,45.0,134.257111,4982,8061,505,0.167382,22.472205,370,490,530,260
2.4972,45.0,134.257111,4982,8061,505,0.167382,22.472205,860,-490,230,-1020
2.4972,45.0,134.257111,4982,8061,505,0.167382,22.472205,-860,-160,-630,370
2.4972,45.0,134.257111,4982,8061,505,0.167382,22.472205,-1020,160,-530,790
2.4972,45.0,139.516973,5380,8705,275,0.118861,16.583124,940,110,650,-470
2.4972,45.0,139.516973,5380,8705,275,0.118861,16.583124,-470,-470,-580,-180
2.4972,45.0,139.516973,5380,8705,275,0.118861,16.583124,1050,-110,580,-760
2.4972,45.0,139.516973,5380,8705,275,0.118861,16.583124,-760,-290,-650,180
2.4972,45.0,139.516973,5380,8705,275,0.118861,16.583124,180,580,470,470
2.4972,45.0,139.516973,5380,8705,275,0.118861,16.583124,-940,470,-290,1050
2.4972,45.0,139.516973,5380,8705,275,0.118861,16.583124,-1050,290,-470,940
2.4972,45.0,139.516973,5380,8705,275,0.118861,16.583124,760,-580,110,-1050
2.4972,45.0,139.516973,5380,8705,275,0.118861,16.583124,470,-650,-110,-940
2.4972,45.0,139.516973,5380,8705,275,0.118861,16.583124,-180,650,290,760
2.4972,45.0,139.516973,5380,8705,275,0.118861,16.583124,-940,-110,-650,470
2.4972,45.0,139.516973,5380,8705,275,0.118861,16.583124,180,-650,-290,-760
2.4972,45.0,139.516973,5380,8705,275,0.118861,16.583124,940,-470,290,-1050
2.4972,45.0,139.516973,5380,8705,275,0.118861,16.583124,760,290,650,-180
2.4972,45.0,139.516973,5380,8705,275,0.118861,16.583124,1050,-290,470,-940
2.4972,45.0,139.516973,5380,8705,275,0.118861,16.583124,-180,-580,-470,-470
2.4972,45.0,139.516973,5380,8705,275,0.118861,16.583124,-470,650,110,940
2.4972,45.0,139.516973,5380,8705,275,0.118861,16.583124,-760,580,-110,1050
2.4972,45.0,139.516973,5380,8705,275,0.118861,16.583124,-1050,110,-580,760
2.4972,45.0,139.516973,5380,8705,275,0.118861,16.583124,470,470,580,180
2.4972,45.0,141.102710,5503,8904,505,0.159261,22.472205,920,150,660,-420
2.4972,45.0,141.102710,5503,8904,505,0.159261,22.472205,1070,-150,570,-810
2.4972,45.0,141.102710,5503,8904,505,0.159261,22.472205,-920,500,-260,1070
2.4972,45.0,141.102710,5503,8904,505,0.159261,22.472205,-420,-500,-570,-240
2.4972,45.0,141.102710,5503,8904,505,0.159261,22.472205,-240,660,260,810
2.4972,45.0,141.102710,5503,8904,505,0.159261,22.472205,420,-660,-150,-920
2.4972,45.0,141.102710,5503,8904,505,0.159261,22.472205,240,570,500,420
2.4972,45.0,141.102710,5503,8904,505,0.159261,22.472205,810,-570,150,-1070
2.4972,45.0,141.102710,5503,8904,505,0.159261,22.472205,-810,-260,-660,240
2.4972,45.0,141.102710,5503,8904,505,0.159261,22.472205,-1070,260,-500,920
2.4972,45.0,141.102710,5503,8904,505,0.159261,22.472205,810,260,660,-240
2.4972,45.0,141.102710,5503,8904,505,0.159261,22.472205,1070,-260,500,-920
2.4972,45.0,141.102710,5503,8904,505,0.159261,22.472205,-810,570,-150,1070
2.4972,45.0,141.102710,5503,8904,505,0.159261,22.472205,-240,-570,-500,-420
2.4972,45.0,141.102710,5503,8904,505,0.159261,22.472205,-420,660,150,920
2.4972,45.0,141.102710,5503,8904,505,0.159261,22.472205,240,-660,-260,-810
2.4972,45.0,141.102710,5503,8904,505,0.159261,22.472205,420,500,570,240
2.4972,45.0,141.102710,5503,8904,505,0.159261,22.472205,920,-500,260,-1070
2.4972,45.0,141.102710,5503,8904,505,0.159261,22.472205,-920,-150,-660,420
2.4972,45.0,141.102710,5503,8904,505,0.159261,22.472205,-1070,150,-570,810
2.4972,45.0,145.172209,5825,9425,625,0.172209,25.000000,0,650,400,650
2.4972,45.0,145.172209,5825,9425,625,0.172209,25.000000,650,-650,0,-1050
2.4972,45.0,145.172209,5825,9425,625,0.172209,25.000000,-1050,400,-400,1050
2.4972,45.0,145.172209,5825,9425,625,0.172209,25.000000,1050,0,650,-650
2.4972,45.0,145.172209,5825,9425,625,0.172209,25.000000,-650,-400,-650,0
2.4972,45.0,150.049939,6223,10069,355,0.125568,18.841444,50,660,440,630
2.4972,45.0,150.049939,6223,10069,355,0.125568,18.841444,710,-660,30,-1100
2.4972,45.0,150.049939,6223,10069,355,0.125568,18.841444,-1100,390,-440,1070
2.4972,45.0,150.049939,6223,10069,355,0.125568,18.841444,1100,-30,660,-710
2.4972,45.0,150.049939,6223,10069,355,0.125568,18.841444,630,-680,-30,-1070
2.4972,45.0,150.049939,6223,10069,355,0.125568,18.841444,1070,30,680,-630
2.4972,45.0,150.049939,6223,10069,355,0.125568,18.841444,-630,-440,-660,-50
2.4972,45.0,150.049939,6223,10069,355,0.125568,18.841444,-50,680,390,710
2.4972,45.0,150.049939,6223,10069,355,0.125568,18.841444,-710,-390,-680,50
2.4972,45.0,150.049939,6223,10069,355,0.125568,18.841444,-1070,440,-390,1100
2.4972,45.0,150.049939,6223,10069,355,0.125568,18.841444,50,-680,-390,-710
2.4972,45.0,150.049939,6223,10069,355,0.125568,18.841444,1070,-440,390,-1100
2.4972,45.0,150.049939,6223,10069,355,0.125568,18.841444,-630,680,30,1070
2.4972,45.0,150.049939,6223,10069,355,0.125568,18.841444,-1100,30,-660,710
2.4972,45.0,150.049939,6223,10069,355,0.125568,18.841444,630,440,660,50
2.4972,45.0,150.049939,6223,10069,355,0.125568,18.841444,-50,-660,-440,-630
2.4972,45.0,150.049939,6223,10069,355,0.125568,18.841444,710,390,680,-50
2.4972,45.0,150.049939,6223,10069,355,0.125568,18.841444,1100,-390,440,-1070
2.4972,45.0,150.049939,6223,10069,355,0.125568,18.841444,-710,660,-30,1100
2.4972,45.0,150.049939,6223,10069,355,0.125568,18.841444,-1070,-30,-680,630
2.4972,45.0,155.322145,6668,10789,755,0.176905,27.477263,920,260,730,-310
2.4972,45.0,155.322145,6668,10789,755,0.176905,27.477263,1180,-260,570,-990
2.4972,45.0,155.322145,6668,10789,755,0.176905,27.477263,-920,610,-190,1180
2.4972,45.0,155.322145,6668,10789,755,0.176905,27.477263,-310,-610,-570,-420
2.4972,45.0,155.322145,6668,10789,755,0.176905,27.477263,-420,730,190,990
2.4972,45.0,155.322145,6668,10789,755,0.176905,27.477263,310,-730,-260,-920
2.4972,45.0,155.322145,6668,10789,755,0.176905,27.477263,420,570,610,310
2.4972,45.0,155.322145,6668,10789,755,0.176905,27.477263,990,-570,260,-1180
2.4972,45.0,155.322145,6668,10789,755,0.176905,27.477263,-990,-190,-730,420
2.4972,45.0,155.322145,6668,10789,755,0.176905,27.477263,-1180,190,-610,920
2.4972,45.0,157.622891,6867,11111,605,0.156048,24.596748,970,230,740,-370
2.4972,45.0,157.622891,6867,11111,605,0.156048,24.596748,1200,-230,600,-970
2.4972,45.0,157.622891,6867,11111,605,0.156048,24.596748,-970,600,-230,1200
2.4972,45.0,157.622891,6867,11111,605,0.156048,24.596748,-370,-600,-600,-370
2.4972,45.0,157.622891,6867,11111,605,0.156048,24.596748,-370,740,230,970
2.4972,45.0,157.622891,6867,11111,605,0.156048,24.596748,370,-740,-230,-970
2.4972,45.0,157.622891,6867,11111,605,0.156048,24.596748,370,600,600,370
2.4972,45.0,157.622891,6867,11111,605,0.156048,24.596748,970,-600,230,-1200
2.4972,45.0,157.622891,6867,11111,605,0.156048,24.596748,-970,-230,-740,370
2.4972,45.0,157.622891,6867,11111,605,0.156048,24.596748,-1200,230,-600,970
2.4972,45.0,157.622891,6867,11111,605,0.156048,24.596748,30,700,450,680
2.4972,45.0,157.622891,6867,11111,605,0.156048,24.596748,730,-700,20,-1150
2.4972,45.0,157.622891,6867,11111,605,0.156048,24.596748,-1150,420,-450,1130
2.4972,45.0,157.622891,6867,11111,605,0.156048,24.596748,1150,-20,700,-730
2.4972,45.0,157.622891,6867,11111,605,0.156048,24.596748,680,-710,-20,-1130
2.4972,45.0,157.622891,6867,11111,605,0.156048,24.596748,1130,20,710,-680
2.4972,45.0,157.622891,6867,11111,605,0.156048,24.596748,-680,-450,-700,-30
2.4972,45.0,157.622891,6867,11111,605,0.156048,24.596748,-30,710,420,730
2.4972,45.0,157.622891,6867,11111,605,0.156048,24.596748,-730,-420,-710,30
2.4972,45.0,157.622891,6867,11111,605,0.156048,24.596748,-1130,450,-420,1150
2.4972,45.0,157.622891,6867,11111,605,0.156048,24.596748,30,-710,-420,-730
2.4972,45.0,157.622891,6867,11111,605,0.156048,24.596748,1130,-450,420,-1150
2.4972,45.0,157.622891,6867,11111,605,0.156048,24.596748,-680,710,20,1130
2.4972,45.0,157.622891,6867,11111,605,0.156048,24.596748,-1150,20,-700,730
2.4972,45.0,157.622891,6867,11111,605,0.156048,24.596748,680,450,700,30
2.4972,45.0,157.622891,6867,11111,605,0.156048,24.596748,-30,-700,-450,-680
2.4972,45.0,157.622891,6867,11111,605,0.156048,24.596748,730,420,710,-30
2.4972,45.0,157.622891,6867,11111,605,0.156048,24.596748,1150,-420,450,-1130
2.4972,45.0,157.622891,6867,11111,605,0.156048,24.596748,-730,700,-20,1150
2.4972,45.0,157.622891,6867,11111,605,0.156048,24.596748,-1130,-20,-710,680
2.4972,45.0,162.126462,7265,11755,275,0.102285,16.583124,940,290,760,-290
2.4972,45.0,162.126462,7265,11755,275,0.102285,16.583124,1230,-290,580,-1050
2.4972,45.0,162.126462,7265,11755,275,0.102285,16.583124,-940,650,-180,1230
2.4972,45.0,162.126462,7265,11755,275,0.102285,16.583124,-290,-650,-580,-470
2.4972,45.0,162.126462,7265,11755,275,0.102285,16.583124,-470,760,180,1050
2.4972,45.0,162.126462,7265,11755,275,0.102285,16.583124,290,-760,-290,-940
2.4972,45.0,162.126462,7265,11755,275,0.102285,16.583124,470,580,650,290
2.4972,45.0,162.126462,7265,11755,275,0.102285,16.583124,1050,-580,290,-1230
2.4972,45.0,162.126462,7265,11755,275,0.102285,16.583124,-1050,-180,-760,470
2.4972,45.0,162.126462,7265,11755,275,0.102285,16.583124,-1230,180,-650,940
2.4972,45.0,165.680371,7587,12276,405,0.121466,20.124612,1020,240,780,-390
2.4972,45.0,165.680371,7587,12276,405,0.121466,20.124612,1260,-240,630,-1020
2.4972,45.0,165.680371,7587,12276,405,0.121466,20.124612,-1020,630,-240,1260
2.4972,45.0,165.680371,7587,12276,405,0.121466,20.124612,-390,-630,-630,-390
2.4972,45.0,165.680371,7587,12276,405,0.121466,20.124612,-390,780,240,1020
2.4972,45.0,165.680371,7587,12276,405,0.121466,20.124612,390,-780,-240,-1020
2.4972,45.0,165.680371,7587,12276,405,0.121466,20.124612,390,630,630,390
2.4972,45.0,165.680371,7587,12276,405,0.121466,20.124612,1020,-630,240,-1260
2.4972,45.0,165.680371,7587,12276,405,0.121466,20.124612,-1020,-240,-780,390
2.4972,45.0,165.680371,7587,12276,405,0.121466,20.124612,-1260,240,-630,1020
2.4972,45.0,168.344774,7833,12674,1055,0.192942,32.480764,1000,280,790,-340
2.4972,45.0,168.344774,7833,12674,1055,0.192942,32.480764,1280,-280,620,-1070
2.4972,45.0,168.344774,7833,12674,1055,0.192942,32.480764,-1000,660,-210,1280
2.4972,45.0,168.344774,7833,12674,1055,0.192942,32.480764,-340,-660,-620,-450
2.4972,45.0,168.344774,7833,12674,1055,0.192942,32.480764,-450,790,210,1070
2.4972,45.0,168.344774,7833,12674,1055,0.192942,32.480764,340,-790,-280,-1000
2.4972,45.0,168.344774,7833,12674,1055,0.192942,32.480764,450,620,660,340
2.4972,45.0,168.344774,7833,12674,1055,0.192942,32.480764,1070,-620,280,-1280
2.4972,45.0,168.344774,7833,12674,1055,0.192942,32.480764,-1070,-210,-790,450
2.4972,45.0,168.344774,7833,12674,1055,0.192942,32.480764,-1280,210,-660,1000
2.4972,45.0,170.469850,8032,12996,880,0.174018,29.664794,100,-780,-420,-840
2.4972,45.0,170.469850,8032,12996,880,0.174018,29.664794,1200,-520,420,-1260
2.4972,45.0,170.469850,8032,12996,880,0.174018,29.664794,-680,780,60,1200
2.4972,45.0,170.469850,8032,12996,880,0.174018,29.664794,-1260,60,-740,840
2.4972,45.0,170.469850,8032,12996,880,0.174018,29.664794,680,520,740,100
2.4972,45.0,170.469850,8032,12996,880,0.174018,29.664794,-100,-740,-520,-680
2.4972,45.0,170.469850,8032,12996,880,0.174018,29.664794,840,420,780,-100
2.4972,45.0,170.469850,8032,12996,880,0.174018,29.664794,1260,-420,520,-1200
2.4972,45.0,170.469850,8032,12996,880,0.174018,29.664794,-840,740,-60,1260
2.4972,45.0,170.469850,8032,12996,880,0.174018,29.664794,-1200,-60,-780,680
2.4972,45.0,171.274598,8108,13119,355,0.110007,18.841444,890,390,790,-160
2.4972,45.0,171.274598,8108,13119,355,0.110007,18.841444,1280,-390,550,-1180
2.4972,45.0,171.274598,8108,13119,355,0.110007,18.841444,-890,730,-100,1280
2.4972,45.0,171.274598,8108,13119,355,0.110007,18.841444,-160,-730,-550,-630
2.4972,45.0,171.274598,8108,13119,355,0.110007,18.841444,-630,790,100,1180
2.4972,45.0,171.274598,8108,13119,355,0.110007,18.841444,160,-790,-390,-890
2.4972,45.0,171.274598,8108,13119,355,0.110007,18.841444,630,550,730,160
2.4972,45.0,171.274598,8108,13119,355,0.110007,18.841444,1180,-550,390,-1280
2.4972,45.0,171.274598,8108,13119,355,0.110007,18.841444,-1180,-100,-790,630
2.4972,45.0,171.274598,8108,13119,355,0.110007,18.841444,-1280,100,-730,890
2.4972,45.0,177.946563,8752,14161,655,0.143824,25.592968,80,780,530,730
2.4972,45.0,177.946563,8752,14161,655,0.143824,25.592968,860,-780,50,-1310
2.4972,45.0,177.946563,8752,14161,655,0.143824,25.592968,-1310,450,-530,1260
2.4972,45.0,177.946563,8752,14161,655,0.143824,25.592968,1310,-50,780,-860
2.4972,45.0,177.946563,8752,14161,655,0.143824,25.592968,730,-810,-50,-1260
2.4972,45.0,177.946563,8752,14161,655,0.143824,25.592968,1260,50,810,-730
2.4972,45.0,177.946563,8752,14161,655,0.143824,25.592968,-730,-530,-780,-80
2.4972,45.0,177.946563,8752,14161,655,0.143824,25.592968,-80,810,450,860
2.4972,45.0,177.946563,8752,14161,655,0.143824,25.592968,-860,-450,-810,80
2.4972,45.0,177.946563,8752,14161,655,0.143824,25.592968,-1260,530,-450,1310
2.4972,45.0,177.946563,8752,14161,655,0.143824,25.592968,80,-810,-450,-860
2.4972,45.0,177.946563,8752,14161,655,0.143824,25.592968,1260,-530,450,-1310
2.4972,45.0,177.946563,8752,14161,655,0.143824,25.592968,-730,810,50,1260
2.4972,45.0,177.946563,8752,14161,655,0.143824,25.592968,-1310,50,-780,860
2.4972,45.0,177.946563,8752,14161,655,0.143824,25.592968,730,530,780,80
2.4972,45.0,177.946563,8752,14161,655,0.143824,25.592968,-80,-780,-530,-730
2.4972,45.0,177.946563,8752,14161,655,0.143824,25.592968,860,450,810,-80
2.4972,45.0,177.946563,8752,14161,655,0.143824,25.592968,1310,-450,530,-1260
2.4972,45.0,177.946563,8752,14161,655,0.143824,25.592968,-860,780,-50,1310
2.4972,45.0,177.946563,8752,14161,655,0.143824,25.592968,-1260,-50,-810,730
2.4972,45.0,179.192545,8875,14360,1025,0.178666,32.015621,940,400,830,-180
2.4972,45.0,179.192545,8875,14360,1025,0.178666,32.015621,1340,-400,580,-1230
2.4972,45.0,179.192545,8875,14360,1025,0.178666,32.015621,-940,760,-110,1340
2.4972,45.0,179.192545,8875,14360,1025,0.178666,32.015621,-180,-760,-580,-650
2.4972,45.0,179.192545,8875,14360,1025,0.178666,32.015621,-650,830,110,1230
2.4972,45.0,179.192545,8875,14360,1025,0.178666,32.015621,180,-830,-400,-940
2.4972,45.0,179.192545,8875,14360,1025,0.178666,32.015621,650,580,760,180
2.4972,45.0,179.192545,8875,14360,1025,0.178666,32.015621,1230,-580,400,-1340
2.4972,45.0,179.192545,8875,14360,1025,0.178666,32.015621,-1230,-110,-830,650
2.4972,45.0,179.192545,8875,14360,1025,0.178666,32.015621,-1340,110,-760,940
2.4972,45.0,183.166542,9273,15004,605,0.134286,24.596748,1180,210,860,-520
2.4972,45.0,183.166542,9273,15004,605,0.134286,24.596748,1390,-210,730,-1070
2.4972,45.0,183.166542,9273,15004,605,0.134286,24.596748,-1180,660,-320,1390
2.4972,45.0,183.166542,9273,15004,605,0.134286,24.596748,-520,-660,-730,-340
2.4972,45.0,183.166542,9273,15004,605,0.134286,24.596748,-340,860,320,1070
2.4972,45.0,183.166542,9273,15004,605,0.134286,24.596748,520,-860,-210,-1180
2.4972,45.0,183.166542,9273,15004,605,0.134286,24.596748,340,730,660,520
2.4972,45.0,183.166542,9273,15004,605,0.134286,24.596748,1070,-730,210,-1390
2.4972,45.0,183.166542,9273,15004,605,0.134286,24.596748,-1070,-320,-860,340
2.4972,45.0,183.166542,9273,15004,605,0.134286,24.596748,-1390,320,-660,1180
2.4972,45.0,183.166542,9273,15004,605,0.134286,24.596748,130,790,570,710
2.4972,45.0,183.166542,9273,15004,605,0.134286,24.596748,920,-790,80,-1360
2.4972,45.0,183.166542,9273,15004,605,0.134286,24.596748,-1360,440,-570,1280
2.4972,45.0,183.166542,9273,15004,605,0.134286,24.596748,1360,-80,790,-920
2.4972,45.0,183.166542,9273,15004,605,0.134286,24.596748,710,-840,-80,-1280
2.4972,45.0,183.166542,9273,15004,605,0.134286,24.596748,1280,80,840,-710
2.4972,45.0,183.166542,9273,15004,605,0.134286,24.596748,-710,-570,-790,-130
2.4972,45.0,183.166542,9273,15004,605,0.134286,24.596748,-130,840,440,920
2.4972,45.0,183.166542,9273,15004,605,0.134286,24.596748,-920,-440,-840,130
2.4972,45.0,183.166542,9273,15004,605,0.134286,24.596748,-1280,570,-440,1360
2.4972,45.0,183.166542,9273,15004,605,0.134286,24.596748,1070,320,860,-340
2.4972,45.0,183.166542,9273,15004,605,0.134286,24.596748,1390,-320,660,-1180
2.4972,45.0,183.166542,9273,15004,605,0.134286,24.596748,-1070,730,-210,1390
2.4972,45.0,183.166542,9273,15004,605,0.134286,24.596748,-340,-730,-660,-520
2.4972,45.0,183.166542,9273,15004,605,0.134286,24.596748,-520,860,210,1180
2.4972,45.0,183.166542,9273,15004,605,0.134286,24.596748,340,-860,-320,-1070
2.4972,45.0,183.166542,9273,15004,605,0.134286,24.596748,520,660,730,340
2.4972,45.0,183.166542,9273,15004,605,0.134286,24.596748,1180,-660,320,-1390
2.4972,45.0,183.166542,9273,15004,605,0.134286,24.596748,-1180,-210,-860,520
2.4972,45.0,183.166542,9273,15004,605,0.134286,24.596748,-1390,210,-730,1070
2.4972,45.0,183.166542,9273,15004,605,0.134286,24.596748,130,-840,-440,-920
2.4972,45.0,183.166542,9273,15004,605,0.134286,24.596748,1280,-570,440,-1360
2.4972,45.0,183.166542,9273,15004,605,0.134286,24.596748,-710,840,80,1280
2.4972,45.0,183.166542,9273,15004,605,0.134286,24.596748,-1360,80,-790,920
2.4972,45.0,183.166542,9273,15004,605,0.134286,24.596748,710,570,790,130
2.4972,45.0,183.166542,9273,15004,605,0.134286,24.596748,-130,-790,-570,-710
2.4972,45.0,183.166542,9273,15004,605,0.134286,24.596748,920,440,840,-130
2.4972,45.0,183.166542,9273,15004,605,0.134286,24.596748,1360,-440,570,-1280
2.4972,45.0,183.166542,9273,15004,605,0.134286,24.596748,-920,790,-80,1360
2.4972,45.0,183.166542,9273,15004,605,0.134286,24.596748,-1280,-80,-840,710
2.4972,45.0,186.319558,9595,15525,775,0.149414,27.838822,1230,180,870,-580
2.4972,45.0,186.319558,9595,15525,775,0.149414,27.838822,1410,-180,760,-1050
2.4972,45.0,186.319558,9595,15525,775,0.149414,27.838822,-1230,650,-360,1410
2.4972,45.0,186.319558,9595,15525,775,0.149414,27.838822,-580,-650,-760,-290
2.4972,45.0,186.319558,9595,15525,775,0.149414,27.838822,-290,870,360,1050
2.4972,45.0,186.319558,9595,15525,775,0.149414,27.838822,580,-870,-180,-1230
2.4972,45.0,186.319558,9595,15525,775,0.149414,27.838822,290,760,650,580
2.4972,45.0,186.319558,9595,15525,775,0.149414,27.838822,1050,-760,180,-1410
2.4972,45.0,186.319558,9595,15525,775,0.149414,27.838822,-1050,-360,-870,290
2.4972,45.0,186.319558,9595,15525,775,0.149414,27.838822,-1410,360,-650,1230
2.4972,45.0,186.319558,9595,15525,775,0.149414,27.838822,1050,360,870,-290
2.4972,45.0,186.319558,9595,15525,775,0.149414,27.838822,1410,-360,650,-1230
2.4972,45.0,186.319558,9595,15525,775,0.149414,27.838822,-1050,760,-180,1410
2.4972,45.0,186.319558,9595,15525,775,0.149414,27.838822,-290,-760,-650,-580
2.4972,45.0,186.319558,9595,15525,775,0.149414,27.838822,-580,870,180,1230
2.4972,45.0,186.319558,9595,15525,775,0.149414,27.838822,290,-870,-360,-1050
2.4972,45.0,186.319558,9595,15525,775,0.149414,27.838822,580,650,760,290
2.4972,45.0,186.319558,9595,15525,775,0.149414,27.838822,1230,-650,360,-1410
2.4972,45.0,186.319558,9595,15525,775,0.149414,27.838822,-1230,-180,-870,580
2.4972,45.0,186.319558,9595,15525,775,0.149414,27.838822,-1410,180,-760,1050
2.4972,45.0,189.420098,9917,16046,955,0.163146,30.903074,1200,240,890,-500
2.4972,45.0,189.420098,9917,16046,955,0.163146,30.903074,1440,-240,740,-1130
2.4972,45.0,189.420098,9917,16046,955,0.163146,30.903074,-1200,700,-310,1440
2.4972,45.0,189.420098,9917,16046,955,0.163146,30.903074,-500,-700,-740,-390
2.4972,45.0,189.420098,9917,16046,955,0.163146,30.903074,-390,890,310,1130
2.4972,45.0,189.420098,9917,16046,955,0.163146,30.903074,500,-890,-240,-1200
2.4972,45.0,189.420098,9917,16046,955,0.163146,30.903074,390,740,700,500
2.4972,45.0,189.420098,9917,16046,955,0.163146,30.903074,1130,-740,240,-1440
2.4972,45.0,189.420098,9917,16046,955,0.163146,30.903074,-1130,-310,-890,390
2.4972,45.0,189.420098,9917,16046,955,0.163146,30.903074,-1440,310,-700,1200
2.4972,45.0,189.420098,9917,16046,955,0.163146,30.903074,1130,310,890,-390
2.4972,45.0,189.420098,9917,16046,955,0.163146,30.903074,1440,-310,700,-1200
2.4972,45.0,189.420098,9917,16046,955,0.163146,30.903074,-1130,740,-240,1440
2.4972,45.0,189.420098,9917,16046,955,0.163146,30.903074,-390,-740,-700,-500
2.4972,45.0,189.420098,9917,16046,955,0.163146,30.903074,-500,890,240,1200
2.4972,45.0,189.420098,9917,16046,955,0.163146,30.903074,390,-890,-310,-1130
2.4972,45.0,189.420098,9917,16046,955,0.163146,30.903074,500,700,740,390
2.4972,45.0,189.420098,9917,16046,955,0.163146,30.903074,1200,-700,310,-1440
2.4972,45.0,189.420098,9917,16046,955,0.163146,30.903074,-1200,-240,-890,500
2.4972,45.0,189.420098,9917,16046,955,0.163146,30.903074,-1440,240,-740,1130
2.4972,45.0,194.332128,10438,16889,905,0.154803,30.083218,1280,190,910,-600
2.4972,45.0,194.332128,10438,16889,905,0.154803,30.083218,1470,-190,790,-1100
2.4972,45.0,194.332128,10438,16889,905,0.154803,30.083218,-1280,680,-370,1470
2.4972,45.0,194.332128,10438,16889,905,0.154803,30.083218,-600,-680,-790,-310
2.4972,45.0,194.332128,10438,16889,905,0.154803,30.083218,-310,910,370,1100
2.4972,45.0,194.332128,10438,16889,905,0.154803,30.083218,600,-910,-190,-1280
2.4972,45.0,194.332128,10438,16889,905,0.154803,30.083218,310,790,680,600
2.4972,45.0,194.332128,10438,16889,905,0.154803,30.083218,1100,-790,190,-1470
2.4972,45.0,194.332128,10438,16889,905,0.154803,30.083218,-1100,-370,-910,310
2.4972,45.0,194.332128,10438,16889,905,0.154803,30.083218,-1470,370,-680,1280
2.4972,45.0,194.332128,10438,16889,905,0.154803,30.083218,1100,370,910,-310
2.4972,45.0,194.332128,10438,16889,905,0.154803,30.083218,1470,-370,680,-1280
2.4972,45.0,194.332128,10438,16889,905,0.154803,30.083218,-1100,790,-190,1470
2.4972,45.0,194.332128,10438,16889,905,0.154803,30.083218,-310,-790,-680,-600
2.4972,45.0,194.332128,10438,16889,905,0.154803,30.083218,-600,910,190,1280
2.4972,45.0,194.332128,10438,16889,905,0.154803,30.083218,310,-910,-370,-1100
2.4972,45.0,194.332128,10438,16889,905,0.154803,30.083218,600,680,790,310
2.4972,45.0,194.332128,10438,16889,905,0.154803,30.083218,1280,-680,370,-1470
2.4972,45.0,194.332128,10438,16889,905,0.154803,30.083218,-1280,-190,-910,600
2.4972,45.0,194.332128,10438,16889,905,0.154803,30.083218,-1470,190,-790,1100
2.4972,45.0,196.175898,10637,17211,655,0.130459,25.592968,1260,230,920,-550
2.4972,45.0,196.175898,10637,17211,655,0.130459,25.592968,1490,-230,780,-1150
2.4972,45.0,196.175898,10637,17211,655,0.130459,25.592968,-1260,710,-340,1490
2.4972,45.0,196.175898,10637,17211,655,0.130459,25.592968,-550,-710,-780,-370
2.4972,45.0,196.175898,10637,17211,655,0.130459,25.592968,-370,920,340,1150
2.4972,45.0,196.175898,10637,17211,655,0.130459,25.592968,550,-920,-230,-1260
2.4972,45.0,196.175898,10637,17211,655,0.130459,25.592968,370,780,710,550
2.4972,45.0,196.175898,10637,17211,655,0.130459,25.592968,1150,-780,230,-1490
2.4972,45.0,196.175898,10637,17211,655,0.130459,25.592968,-1150,-340,-920,370
2.4972,45.0,196.175898,10637,17211,655,0.130459,25.592968,-1490,340,-710,1260
2.4972,45.0,196.175898,10637,17211,655,0.130459,25.592968,1150,340,920,-370
2.4972,45.0,196.175898,10637,17211,655,0.130459,25.592968,1490,-340,710,-1260
2.4972,45.0,196.175898,10637,17211,655,0.130459,25.592968,-1150,780,-230,1490
2.4972,45.0,196.175898,10637,17211,655,0.130459,25.592968,-370,-780,-710,-550
2.4972,45.0,196.175898,10637,17211,655,0.130459,25.592968,-550,920,230,1260
2.4972,45.0,196.175898,10637,17211,655,0.130459,25.592968,370,-920,-340,-1150
2.4972,45.0,196.175898,10637,17211,655,0.130459,25.592968,550,710,780,370
2.4972,45.0,196.175898,10637,17211,655,0.130459,25.592968,1260,-710,340,-1490
2.4972,45.0,196.175898,10637,17211,655,0.130459,25.592968,-1260,-230,-920,550
2.4972,45.0,196.175898,10637,17211,655,0.130459,25.592968,-1490,230,-780,1150
2.4972,45.0,203.801328,11480,18575,775,0.136598,27.838822,180,870,650,760
2.4972,45.0,203.801328,11480,18575,775,0.136598,27.838822,1050,-870,110,-1520
2.4972,45.0,203.801328,11480,18575,775,0.136598,27.838822,-1520,470,-650,1410
2.4972,45.0,203.801328,11480,18575,775,0.136598,27.838822,1520,-110,870,-1050
2.4972,45.0,203.801328,11480,18575,775,0.136598,27.838822,760,-940,-110,-1410
2.4972,45.0,203.801328,11480,18575,775,0.136598,27.838822,1410,110,940,-760
2.4972,45.0,203.801328,11480,18575,775,0.136598,27.838822,-760,-650,-870,-180
2.4972,45.0,203.801328,11480,18575,775,0.136598,27.838822,-180,940,470,1050
2.4972,45.0,203.801328,11480,18575,775,0.136598,27.838822,-1050,-470,-940,180
2.4972,45.0,203.801328,11480,18575,775,0.136598,27.838822,-1410,650,-470,1520
2.4972,45.0,203.801328,11480,18575,775,0.136598,27.838822,1050,470,940,-180
2.4972,45.0,203.801328,11480,18575,775,0.136598,27.838822,1520,-470,650,-1410
2.4972,45.0,203.801328,11480,18575,775,0.136598,27.838822,-1050,870,-110,1520
2.4972,45.0,203.801328,11480,18575,775,0.136598,27.838822,-180,-870,-650,-760
2.4972,45.0,203.801328,11480,18575,775,0.136598,27.838822,-760,940,110,1410
2.4972,45.0,203.801328,11480,18575,775,0.136598,27.838822,180,-940,-470,-1050
2.4972,45.0,203.801328,11480,18575,775,0.136598,27.838822,760,650,870,180
2.4972,45.0,203.801328,11480,18575,775,0.136598,27.838822,1410,-650,470,-1520
2.4972,45.0,203.801328,11480,18575,775,0.136598,27.838822,-1410,-110,-940,760
2.4972,45.0,203.801328,11480,18575,775,0.136598,27.838822,-1520,110,-870,1050
2.4972,45.0,204.890142,11603,18774,1255,0.172902,35.425979,1100,440,950,-240
2.4972,45.0,204.890142,11603,18774,1255,0.172902,35.425979,1540,-440,680,-1390
2.4972,45.0,204.890142,11603,18774,1255,0.172902,35.425979,-1100,860,-150,1540
2.4972,45.0,204.890142,11603,18774,1255,0.172902,35.425979,-240,-860,-680,-710
2.4972,45.0,204.890142,11603,18774,1255,0.172902,35.425979,-710,950,150,1390
2.4972,45.0,204.890142,11603,18774,1255,0.172902,35.425979,240,-950,-440,-1100
2.4972,45.0,204.890142,11603,18774,1255,0.172902,35.425979,710,680,860,240
2.4972,45.0,204.890142,11603,18774,1255,0.172902,35.425979,1390,-680,440,-1540
2.4972,45.0,204.890142,11603,18774,1255,0.172902,35.425979,-1390,-150,-950,710
2.4972,45.0,204.890142,11603,18774,1255,0.172902,35.425979,-1540,150,-860,1100
2.4972,45.0,210.499315,12247,19816,1705,0.196160,41.291646,1260,340,990,-440
2.4972,45.0,210.499315,12247,19816,1705,0.196160,41.291646,1600,-340,780,-1330
2.4972,45.0,210.499315,12247,19816,1705,0.196160,41.291646,-1260,820,-270,1600
2.4972,45.0,210.499315,12247,19816,1705,0.196160,41.291646,-440,-820,-780,-550
2.4972,45.0,210.499315,12247,19816,1705,0.196160,41.291646,-550,990,270,1330
2.4972,45.0,210.499315,12247,19816,1705,0.196160,41.291646,440,-990,-340,-1260
2.4972,45.0,210.499315,12247,19816,1705,0.196160,41.291646,550,780,820,440
2.4972,45.0,210.499315,12247,19816,1705,0.196160,41.291646,1330,-780,340,-1600
2.4972,45.0,210.499315,12247,19816,1705,0.196160,41.291646,-1330,-270,-990,550
2.4972,45.0,210.499315,12247,19816,1705,0.196160,41.291646,-1600,270,-820,1260
2.4972,45.0,211.151556,12323,19939,905,0.142472,30.083218,160,910,660,810
2.4972,45.0,211.151556,12323,19939,905,0.142472,30.083218,1070,-910,100,-1570
2.4972,45.0,211.151556,12323,19939,905,0.142472,30.083218,-1570,500,-660,1470
2.4972,45.0,211.151556,12323,19939,905,0.142472,30.083218,1570,-100,910,-1070
2.4972,45.0,211.151556,12323,19939,905,0.142472,30.083218,810,-970,-100,-1470
2.4972,45.0,211.151556,12323,19939,905,0.142472,30.083218,1470,100,970,-810
2.4972,45.0,211.151556,12323,19939,905,0.142472,30.083218,-810,-660,-910,-160
2.4972,45.0,211.151556,12323,19939,905,0.142472,30.083218,-160,970,500,1070
2.4972,45.0,211.151556,12323,19939,905,0.142472,30.083218,-1070,-500,-970,160
2.4972,45.0,211.151556,12323,19939,905,0.142472,30.083218,-1470,660,-500,1570
2.4972,45.0,211.151556,12323,19939,905,0.142472,30.083218,1070,500,970,-160
2.4972,45.0,211.151556,12323,19939,905,0.142472,30.083218,1570,-500,660,-1470
2.4972,45.0,211.151556,12323,19939,905,0.142472,30.083218,-1070,910,-100,1570
2.4972,45.0,211.151556,12323,19939,905,0.142472,30.083218,-160,-910,-660,-810
2.4972,45.0,211.151556,12323,19939,905,0.142472,30.083218,-810,970,100,1470
2.4972,45.0,211.151556,12323,19939,905,0.142472,30.083218,160,-970,-500,-1070
2.4972,45.0,211.151556,12323,19939,905,0.142472,30.083218,810,660,910,160
2.4972,45.0,211.151556,12323,19939,905,0.142472,30.083218,1470,-660,500,-1570
2.4972,45.0,211.151556,12323,19939,905,0.142472,30.083218,-1470,-100,-970,810
2.4972,45.0,211.151556,12323,19939,905,0.142472,30.083218,-1570,100,-910,1070
2.4972,45.0,212.849681,12522,20261,605,0.115559,24.596748,1310,310,1000,-500
2.4972,45.0,212.849681,12522,20261,605,0.115559,24.596748,1620,-310,810,-1310
2.4972,45.0,212.849681,12522,20261,605,0.115559,24.596748,-1310,810,-310,1620
2.4972,45.0,212.849681,12522,20261,605,0.115559,24.596748,-500,-810,-810,-500
2.4972,45.0,212.849681,12522,20261,605,0.115559,24.596748,-500,1000,310,1310
2.4972,45.0,212.849681,12522,20261,605,0.115559,24.596748,500,-1000,-310,-1310
2.4972,45.0,212.849681,12522,20261,605,0.115559,24.596748,500,810,810,500
2.4972,45.0,212.849681,12522,20261,605,0.115559,24.596748,1310,-810,310,-1620
2.4972,45.0,212.849681,12522,20261,605,0.115559,24.596748,-1310,-310,-1000,500
2.4972,45.0,212.849681,12522,20261,605,0.115559,24.596748,-1620,310,-810,1310
2.4972,45.0,212.849681,12522,20261,605,0.115559,24.596748,1150,450,990,-260
2.4972,45.0,212.849681,12522,20261,605,0.115559,24.596748,1600,-450,710,-1440
2.4972,45.0,212.849681,12522,20261,605,0.115559,24.596748,-1150,890,-160,1600
2.4972,45.0,212.849681,12522,20261,605,0.115559,24.596748,-260,-890,-710,-730
2.4972,45.0,212.849681,12522,20261,605,0.115559,24.596748,-730,990,160,1440
2.4972,45.0,212.849681,12522,20261,605,0.115559,24.596748,260,-990,-450,-1150
2.4972,45.0,212.849681,12522,20261,605,0.115559,24.596748,730,710,890,260
2.4972,45.0,212.849681,12522,20261,605,0.115559,24.596748,1440,-710,450,-1600
2.4972,45.0,212.849681,12522,20261,605,0.115559,24.596748,-1440,-160,-990,730
2.4972,45.0,212.849681,12522,20261,605,0.115559,24.596748,-1600,160,-890,1150
2.4972,45.0,216.598641,12967,20981,1355,0.169947,36.810325,1130,490,1000,-210
2.4972,45.0,216.598641,12967,20981,1355,0.169947,36.810325,1620,-490,700,-1490
2.4972,45.0,216.598641,12967,20981,1355,0.169947,36.810325,-1130,920,-130,1620
2.4972,45.0,216.598641,12967,20981,1355,0.169947,36.810325,-210,-920,-700,-790
2.4972,45.0,216.598641,12967,20981,1355,0.169947,36.810325,-790,1000,130,1490
2.4972,45.0,216.598641,12967,20981,1355,0.169947,36.810325,210,-1000,-490,-1130
2.4972,45.0,216.598641,12967,20981,1355,0.169947,36.810325,790,700,920,210
2.4972,45.0,216.598641,12967,20981,1355,0.169947,36.810325,1490,-700,490,-1620
2.4972,45.0,216.598641,12967,20981,1355,0.169947,36.810325,-1490,-130,-1000,790
2.4972,45.0,216.598641,12967,20981,1355,0.169947,36.810325,-1620,130,-920,1130
2.4972,45.0,217.232570,13043,21104,505,0.103448,22.472205,1280,370,1020,-420
2.4972,45.0,217.232570,13043,21104,505,0.103448,22.472205,1650,-370,790,-1390
2.4972,45.0,217.232570,13043,21104,505,0.103448,22.472205,-1280,860,-260,1650
2.4972,45.0,217.232570,13043,21104,505,0.103448,22.472205,-420,-860,-790,-600
2.4972,45.0,217.232570,13043,21104,505,0.103448,22.472205,-600,1020,260,1390
2.4972,45.0,217.232570,13043,21104,505,0.103448,22.472205,420,-1020,-370,-1280
2.4972,45.0,217.232570,13043,21104,505,0.103448,22.472205,600,790,860,420
2.4972,45.0,217.232570,13043,21104,505,0.103448,22.472205,1390,-790,370,-1650
2.4972,45.0,217.232570,13043,21104,505,0.103448,22.472205,-1390,-260,-1020,600
2.4972,45.0,217.232570,13043,21104,505,0.103448,22.472205,-1650,260,-860,1280
2.4972,45.0,220.907161,13488,21824,1280,0.161955,35.777088,1360,320,1040,-520
2.4972,45.0,220.907161,13488,21824,1280,0.161955,35.777088,1680,-320,840,-1360
2.4972,45.0,220.907161,13488,21824,1280,0.161955,35.777088,-1360,840,-320,1680
2.4972,45.0,220.907161,13488,21824,1280,0.161955,35.777088,-520,-840,-840,-520
2.4972,45.0,220.907161,13488,21824,1280,0.161955,35.777088,-520,1040,320,1360
2.4972,45.0,220.907161,13488,21824,1280,0.161955,35.777088,520,-1040,-320,-1360
2.4972,45.0,220.907161,13488,21824,1280,0.161955,35.777088,520,840,840,520
2.4972,45.0,220.907161,13488,21824,1280,0.161955,35.777088,1360,-840,320,-1680
2.4972,45.0,220.907161,13488,21824,1280,0.161955,35.777088,-1360,-320,-1040,520
2.4972,45.0,220.907161,13488,21824,1280,0.161955,35.777088,-1680,320,-840,1360
2.4972,45.0,222.530853,13687,22146,955,0.138871,30.903074,30,990,630,970
2.4972,45.0,222.530853,13687,22146,955,0.138871,30.903074,-30,1000,600,1020
2.4972,45.0,222.530853,13687,22146,955,0.138871,30.903074,970,-1000,-20,-1600
2.4972,45.0,222.530853,13687,22146,955,0.138871,30.903074,1020,-990,20,-1620
2.4972,45.0,222.530853,13687,22146,955,0.138871,30.903074,-1620,600,-630,1600
2.4972,45.0,222.530853,13687,22146,955,0.138871,30.903074,-1600,630,-600,1620
2.4972,45.0,222.530853,13687,22146,955,0.138871,30.903074,1620,-20,990,-1020
2.4972,45.0,222.530853,13687,22146,955,0.138871,30.903074,1600,20,1000,-970
2.4972,45.0,222.530853,13687,22146,955,0.138871,30.903074,-970,-630,-990,-30
2.4972,45.0,222.530853,13687,22146,955,0.138871,30.903074,-1020,-600,-1000,30
2.4972,45.0,222.530853,13687,22146,955,0.138871,30.903074,-30,-990,-630,-970
2.4972,45.0,222.530853,13687,22146,955,0.138871,30.903074,30,-1000,-600,-1020
2.4972,45.0,222.530853,13687,22146,955,0.138871,30.903074,1600,-630,600,-1620
2.4972,45.0,222.530853,13687,22146,955,0.138871,30.903074,1620,-600,630,-1600
2.4972,45.0,222.530853,13687,22146,955,0.138871,30.903074,-970,1000,20,1600
2.4972,45.0,222.530853,13687,22146,955,0.138871,30.903074,-1020,990,-20,1620
2.4972,45.0,222.530853,13687,22146,955,0.138871,30.903074,-1620,20,-990,1020
2.4972,45.0,222.530853,13687,22146,955,0.138871,30.903074,-1600,-20,-1000,970
2.4972,45.0,222.530853,13687,22146,955,0.138871,30.903074,970,630,990,30
2.4972,45.0,222.530853,13687,22146,955,0.138871,30.903074,1020,600,1000,-30
2.4972,45.0,223.528453,13810,22345,1525,0.174704,39.051248,1340,360,1050,-470
2.4972,45.0,223.528453,13810,22345,1525,0.174704,39.051248,1700,-360,830,-1410
2.4972,45.0,223.528453,13810,22345,1525,0.174704,39.051248,-1340,870,-290,1700
2.4972,45.0,223.528453,13810,22345,1525,0.174704,39.051248,-470,-870,-830,-580
2.4972,45.0,223.528453,13810,22345,1525,0.174704,39.051248,-580,1050,290,1410
2.4972,45.0,223.528453,13810,22345,1525,0.174704,39.051248,470,-1050,-360,-1340
2.4972,45.0,223.528453,13810,22345,1525,0.174704,39.051248,580,830,870,470
2.4972,45.0,223.528453,13810,22345,1525,0.174704,39.051248,1410,-830,360,-1700
2.4972,45.0,223.528453,13810,22345,1525,0.174704,39.051248,-1410,-290,-1050,580
2.4972,45.0,223.528453,13810,22345,1525,0.174704,39.051248,-1700,290,-870,1340
2.4972,45.0,230.249794,14653,23709,1705,0.179334,41.291646,-50,-1020,-660,-990
2.4972,45.0,230.249794,14653,23709,1705,0.179334,41.291646,50,-1040,-610,-1070
2.4972,45.0,230.249794,14653,23709,1705,0.179334,41.291646,1650,-660,610,-1680
2.4972,45.0,230.249794,14653,23709,1705,0.179334,41.291646,1680,-610,660,-1650
2.4972,45.0,230.249794,14653,23709,1705,0.179334,41.291646,-990,1040,30,1650
2.4972,45.0,230.249794,14653,23709,1705,0.179334,41.291646,-1070,1020,-30,1680
2.4972,45.0,230.249794,14653,23709,1705,0.179334,41.291646,-1680,30,-1020,1070
2.4972,45.0,230.249794,14653,23709,1705,0.179334,41.291646,-1650,-30,-1040,990
2.4972,45.0,230.249794,14653,23709,1705,0.179334,41.291646,990,660,1020,50
2.4972,45.0,230.249794,14653,23709,1705,0.179334,41.291646,1070,610,1040,-50
2.4972,45.0,231.808056,14852,24031,1355,0.158797,36.810325,210,990,740,860
2.4972,45.0,231.808056,14852,24031,1355,0.158797,36.810325,1200,-990,130,-1730
2.4972,45.0,231.808056,14852,24031,1355,0.158797,36.810325,-1730,530,-740,1600
2.4972,45.0,231.808056,14852,24031,1355,0.158797,36.810325,1730,-130,990,-1200
2.4972,45.0,231.808056,14852,24031,1355,0.158797,36.810325,860,-1070,-130,-1600
2.4972,45.0,231.808056,14852,24031,1355,0.158797,36.810325,1600,130,1070,-860
2.4972,45.0,231.808056,14852,24031,1355,0.158797,36.810325,-860,-740,-990,-210
2.4972,45.0,231.808056,14852,24031,1355,0.158797,36.810325,-210,1070,530,1200
2.4972,45.0,231.808056,14852,24031,1355,0.158797,36.810325,-1200,-530,-1070,210
2.4972,45.0,231.808056,14852,24031,1355,0.158797,36.810325,-1600,740,-530,1730
2.4972,45.0,231.808056,14852,24031,1355,0.158797,36.810325,1200,530,1070,-210
2.4972,45.0,231.808056,14852,24031,1355,0.158797,36.810325,1730,-530,740,-1600
2.4972,45.0,231.808056,14852,24031,1355,0.158797,36.810325,-1200,990,-130,1730
2.4972,45.0,231.808056,14852,24031,1355,0.158797,36.810325,-210,-990,-740,-860
2.4972,45.0,231.808056,14852,24031,1355,0.158797,36.810325,-860,1070,130,1600
2.4972,45.0,231.808056,14852,24031,1355,0.158797,36.810325,210,-1070,-530,-1200
2.4972,45.0,231.808056,14852,24031,1355,0.158797,36.810325,860,740,990,210
2.4972,45.0,231.808056,14852,24031,1355,0.158797,36.810325,1600,-740,530,-1730
2.4972,45.0,231.808056,14852,24031,1355,0.158797,36.810325,-1600,-130,-1070,860
2.4972,45.0,231.808056,14852,24031,1355,0.158797,36.810325,-1730,130,-990,1200
2.4972,45.0,234.893569,15250,24675,625,0.106431,25.000000,0,-1050,-650,-1050
2.4972,45.0,234.893569,15250,24675,625,0.106431,25.000000,1700,-650,650,-1700
2.4972,45.0,234.893569,15250,24675,625,0.106431,25.000000,-1050,1050,0,1700
2.4972,45.0,234.893569,15250,24675,625,0.106431,25.000000,-1700,0,-1050,1050
2.4972,45.0,234.893569,15250,24675,625,0.106431,25.000000,1050,650,1050,0
2.4972,45.0,235.838880,15373,24874,1255,0.150213,35.425979,160,1020,730,920
2.4972,45.0,235.838880,15373,24874,1255,0.150213,35.425979,1180,-1020,100,-1750
2.4972,45.0,235.838880,15373,24874,1255,0.150213,35.425979,-1750,570,-730,1650
2.4972,45.0,235.838880,15373,24874,1255,0.150213,35.425979,1750,-100,1020,-1180
2.4972,45.0,235.838880,15373,24874,1255,0.150213,35.425979,920,-1080,-100,-1650
2.4972,45.0,235.838880,15373,24874,1255,0.150213,35.425979,1650,100,1080,-920
2.4972,45.0,235.838880,15373,24874,1255,0.150213,35.425979,-920,-730,-1020,-160
2.4972,45.0,235.838880,15373,24874,1255,0.150213,35.425979,-160,1080,570,1180
2.4972,45.0,235.838880,15373,24874,1255,0.150213,35.425979,-1180,-570,-1080,160
2.4972,45.0,235.838880,15373,24874,1255,0.150213,35.425979,-1650,730,-570,1750
2.4972,45.0,235.838880,15373,24874,1255,0.150213,35.425979,1180,570,1080,-160
2.4972,45.0,235.838880,15373,24874,1255,0.150213,35.425979,1750,-570,730,-1650
2.4972,45.0,235.838880,15373,24874,1255,0.150213,35.425979,-1180,1020,-100,1750
2.4972,45.0,235.838880,15373,24874,1255,0.150213,35.425979,-160,-1020,-730,-920
2.4972,45.0,235.838880,15373,24874,1255,0.150213,35.425979,-920,1080,100,1650
2.4972,45.0,235.838880,15373,24874,1255,0.150213,35.425979,160,-1080,-570,-1180
2.4972,45.0,235.838880,15373,24874,1255,0.150213,35.425979,920,730,1020,160
2.4972,45.0,235.838880,15373,24874,1255,0.150213,35.425979,1650,-730,570,-1750
2.4972,45.0,235.838880,15373,24874,1255,0.150213,35.425979,-1650,-100,-1080,920
2.4972,45.0,235.838880,15373,24874,1255,0.150213,35.425979,-1750,100,-1020,1180
2.4972,45.0,237.360452,15572,25196,880,0.124978,29.664794,1620,160,1100,-840
2.4972,45.0,237.360452,15572,25196,880,0.124978,29.664794,1780,-160,1000,-1260
2.4972,45.0,237.360452,15572,25196,880,0.124978,29.664794,-1620,780,-520,1780
2.4972,45.0,237.360452,15572,25196,880,0.124978,29.664794,-840,-780,-1000,-260
2.4972,45.0,237.360452,15572,25196,880,0.124978,29.664794,-260,1100,520,1260
2.4972,45.0,237.360452,15572,25196,880,0.124978,29.664794,840,-1100,-160,-1620
2.4972,45.0,237.360452,15572,25196,880,0.124978,29.664794,260,1000,780,840
2.4972,45.0,237.360452,15572,25196,880,0.124978,29.664794,1260,-1000,160,-1780
2.4972,45.0,237.360452,15572,25196,880,0.124978,29.664794,-1260,-520,-1100,260
2.4972,45.0,237.360452,15572,25196,880,0.124978,29.664794,-1780,520,-780,1620
2.4972,45.0,237.360452,15572,25196,880,0.124978,29.664794,1260,520,1100,-260
2.4972,45.0,237.360452,15572,25196,880,0.124978,29.664794,1780,-520,780,-1620
2.4972,45.0,237.360452,15572,25196,880,0.124978,29.664794,-1260,1000,-160,1780
2.4972,45.0,237.360452,15572,25196,880,0.124978,29.664794,-260,-1000,-780,-840
2.4972,45.0,237.360452,15572,25196,880,0.124978,29.664794,-840,1100,160,1620
2.4972,45.0,237.360452,15572,25196,880,0.124978,29.664794,260,-1100,-520,-1260
2.4972,45.0,237.360452,15572,25196,880,0.124978,29.664794,840,780,1000,260
2.4972,45.0,237.360452,15572,25196,880,0.124978,29.664794,1620,-780,520,-1780
2.4972,45.0,237.360452,15572,25196,880,0.124978,29.664794,-1620,-160,-1100,840
2.4972,45.0,237.360452,15572,25196,880,0.124978,29.664794,-1780,160,-1000,1260
2.4972,45.0,238.295978,15695,25395,1525,0.163877,39.051248,1520,290,1120,-650
2.4972,45.0,238.295978,15695,25395,1525,0.163877,39.051248,1810,-290,940,-1410
2.4972,45.0,238.295978,15695,25395,1525,0.163877,39.051248,-1520,870,-400,1810
2.4972,45.0,238.295978,15695,25395,1525,0.163877,39.051248,-650,-870,-940,-470
2.4972,45.0,238.295978,15695,25395,1525,0.163877,39.051248,-470,1120,400,1410
2.4972,45.0,238.295978,15695,25395,1525,0.163877,39.051248,650,-1120,-290,-1520
2.4972,45.0,238.295978,15695,25395,1525,0.163877,39.051248,470,940,870,650
2.4972,45.0,238.295978,15695,25395,1525,0.163877,39.051248,1410,-940,290,-1810
2.4972,45.0,238.295978,15695,25395,1525,0.163877,39.051248,-1410,-400,-1120,470
2.4972,45.0,238.295978,15695,25395,1525,0.163877,39.051248,-1810,400,-870,1520
2.4972,45.0,238.295978,15695,25395,1525,0.163877,39.051248,1410,400,1120,-470
2.4972,45.0,238.295978,15695,25395,1525,0.163877,39.051248,1810,-400,870,-1520
2.4972,45.0,238.295978,15695,25395,1525,0.163877,39.051248,-1410,940,-290,1810
2.4972,45.0,238.295978,15695,25395,1525,0.163877,39.051248,-470,-940,-870,-650
2.4972,45.0,238.295978,15695,25395,1525,0.163877,39.051248,-650,1120,290,1520
2.4972,45.0,238.295978,15695,25395,1525,0.163877,39.051248,470,-1120,-400,-1410
2.4972,45.0,238.295978,15695,25395,1525,0.163877,39.051248,650,870,940,470
2.4972,45.0,238.295978,15695,25395,1525,0.163877,39.051248,1520,-870,400,-1810
2.4972,45.0,238.295978,15695,25395,1525,0.163877,39.051248,-1520,-290,-1120,650
2.4972,45.0,238.295978,15695,25395,1525,0.163877,39.051248,-1810,290,-940,1410
2.4972,45.0,241.298543,16093,26039,755,0.113872,27.477263,1570,260,1130,-710
2.4972,45.0,241.298543,16093,26039,755,0.113872,27.477263,1830,-260,970,-1390
2.4972,45.0,241.298543,16093,26039,755,0.113872,27.477263,-1570,860,-440,1830
2.4972,45.0,241.298543,16093,26039,755,0.113872,27.477263,-710,-860,-970,-420
2.4972,45.0,241.298543,16093,26039,755,0.113872,27.477263,-420,1130,440,1390
2.4972,45.0,241.298543,16093,26039,755,0.113872,27.477263,710,-1130,-260,-1570
2.4972,45.0,241.298543,16093,26039,755,0.113872,27.477263,420,970,860,710
2.4972,45.0,241.298543,16093,26039,755,0.113872,27.477263,1390,-970,260,-1830
2.4972,45.0,241.298543,16093,26039,755,0.113872,27.477263,-1390,-440,-1130,420
2.4972,45.0,241.298543,16093,26039,755,0.113872,27.477263,-1830,440,-860,1570
2.4972,45.0,241.298543,16093,26039,755,0.113872,27.477263,1390,440,1130,-420
2.4972,45.0,241.298543,16093,26039,755,0.113872,27.477263,1830,-440,860,-1570
2.4972,45.0,241.298543,16093,26039,755,0.113872,27.477263,-1390,970,-260,1830
2.4972,45.0,241.298543,16093,26039,755,0.113872,27.477263,-420,-970,-860,-710
2.4972,45.0,241.298543,16093,26039,755,0.113872,27.477263,-710,1130,260,1570
2.4972,45.0,241.298543,16093,26039,755,0.113872,27.477263,420,-1130,-440,-1390
2.4972,45.0,241.298543,16093,26039,755,0.113872,27.477263,710,860,970,420
2.4972,45.0,241.298543,16093,26039,755,0.113872,27.477263,1570,-860,440,-1830
2.4972,45.0,241.298543,16093,26039,755,0.113872,27.477263,-1570,-260,-1130,710
2.4972,45.0,241.298543,16093,26039,755,0.113872,27.477263,-1830,260,-970,1390
2.4972,45.0,243.700601,16415,26560,1025,0.131373,32.015621,180,1050,760,940
2.4972,45.0,243.700601,16415,26560,1025,0.131373,32.015621,1230,-1050,110,-1810
2.4972,45.0,243.700601,16415,26560,1025,0.131373,32.015621,-1810,580,-760,1700
2.4972,45.0,243.700601,16415,26560,1025,0.131373,32.015621,1810,-110,1050,-1230
2.4972,45.0,243.700601,16415,26560,1025,0.131373,32.015621,940,-1120,-110,-1700
2.4972,45.0,243.700601,16415,26560,1025,0.131373,32.015621,1700,110,1120,-940
2.4972,45.0,243.700601,16415,26560,1025,0.131373,32.015621,-940,-760,-1050,-180
2.4972,45.0,243.700601,16415,26560,1025,0.131373,32.015621,-180,1120,580,1230
2.4972,45.0,243.700601,16415,26560,1025,0.131373,32.015621,-1230,-580,-1120,180
2.4972,45.0,243.700601,16415,26560,1025,0.131373,32.015621,-1700,760,-580,1810
2.4972,45.0,243.700601,16415,26560,1025,0.131373,32.015621,1230,580,1120,-180
2.4972,45.0,243.700601,16415,26560,1025,0.131373,32.015621,1810,-580,760,-1700
2.4972,45.0,243.700601,16415,26560,1025,0.131373,32.015621,-1230,1050,-110,1810
2.4972,45.0,243.700601,16415,26560,1025,0.131373,32.015621,-180,-1050,-760,-940
2.4972,45.0,243.700601,16415,26560,1025,0.131373,32.015621,-940,1120,110,1700
2.4972,45.0,243.700601,16415,26560,1025,0.131373,32.015621,180,-1120,-580,-1230
2.4972,45.0,243.700601,16415,26560,1025,0.131373,32.015621,940,760,1050,180
2.4972,45.0,243.700601,16415,26560,1025,0.131373,32.015621,1700,-760,580,-1810
2.4972,45.0,243.700601,16415,26560,1025,0.131373,32.015621,-1700,-110,-1120,940
2.4972,45.0,243.700601,16415,26560,1025,0.131373,32.015621,-1810,110,-1050,1230
2.4972,45.0,244.611879,16538,26759,1705,0.168805,41.291646,1540,320,1150,-630
2.4972,45.0,244.611879,16538,26759,1705,0.168805,41.291646,1470,390,1150,-520
2.4972,45.0,244.611879,16538,26759,1705,0.168805,41.291646,1860,-390,910,-1540
2.4972,45.0,244.611879,16538,26759,1705,0.168805,41.291646,1860,-320,950,-1470
2.4972,45.0,244.611879,16538,26759,1705,0.168805,41.291646,-1470,950,-320,1860
2.4972,45.0,244.611879,16538,26759,1705,0.168805,41.291646,-1540,910,-390,1860
2.4972,45.0,244.611879,16538,26759,1705,0.168805,41.291646,-630,-910,-950,-520
2.4972,45.0,244.611879,16538,26759,1705,0.168805,41.291646,-520,-950,-910,-630
2.4972,45.0,244.611879,16538,26759,1705,0.168805,41.291646,-520,1150,390,1470
2.4972,45.0,244.611879,16538,26759,1705,0.168805,41.291646,-630,1150,320,1540
2.4972,45.0,244.611879,16538,26759,1705,0.168805,41.291646,520,-1150,-390,-1470
2.4972,45.0,244.611879,16538,26759,1705,0.168805,41.291646,630,-1150,-320,-1540
2.4972,45.0,244.611879,16538,26759,1705,0.168805,41.291646,520,950,910,630
2.4972,45.0,244.611879,16538,26759,1705,0.168805,41.291646,630,910,950,520
2.4972,45.0,244.611879,16538,26759,1705,0.168805,41.291646,1470,-950,320,-1860
2.4972,45.0,244.611879,16538,26759,1705,0.168805,41.291646,1540,-910,390,-1860
2.4972,45.0,244.611879,16538,26759,1705,0.168805,41.291646,-1470,-390,-1150,520
2.4972,45.0,244.611879,16538,26759,1705,0.168805,41.291646,-1540,-320,-1150,630
2.4972,45.0,244.611879,16538,26759,1705,0.168805,41.291646,-1860,390,-910,1540
2.4972,45.0,244.611879,16538,26759,1705,0.168805,41.291646,-1860,320,-950,1470
2.4972,45.0,244.611879,16538,26759,1705,0.168805,41.291646,1680,150,1130,-890
2.4972,45.0,244.611879,16538,26759,1705,0.168805,41.291646,1830,-150,1040,-1280
2.4972,45.0,244.611879,16538,26759,1705,0.168805,41.291646,-1680,790,-550,1830
2.4972,45.0,244.611879,16538,26759,1705,0.168805,41.291646,-890,-790,-1040,-240
2.4972,45.0,244.611879,16538,26759,1705,0.168805,41.291646,-240,1130,550,1280
2.4972,45.0,244.611879,16538,26759,1705,0.168805,41.291646,890,-1130,-150,-1680
2.4972,45.0,244.611879,16538,26759,1705,0.168805,41.291646,240,1040,790,890
2.4972,45.0,244.611879,16538,26759,1705,0.168805,41.291646,1280,-1040,150,-1830
2.4972,45.0,244.611879,16538,26759,1705,0.168805,41.291646,-1280,-550,-1130,240
2.4972,45.0,244.611879,16538,26759,1705,0.168805,41.291646,-1830,550,-790,1680
2.4972,45.0,249.329025,17182,27801,2305,0.192558,48.010416,1620,270,1170,-730
2.4972,45.0,249.329025,17182,27801,2305,0.192558,48.010416,1890,-270,1000,-1440
2.4972,45.0,249.329025,17182,27801,2305,0.192558,48.010416,-1620,890,-450,1890
2.4972,45.0,249.329025,17182,27801,2305,0.192558,48.010416,-730,-890,-1000,-440
2.4972,45.0,249.329025,17182,27801,2305,0.192558,48.010416,-440,1170,450,1440
2.4972,45.0,249.329025,17182,27801,2305,0.192558,48.010416,730,-1170,-270,-1620
2.4972,45.0,249.329025,17182,27801,2305,0.192558,48.010416,440,1000,890,730
2.4972,45.0,249.329025,17182,27801,2305,0.192558,48.010416,1440,-1000,270,-1890
2.4972,45.0,249.329025,17182,27801,2305,0.192558,48.010416,-1440,-450,-1170,440
2.4972,45.0,249.329025,17182,27801,2305,0.192558,48.010416,-1890,450,-890,1620
2.4972,45.0,251.316510,17457,28246,755,0.109333,27.477263,1600,310,1180,-680
2.4972,45.0,251.316510,17457,28246,755,0.109333,27.477263,1490,420,1180,-500
2.4972,45.0,251.316510,17457,28246,755,0.109333,27.477263,1910,-420,920,-1600
2.4972,45.0,251.316510,17457,28246,755,0.109333,27.477263,1910,-310,990,-1490
2.4972,45.0,251.316510,17457,28246,755,0.109333,27.477263,-1490,990,-310,1910
2.4972,45.0,251.316510,17457,28246,755,0.109333,27.477263,-1600,920,-420,1910
2.4972,45.0,251.316510,17457,28246,755,0.109333,27.477263,-680,-920,-990,-500
2.4972,45.0,251.316510,17457,28246,755,0.109333,27.477263,-500,-990,-920,-680
2.4972,45.0,251.316510,17457,28246,755,0.109333,27.477263,-500,1180,420,1490
2.4972,45.0,251.316510,17457,28246,755,0.109333,27.477263,-680,1180,310,1600
2.4972,45.0,251.316510,17457,28246,755,0.109333,27.477263,500,-1180,-420,-1490
2.4972,45.0,251.316510,17457,28246,755,0.109333,27.477263,680,-1180,-310,-1600
2.4972,45.0,251.316510,17457,28246,755,0.109333,27.477263,500,990,920,680
2.4972,45.0,251.316510,17457,28246,755,0.109333,27.477263,680,920,990,500
2.4972,45.0,251.316510,17457,28246,755,0.109333,27.477263,1490,-990,310,-1910
2.4972,45.0,251.316510,17457,28246,755,0.109333,27.477263,1600,-920,420,-1910
2.4972,45.0,251.316510,17457,28246,755,0.109333,27.477263,-1490,-420,-1180,500
2.4972,45.0,251.316510,17457,28246,755,0.109333,27.477263,-1600,-310,-1180,680
2.4972,45.0,251.316510,17457,28246,755,0.109333,27.477263,-1910,420,-920,1600
2.4972,45.0,251.316510,17457,28246,755,0.109333,27.477263,-1910,310,-990,1490
2.4972,45.0,258.176248,18423,29809,1655,0.157573,40.681691,1750,190,1200,-890
2.4972,45.0,258.176248,18423,29809,1655,0.157573,40.681691,1940,-190,1080,-1390
2.4972,45.0,258.176248,18423,29809,1655,0.157573,40.681691,-1750,860,-550,1940
2.4972,45.0,258.176248,18423,29809,1655,0.157573,40.681691,-890,-860,-1080,-310
2.4972,45.0,258.176248,18423,29809,1655,0.157573,40.681691,-310,1200,550,1390
2.4972,45.0,258.176248,18423,29809,1655,0.157573,40.681691,890,-1200,-190,-1750
2.4972,45.0,258.176248,18423,29809,1655,0.157573,40.681691,310,1080,860,890
2.4972,45.0,258.176248,18423,29809,1655,0.157573,40.681691,1390,-1080,190,-1940
2.4972,45.0,258.176248,18423,29809,1655,0.157573,40.681691,-1390,-550,-1200,310
2.4972,45.0,258.176248,18423,29809,1655,0.157573,40.681691,-1940,550,-860,1750
2.4972,45.0,258.176248,18423,29809,1655,0.157573,40.681691,1390,550,1200,-310
2.4972,45.0,258.176248,18423,29809,1655,0.157573,40.681691,1940,-550,860,-1750
2.4972,45.0,258.176248,18423,29809,1655,0.157573,40.681691,-1390,1080,-190,1940
2.4972,45.0,258.176248,18423,29809,1655,0.157573,40.681691,-310,-1080,-860,-890
2.4972,45.0,258.176248,18423,29809,1655,0.157573,40.681691,-890,1200,190,1750
2.4972,45.0,258.176248,18423,29809,1655,0.157573,40.681691,310,-1200,-550,-1390
2.4972,45.0,258.176248,18423,29809,1655,0.157573,40.681691,890,860,1080,310
2.4972,45.0,258.176248,18423,29809,1655,0.157573,40.681691,1750,-860,550,-1940
2.4972,45.0,258.176248,18423,29809,1655,0.157573,40.681691,-1750,-190,-1200,890
2.4972,45.0,258.176248,18423,29809,1655,0.157573,40.681691,-1940,190,-1080,1390
2.4972,45.0,259.566913,18622,30131,1205,0.133735,34.713110,1730,230,1210,-840
2.4972,45.0,259.566913,18622,30131,1205,0.133735,34.713110,1960,-230,1070,-1440
2.4972,45.0,259.566913,18622,30131,1205,0.133735,34.713110,-1730,890,-520,1960
2.4972,45.0,259.566913,18622,30131,1205,0.133735,34.713110,-840,-890,-1070,-370
2.4972,45.0,259.566913,18622,30131,1205,0.133735,34.713110,-370,1210,520,1440
2.4972,45.0,259.566913,18622,30131,1205,0.133735,34.713110,840,-1210,-230,-1730
2.4972,45.0,259.566913,18622,30131,1205,0.133735,34.713110,370,1070,890,840
2.4972,45.0,259.566913,18622,30131,1205,0.133735,34.713110,1440,-1070,230,-1960
2.4972,45.0,259.566913,18622,30131,1205,0.133735,34.713110,-1440,-520,-1210,370
2.4972,45.0,259.566913,18622,30131,1205,0.133735,34.713110,-1960,520,-890,1730
2.4972,45.0,259.566913,18622,30131,1205,0.133735,34.713110,1440,520,1210,-370
2.4972,45.0,259.566913,18622,30131,1205,0.133735,34.713110,1960,-520,890,-1730
2.4972,45.0,259.566913,18622,30131,1205,0.133735,34.713110,-1440,1070,-230,1960
2.4972,45.0,259.566913,18622,30131,1205,0.133735,34.713110,-370,-1070,-890,-840
2.4972,45.0,259.566913,18622,30131,1205,0.133735,34.713110,-840,1210,230,1730
2.4972,45.0,259.566913,18622,30131,1205,0.133735,34.713110,370,-1210,-520,-1440
2.4972,45.0,259.566913,18622,30131,1205,0.133735,34.713110,840,890,1070,370
2.4972,45.0,259.566913,18622,30131,1205,0.133735,34.713110,1730,-890,520,-1960
2.4972,45.0,259.566913,18622,30131,1205,0.133735,34.713110,-1730,-230,-1210,840
2.4972,45.0,259.566913,18622,30131,1205,0.133735,34.713110,-1960,230,-1070,1440
2.4972,45.0,263.172918,19143,30974,1055,0.123420,32.480764,130,1150,790,1070
2.4972,45.0,263.172918,19143,30974,1055,0.123420,32.480764,1280,-1150,80,-1940
2.4972,45.0,263.172918,19143,30974,1055,0.123420,32.480764,-1940,660,-790,1860
2.4972,45.0,263.172918,19143,30974,1055,0.123420,32.480764,1940,-80,1150,-1280
2.4972,45.0,263.172918,19143,30974,1055,0.123420,32.480764,1070,-1200,-80,-1860
2.4972,45.0,263.172918,19143,30974,1055,0.123420,32.480764,1860,80,1200,-1070
2.4972,45.0,263.172918,19143,30974,1055,0.123420,32.480764,-1070,-790,-1150,-130
2.4972,45.0,263.172918,19143,30974,1055,0.123420,32.480764,-130,1200,660,1280
2.4972,45.0,263.172918,19143,30974,1055,0.123420,32.480764,-1280,-660,-1200,130
2.4972,45.0,263.172918,19143,30974,1055,0.123420,32.480764,-1860,790,-660,1940
2.4972,45.0,263.172918,19143,30974,1055,0.123420,32.480764,-130,-1150,-790,-1070
2.4972,45.0,263.172918,19143,30974,1055,0.123420,32.480764,130,-1200,-660,-1280
2.4972,45.0,263.172918,19143,30974,1055,0.123420,32.480764,1860,-790,660,-1940
2.4972,45.0,263.172918,19143,30974,1055,0.123420,32.480764,1940,-660,790,-1860
2.4972,45.0,263.172918,19143,30974,1055,0.123420,32.480764,-1070,1200,80,1860
2.4972,45.0,263.172918,19143,30974,1055,0.123420,32.480764,-1280,1150,-80,1940
2.4972,45.0,263.172918,19143,30974,1055,0.123420,32.480764,-1940,80,-1150,1280
2.4972,45.0,263.172918,19143,30974,1055,0.123420,32.480764,-1860,-80,-1200,1070
2.4972,45.0,263.172918,19143,30974,1055,0.123420,32.480764,1070,790,1150,130
2.4972,45.0,263.172918,19143,30974,1055,0.123420,32.480764,1280,660,1200,-130
2.4972,45.0,265.377053,19465,31495,1375,0.139729,37.080992,1810,180,1230,-940
2.4972,45.0,265.377053,19465,31495,1375,0.139729,37.080992,1990,-180,1120,-1410
2.4972,45.0,265.377053,19465,31495,1375,0.139729,37.080992,-1810,870,-580,1990
2.4972,45.0,265.377053,19465,31495,1375,0.139729,37.080992,-940,-870,-1120,-290
2.4972,45.0,265.377053,19465,31495,1375,0.139729,37.080992,-290,1230,580,1410
2.4972,45.0,265.377053,19465,31495,1375,0.139729,37.080992,940,-1230,-180,-1810
2.4972,45.0,265.377053,19465,31495,1375,0.139729,37.080992,290,1120,870,940
2.4972,45.0,265.377053,19465,31495,1375,0.139729,37.080992,1410,-1120,180,-1990
2.4972,45.0,265.377053,19465,31495,1375,0.139729,37.080992,-1410,-580,-1230,290
2.4972,45.0,265.377053,19465,31495,1375,0.139729,37.080992,-1990,580,-870,1810
2.4972,45.0,265.377053,19465,31495,1375,0.139729,37.080992,1410,580,1230,-290
2.4972,45.0,265.377053,19465,31495,1375,0.139729,37.080992,1990,-580,870,-1810
2.4972,45.0,265.377053,19465,31495,1375,0.139729,37.080992,-1410,1120,-180,1990
2.4972,45.0,265.377053,19465,31495,1375,0.139729,37.080992,-290,-1120,-870,-940
2.4972,45.0,265.377053,19465,31495,1375,0.139729,37.080992,-940,1230,180,1810
2.4972,45.0,265.377053,19465,31495,1375,0.139729,37.080992,290,-1230,-580,-1410
2.4972,45.0,265.377053,19465,31495,1375,0.139729,37.080992,940,870,1120,290
2.4972,45.0,265.377053,19465,31495,1375,0.139729,37.080992,1810,-870,580,-1990
2.4972,45.0,265.377053,19465,31495,1375,0.139729,37.080992,-1810,-180,-1230,940
2.4972,45.0,265.377053,19465,31495,1375,0.139729,37.080992,-1990,180,-1120,1410
2.4972,45.0,267.563032,19787,32016,1705,0.154325,41.291646,1780,240,1250,-860
2.4972,45.0,267.563032,19787,32016,1705,0.154325,41.291646,2020,-240,1100,-1490
2.4972,45.0,267.563032,19787,32016,1705,0.154325,41.291646,-1780,920,-530,2020
2.4972,45.0,267.563032,19787,32016,1705,0.154325,41.291646,-860,-920,-1100,-390
2.4972,45.0,267.563032,19787,32016,1705,0.154325,41.291646,-390,1250,530,1490
2.4972,45.0,267.563032,19787,32016,1705,0.154325,41.291646,860,-1250,-240,-1780
2.4972,45.0,267.563032,19787,32016,1705,0.154325,41.291646,390,1100,920,860
2.4972,45.0,267.563032,19787,32016,1705,0.154325,41.291646,1490,-1100,240,-2020
2.4972,45.0,267.563032,19787,32016,1705,0.154325,41.291646,-1490,-530,-1250,390
2.4972,45.0,267.563032,19787,32016,1705,0.154325,41.291646,-2020,530,-920,1780
2.4972,45.0,267.563032,19787,32016,1705,0.154325,41.291646,1490,530,1250,-390
2.4972,45.0,267.563032,19787,32016,1705,0.154325,41.291646,2020,-530,920,-1780
2.4972,45.0,267.563032,19787,32016,1705,0.154325,41.291646,-1490,1100,-240,2020
2.4972,45.0,267.563032,19787,32016,1705,0.154325,41.291646,-390,-1100,-920,-860
2.4972,45.0,267.563032,19787,32016,1705,0.154325,41.291646,-860,1250,240,1780
2.4972,45.0,267.563032,19787,32016,1705,0.154325,41.291646,390,-1250,-530,-1490
2.4972,45.0,267.563032,19787,32016,1705,0.154325,41.291646,860,920,1100,390
2.4972,45.0,267.563032,19787,32016,1705,0.154325,41.291646,1780,-920,530,-2020
2.4972,45.0,267.563032,19787,32016,1705,0.154325,41.291646,-1780,-240,-1250,860
2.4972,45.0,267.563032,19787,32016,1705,0.154325,41.291646,-2020,240,-1100,1490
2.4972,45.0,267.563032,19787,32016,1705,0.154325,41.291646,80,1180,780,1130
2.4972,45.0,267.563032,19787,32016,1705,0.154325,41.291646,-80,1210,700,1260
2.4972,45.0,267.563032,19787,32016,1705,0.154325,41.291646,1130,-1210,-50,-1910
2.4972,45.0,267.563032,19787,32016,1705,0.154325,41.291646,1260,-1180,50,-1960
2.4972,45.0,267.563032,19787,32016,1705,0.154325,41.291646,-1960,700,-780,1910
2.4972,45.0,267.563032,19787,32016,1705,0.154325,41.291646,-1910,780,-700,1960
2.4972,45.0,267.563032,19787,32016,1705,0.154325,41.291646,1960,-50,1180,-1260
2.4972,45.0,267.563032,19787,32016,1705,0.154325,41.291646,1910,50,1210,-1130
2.4972,45.0,267.563032,19787,32016,1705,0.154325,41.291646,-1130,-780,-1180,-80
2.4972,45.0,267.563032,19787,32016,1705,0.154325,41.291646,-1260,-700,-1210,80
2.4972,45.0,267.563032,19787,32016,1705,0.154325,41.291646,-80,-1180,-780,-1130
2.4972,45.0,267.563032,19787,32016,1705,0.154325,41.291646,80,-1210,-700,-1260
2.4972,45.0,267.563032,19787,32016,1705,0.154325,41.291646,1910,-780,700,-1960
2.4972,45.0,267.563032,19787,32016,1705,0.154325,41.291646,1960,-700,780,-1910
2.4972,45.0,267.563032,19787,32016,1705,0.154325,41.291646,-1130,1210,50,1910
2.4972,45.0,267.563032,19787,32016,1705,0.154325,41.291646,-1260,1180,-50,1960
2.4972,45.0,267.563032,19787,32016,1705,0.154325,41.291646,-1960,50,-1180,1260
2.4972,45.0,267.563032,19787,32016,1705,0.154325,41.291646,-1910,-50,-1210,1130
2.4972,45.0,267.563032,19787,32016,1705,0.154325,41.291646,1130,780,1180,80
2.4972,45.0,267.563032,19787,32016,1705,0.154325,41.291646,1260,700,1210,-80
2.4972,45.0,268.393303,19910,32215,2525,0.187223,50.249378,180,1160,830,1050
2.4972,45.0,268.393303,19910,32215,2525,0.187223,50.249378,1340,-1160,110,-1990
2.4972,45.0,268.393303,19910,32215,2525,0.187223,50.249378,-1990,650,-830,1880
2.4972,45.0,268.393303,19910,32215,2525,0.187223,50.249378,1990,-110,1160,-1340
2.4972,45.0,268.393303,19910,32215,2525,0.187223,50.249378,1050,-1230,-110,-1880
2.4972,45.0,268.393303,19910,32215,2525,0.187223,50.249378,1880,110,1230,-1050
2.4972,45.0,268.393303,19910,32215,2525,0.187223,50.249378,-1050,-830,-1160,-180
2.4972,45.0,268.393303,19910,32215,2525,0.187223,50.249378,-180,1230,650,1340
2.4972,45.0,268.393303,19910,32215,2525,0.187223,50.249378,-1340,-650,-1230,180
2.4972,45.0,268.393303,19910,32215,2525,0.187223,50.249378,-1880,830,-650,1990
2.4972,45.0,271.062684,20308,32859,1555,0.145477,39.433488,1830,210,1260,-920
2.4972,45.0,271.062684,20308,32859,1555,0.145477,39.433488,2040,-210,1130,-1470
2.4972,45.0,271.062684,20308,32859,1555,0.145477,39.433488,-1830,910,-570,2040
2.4972,45.0,271.062684,20308,32859,1555,0.145477,39.433488,-920,-910,-1130,-340
2.4972,45.0,271.062684,20308,32859,1555,0.145477,39.433488,-340,1260,570,1470
2.4972,45.0,271.062684,20308,32859,1555,0.145477,39.433488,920,-1260,-210,-1830
2.4972,45.0,271.062684,20308,32859,1555,0.145477,39.433488,340,1130,910,920
2.4972,45.0,271.062684,20308,32859,1555,0.145477,39.433488,1470,-1130,210,-2040
2.4972,45.0,271.062684,20308,32859,1555,0.145477,39.433488,-1470,-570,-1260,340
2.4972,45.0,271.062684,20308,32859,1555,0.145477,39.433488,-2040,570,-910,1830
2.4972,45.0,271.062684,20308,32859,1555,0.145477,39.433488,1470,570,1260,-340
2.4972,45.0,271.062684,20308,32859,1555,0.145477,39.433488,2040,-570,910,-1830
2.4972,45.0,271.062684,20308,32859,1555,0.145477,39.433488,-1470,1130,-210,2040
2.4972,45.0,271.062684,20308,32859,1555,0.145477,39.433488,-340,-1130,-910,-920
2.4972,45.0,271.062684,20308,32859,1555,0.145477,39.433488,-920,1260,210,1830
2.4972,45.0,271.062684,20308,32859,1555,0.145477,39.433488,340,-1260,-570,-1470
2.4972,45.0,271.062684,20308,32859,1555,0.145477,39.433488,920,910,1130,340
2.4972,45.0,271.062684,20308,32859,1555,0.145477,39.433488,1830,-910,570,-2040
2.4972,45.0,271.062684,20308,32859,1555,0.145477,39.433488,-1830,-210,-1260,920
2.4972,45.0,271.062684,20308,32859,1555,0.145477,39.433488,-2040,210,-1130,1470
2.4972,45.0,272.387565,20507,33181,1055,0.119245,32.480764,1730,340,1280,-730
2.4972,45.0,272.387565,20507,33181,1055,0.119245,32.480764,2070,-340,1070,-1620
2.4972,45.0,272.387565,20507,33181,1055,0.119245,32.480764,-1730,1000,-450,2070
2.4972,45.0,272.387565,20507,33181,1055,0.119245,32.480764,-730,-1000,-1070,-550
2.4972,45.0,272.387565,20507,33181,1055,0.119245,32.480764,-550,1280,450,1620
2.4972,45.0,272.387565,20507,33181,1055,0.119245,32.480764,730,-1280,-340,-1730
2.4972,45.0,272.387565,20507,33181,1055,0.119245,32.480764,550,1070,1000,730
2.4972,45.0,272.387565,20507,33181,1055,0.119245,32.480764,1620,-1070,340,-2070
2.4972,45.0,272.387565,20507,33181,1055,0.119245,32.480764,-1620,-450,-1280,550
2.4972,45.0,272.387565,20507,33181,1055,0.119245,32.480764,-2070,450,-1000,1730
2.4972,45.0,272.387565,20507,33181,1055,0.119245,32.480764,1620,450,1280,-550
2.4972,45.0,272.387565,20507,33181,1055,0.119245,32.480764,2070,-450,1000,-1730
2.4972,45.0,272.387565,20507,33181,1055,0.119245,32.480764,-1620,1070,-340,2070
2.4972,45.0,272.387565,20507,33181,1055,0.119245,32.480764,-550,-1070,-1000,-730
2.4972,45.0,272.387565,20507,33181,1055,0.119245,32.480764,-730,1280,340,1730
2.4972,45.0,272.387565,20507,33181,1055,0.119245,32.480764,550,-1280,-450,-1620
2.4972,45.0,272.387565,20507,33181,1055,0.119245,32.480764,730,1000,1070,550
2.4972,45.0,272.387565,20507,33181,1055,0.119245,32.480764,1730,-1000,450,-2070
2.4972,45.0,272.387565,20507,33181,1055,0.119245,32.480764,-1730,-340,-1280,730
2.4972,45.0,272.387565,20507,33181,1055,0.119245,32.480764,-2070,340,-1070,1620
2.4972,45.0,275.327024,20952,33901,2255,0.172474,47.486840,1780,310,1290,-790
2.4972,45.0,275.327024,20952,33901,2255,0.172474,47.486840,2090,-310,1100,-1600
2.4972,45.0,275.327024,20952,33901,2255,0.172474,47.486840,-1780,990,-490,2090
2.4972,45.0,275.327024,20952,33901,2255,0.172474,47.486840,-790,-990,-1100,-500
2.4972,45.0,275.327024,20952,33901,2255,0.172474,47.486840,-500,1290,490,1600
2.4972,45.0,275.327024,20952,33901,2255,0.172474,47.486840,790,-1290,-310,-1780
2.4972,45.0,275.327024,20952,33901,2255,0.172474,47.486840,500,1100,990,790
2.4972,45.0,275.327024,20952,33901,2255,0.172474,47.486840,1600,-1100,310,-2090
2.4972,45.0,275.327024,20952,33901,2255,0.172474,47.486840,-1600,-490,-1290,500
2.4972,45.0,275.327024,20952,33901,2255,0.172474,47.486840,-2090,490,-990,1780
2.4972,45.0,275.327024,20952,33901,2255,0.172474,47.486840,100,1210,810,1150
2.4972,45.0,275.327024,20952,33901,2255,0.172474,47.486840,-100,1250,710,1310
2.4972,45.0,275.327024,20952,33901,2255,0.172474,47.486840,1150,-1250,-60,-1960
2.4972,45.0,275.327024,20952,33901,2255,0.172474,47.486840,1310,-1210,60,-2020
2.4972,45.0,275.327024,20952,33901,2255,0.172474,47.486840,-2020,710,-810,1960
2.4972,45.0,275.327024,20952,33901,2255,0.172474,47.486840,-1960,810,-710,2020
2.4972,45.0,275.327024,20952,33901,2255,0.172474,47.486840,2020,-60,1210,-1310
2.4972,45.0,275.327024,20952,33901,2255,0.172474,47.486840,1960,60,1250,-1150
2.4972,45.0,275.327024,20952,33901,2255,0.172474,47.486840,-1150,-810,-1210,-100
2.4972,45.0,275.327024,20952,33901,2255,0.172474,47.486840,-1310,-710,-1250,100
2.4972,45.0,275.826011,21028,34024,880,0.107549,29.664794,160,1200,840,1100
2.4972,45.0,275.826011,21028,34024,880,0.107549,29.664794,1360,-1200,100,-2040
2.4972,45.0,275.826011,21028,34024,880,0.107549,29.664794,-2040,680,-840,1940
2.4972,45.0,275.826011,21028,34024,880,0.107549,29.664794,2040,-100,1200,-1360
2.4972,45.0,275.826011,21028,34024,880,0.107549,29.664794,1100,-1260,-100,-1940
2.4972,45.0,275.826011,21028,34024,880,0.107549,29.664794,1940,100,1260,-1100
2.4972,45.0,275.826011,21028,34024,880,0.107549,29.664794,-1100,-840,-1200,-160
2.4972,45.0,275.826011,21028,34024,880,0.107549,29.664794,-160,1260,680,1360
2.4972,45.0,275.826011,21028,34024,880,0.107549,29.664794,-1360,-680,-1260,160
2.4972,45.0,275.826011,21028,34024,880,0.107549,29.664794,-1940,840,-680,2040
2.4972,45.0,278.729211,21473,34744,2105,0.164605,45.880279,1750,370,1310,-710
2.4972,45.0,278.729211,21473,34744,2105,0.164605,45.880279,1680,440,1310,-600
2.4972,45.0,278.729211,21473,34744,2105,0.164605,45.880279,2120,-370,1080,-1680
2.4972,45.0,278.729211,21473,34744,2105,0.164605,45.880279,2120,-440,1040,-1750
2.4972,45.0,278.729211,21473,34744,2105,0.164605,45.880279,-1750,1040,-440,2120
2.4972,45.0,278.729211,21473,34744,2105,0.164605,45.880279,-1680,1080,-370,2120
2.4972,45.0,278.729211,21473,34744,2105,0.164605,45.880279,-710,-1040,-1080,-600
2.4972,45.0,278.729211,21473,34744,2105,0.164605,45.880279,-600,-1080,-1040,-710
2.4972,45.0,278.729211,21473,34744,2105,0.164605,45.880279,-600,1310,440,1680
2.4972,45.0,278.729211,21473,34744,2105,0.164605,45.880279,-710,1310,370,1750
2.4972,45.0,278.729211,21473,34744,2105,0.164605,45.880279,600,-1310,-440,-1680
2.4972,45.0,278.729211,21473,34744,2105,0.164605,45.880279,710,-1310,-370,-1750
2.4972,45.0,278.729211,21473,34744,2105,0.164605,45.880279,600,1080,1040,710
2.4972,45.0,278.729211,21473,34744,2105,0.164605,45.880279,710,1040,1080,600
2.4972,45.0,278.729211,21473,34744,2105,0.164605,45.880279,1680,-1080,370,-2120
2.4972,45.0,278.729211,21473,34744,2105,0.164605,45.880279,1750,-1040,440,-2120
2.4972,45.0,278.729211,21473,34744,2105,0.164605,45.880279,-1680,-440,-1310,600
2.4972,45.0,278.729211,21473,34744,2105,0.164605,45.880279,-1750,-370,-1310,710
2.4972,45.0,278.729211,21473,34744,2105,0.164605,45.880279,-2120,440,-1040,1750
2.4972,45.0,278.729211,21473,34744,2105,0.164605,45.880279,-2120,370,-1080,1680
2.4972,45.0,283.363693,22193,35909,1405,0.132280,37.483330,1830,320,1330,-810
2.4972,45.0,283.363693,22193,35909,1405,0.132280,37.483330,2150,-320,1130,-1650
2.4972,45.0,283.363693,22193,35909,1405,0.132280,37.483330,-1830,1020,-500,2150
2.4972,45.0,283.363693,22193,35909,1405,0.132280,37.483330,-810,-1020,-1130,-520
2.4972,45.0,283.363693,22193,35909,1405,0.132280,37.483330,-520,1330,500,1650
2.4972,45.0,283.363693,22193,35909,1405,0.132280,37.483330,810,-1330,-320,-1830
2.4972,45.0,283.363693,22193,35909,1405,0.132280,37.483330,520,1130,1020,810
2.4972,45.0,283.363693,22193,35909,1405,0.132280,37.483330,1650,-1130,320,-2150
2.4972,45.0,283.363693,22193,35909,1405,0.132280,37.483330,-1650,-500,-1330,520
2.4972,45.0,283.363693,22193,35909,1405,0.132280,37.483330,-2150,500,-1020,1830
2.4972,45.0,283.363693,22193,35909,1405,0.132280,37.483330,1650,500,1330,-520
2.4972,45.0,283.363693,22193,35909,1405,0.132280,37.483330,2150,-500,1020,-1830
2.4972,45.0,283.363693,22193,35909,1405,0.132280,37.483330,-1650,1130,-320,2150
2.4972,45.0,283.363693,22193,35909,1405,0.132280,37.483330,-520,-1130,-1020,-810
2.4972,45.0,283.363693,22193,35909,1405,0.132280,37.483330,-810,1330,320,1830
2.4972,45.0,283.363693,22193,35909,1405,0.132280,37.483330,520,-1330,-500,-1650
2.4972,45.0,283.363693,22193,35909,1405,0.132280,37.483330,810,1020,1130,520
2.4972,45.0,283.363693,22193,35909,1405,0.132280,37.483330,1830,-1020,500,-2150
2.4972,45.0,283.363693,22193,35909,1405,0.132280,37.483330,-1830,-320,-1330,810
2.4972,45.0,283.363693,22193,35909,1405,0.132280,37.483330,-2150,320,-1130,1650
2.4972,45.0,285.411945,22515,36430,1775,0.147614,42.130749,1810,360,1340,-760
2.4972,45.0,285.411945,22515,36430,1775,0.147614,42.130749,1700,470,1340,-580
2.4972,45.0,285.411945,22515,36430,1775,0.147614,42.130749,2170,-360,1120,-1700
2.4972,45.0,285.411945,22515,36430,1775,0.147614,42.130749,2170,-470,1050,-1810
2.4972,45.0,285.411945,22515,36430,1775,0.147614,42.130749,-1810,1050,-470,2170
2.4972,45.0,285.411945,22515,36430,1775,0.147614,42.130749,-1700,1120,-360,2170
2.4972,45.0,285.411945,22515,36430,1775,0.147614,42.130749,-760,-1050,-1120,-580
2.4972,45.0,285.411945,22515,36430,1775,0.147614,42.130749,-580,-1120,-1050,-760
2.4972,45.0,285.411945,22515,36430,1775,0.147614,42.130749,-580,1340,470,1700
2.4972,45.0,285.411945,22515,36430,1775,0.147614,42.130749,-760,1340,360,1810
2.4972,45.0,285.411945,22515,36430,1775,0.147614,42.130749,580,-1340,-470,-1700
2.4972,45.0,285.411945,22515,36430,1775,0.147614,42.130749,760,-1340,-360,-1810
2.4972,45.0,285.411945,22515,36430,1775,0.147614,42.130749,580,1120,1050,760
2.4972,45.0,285.411945,22515,36430,1775,0.147614,42.130749,760,1050,1120,580
2.4972,45.0,285.411945,22515,36430,1775,0.147614,42.130749,1700,-1120,360,-2170
2.4972,45.0,285.411945,22515,36430,1775,0.147614,42.130749,1810,-1050,470,-2170
2.4972,45.0,285.411945,22515,36430,1775,0.147614,42.130749,-1700,-470,-1340,580
2.4972,45.0,285.411945,22515,36430,1775,0.147614,42.130749,-1810,-360,-1340,760
2.4972,45.0,285.411945,22515,36430,1775,0.147614,42.130749,-2170,470,-1050,1810
2.4972,45.0,285.411945,22515,36430,1775,0.147614,42.130749,-2170,360,-1120,1700
2.4972,45.0,286.190438,22638,36629,2705,0.181731,52.009614,1940,210,1330,-990
2.4972,45.0,286.190438,22638,36629,2705,0.181731,52.009614,2150,-210,1200,-1540
2.4972,45.0,286.190438,22638,36629,2705,0.181731,52.009614,-1940,950,-610,2150
2.4972,45.0,286.190438,22638,36629,2705,0.181731,52.009614,-990,-950,-1200,-340
2.4972,45.0,286.190438,22638,36629,2705,0.181731,52.009614,-340,1330,610,1540
2.4972,45.0,286.190438,22638,36629,2705,0.181731,52.009614,990,-1330,-210,-1940
2.4972,45.0,286.190438,22638,36629,2705,0.181731,52.009614,340,1200,950,990
2.4972,45.0,286.190438,22638,36629,2705,0.181731,52.009614,1540,-1200,210,-2150
2.4972,45.0,286.190438,22638,36629,2705,0.181731,52.009614,-1540,-610,-1330,340
2.4972,45.0,286.190438,22638,36629,2705,0.181731,52.009614,-2150,610,-950,1940
2.4972,45.0,287.445602,22837,36951,2155,0.161498,46.421978,30,1280,810,1260
2.4972,45.0,287.445602,22837,36951,2155,0.161498,46.421978,-30,1290,780,1310
2.4972,45.0,287.445602,22837,36951,2155,0.161498,46.421978,1260,-1290,-20,-2070
2.4972,45.0,287.445602,22837,36951,2155,0.161498,46.421978,1310,-1280,20,-2090
2.4972,45.0,287.445602,22837,36951,2155,0.161498,46.421978,-2090,780,-810,2070
2.4972,45.0,287.445602,22837,36951,2155,0.161498,46.421978,-2070,810,-780,2090
2.4972,45.0,287.445602,22837,36951,2155,0.161498,46.421978,2090,-20,1280,-1310
2.4972,45.0,287.445602,22837,36951,2155,0.161498,46.421978,2070,20,1290,-1260
2.4972,45.0,287.445602,22837,36951,2155,0.161498,46.421978,-1260,-810,-1280,-30
2.4972,45.0,287.445602,22837,36951,2155,0.161498,46.421978,-1310,-780,-1290,30
2.4972,45.0,287.445602,22837,36951,2155,0.161498,46.421978,-30,-1280,-810,-1260
2.4972,45.0,287.445602,22837,36951,2155,0.161498,46.421978,30,-1290,-780,-1310
2.4972,45.0,287.445602,22837,36951,2155,0.161498,46.421978,2070,-810,780,-2090
2.4972,45.0,287.445602,22837,36951,2155,0.161498,46.421978,2090,-780,810,-2070
2.4972,45.0,287.445602,22837,36951,2155,0.161498,46.421978,-1260,1290,20,2070
2.4972,45.0,287.445602,22837,36951,2155,0.161498,46.421978,-1310,1280,-20,2090
2.4972,45.0,287.445602,22837,36951,2155,0.161498,46.421978,-2090,20,-1280,1310
2.4972,45.0,287.445602,22837,36951,2155,0.161498,46.421978,-2070,-20,-1290,1260
2.4972,45.0,287.445602,22837,36951,2155,0.161498,46.421978,1260,810,1280,30
2.4972,45.0,287.445602,22837,36951,2155,0.161498,46.421978,1310,780,1290,-30
2.4972,45.0,289.939628,23235,37595,1025,0.110422,32.015621,290,1230,940,1050
2.4972,45.0,289.939628,23235,37595,1025,0.110422,32.015621,1520,-1230,180,-2170
2.4972,45.0,289.939628,23235,37595,1025,0.110422,32.015621,-2170,650,-940,1990
2.4972,45.0,289.939628,23235,37595,1025,0.110422,32.015621,2170,-180,1230,-1520
2.4972,45.0,289.939628,23235,37595,1025,0.110422,32.015621,1050,-1340,-180,-1990
2.4972,45.0,289.939628,23235,37595,1025,0.110422,32.015621,1990,180,1340,-1050
2.4972,45.0,289.939628,23235,37595,1025,0.110422,32.015621,-1050,-940,-1230,-290
2.4972,45.0,289.939628,23235,37595,1025,0.110422,32.015621,-290,1340,650,1520
2.4972,45.0,289.939628,23235,37595,1025,0.110422,32.015621,-1520,-650,-1340,290
2.4972,45.0,289.939628,23235,37595,1025,0.110422,32.015621,-1990,940,-650,2170
2.4972,45.0,291.941747,23557,38116,1405,0.128393,37.483330,1960,240,1360,-970
2.4972,45.0,291.941747,23557,38116,1405,0.128393,37.483330,2200,-240,1210,-1600
2.4972,45.0,291.941747,23557,38116,1405,0.128393,37.483330,-1960,990,-600,2200
2.4972,45.0,291.941747,23557,38116,1405,0.128393,37.483330,-970,-990,-1210,-390
2.4972,45.0,291.941747,23557,38116,1405,0.128393,37.483330,-390,1360,600,1600
2.4972,45.0,291.941747,23557,38116,1405,0.128393,37.483330,970,-1360,-240,-1960
2.4972,45.0,291.941747,23557,38116,1405,0.128393,37.483330,390,1210,990,970
2.4972,45.0,291.941747,23557,38116,1405,0.128393,37.483330,1600,-1210,240,-2200
2.4972,45.0,291.941747,23557,38116,1405,0.128393,37.483330,-1600,-600,-1360,390
2.4972,45.0,291.941747,23557,38116,1405,0.128393,37.483330,-2200,600,-990,1960
2.4972,45.0,291.941747,23557,38116,1405,0.128393,37.483330,1600,600,1360,-390
2.4972,45.0,291.941747,23557,38116,1405,0.128393,37.483330,2200,-600,990,-1960
2.4972,45.0,291.941747,23557,38116,1405,0.128393,37.483330,-1600,1210,-240,2200
2.4972,45.0,291.941747,23557,38116,1405,0.128393,37.483330,-390,-1210,-990,-970
2.4972,45.0,291.941747,23557,38116,1405,0.128393,37.483330,-970,1360,240,1960
2.4972,45.0,291.941747,23557,38116,1405,0.128393,37.483330,390,-1360,-600,-1600
2.4972,45.0,291.941747,23557,38116,1405,0.128393,37.483330,970,990,1210,390
2.4972,45.0,291.941747,23557,38116,1405,0.128393,37.483330,1960,-990,600,-2200
2.4972,45.0,291.941747,23557,38116,1405,0.128393,37.483330,-1960,-240,-1360,970
2.4972,45.0,291.941747,23557,38116,1405,0.128393,37.483330,-2200,240,-1210,1600
2.4972,45.0,295.152480,24078,38959,1205,0.117611,34.713110,50,1310,840,1280
2.4972,45.0,295.152480,24078,38959,1205,0.117611,34.713110,-50,1330,790,1360
2.4972,45.0,295.152480,24078,38959,1205,0.117611,34.713110,1280,-1330,-30,-2120
2.4972,45.0,295.152480,24078,38959,1205,0.117611,34.713110,1360,-1310,30,-2150
2.4972,45.0,295.152480,24078,38959,1205,0.117611,34.713110,-2150,790,-840,2120
2.4972,45.0,295.152480,24078,38959,1205,0.117611,34.713110,-2120,840,-790,2150
2.4972,45.0,295.152480,24078,38959,1205,0.117611,34.713110,2150,-30,1310,-1360
2.4972,45.0,295.152480,24078,38959,1205,0.117611,34.713110,2120,30,1330,-1280
2.4972,45.0,295.152480,24078,38959,1205,0.117611,34.713110,-1280,-840,-1310,-50
2.4972,45.0,295.152480,24078,38959,1205,0.117611,34.713110,-1360,-790,-1330,50
2.4972,45.0,295.152480,24078,38959,1205,0.117611,34.713110,-50,-1310,-840,-1280
2.4972,45.0,295.152480,24078,38959,1205,0.117611,34.713110,50,-1330,-790,-1360
2.4972,45.0,295.152480,24078,38959,1205,0.117611,34.713110,2120,-840,790,-2150
2.4972,45.0,295.152480,24078,38959,1205,0.117611,34.713110,2150,-790,840,-2120
2.4972,45.0,295.152480,24078,38959,1205,0.117611,34.713110,-1280,1330,30,2120
2.4972,45.0,295.152480,24078,38959,1205,0.117611,34.713110,-1360,1310,-30,2150
2.4972,45.0,295.152480,24078,38959,1205,0.117611,34.713110,-2150,30,-1310,1360
2.4972,45.0,295.152480,24078,38959,1205,0.117611,34.713110,-2120,-30,-1330,1280
2.4972,45.0,295.152480,24078,38959,1205,0.117611,34.713110,1280,840,1310,50
2.4972,45.0,295.152480,24078,38959,1205,0.117611,34.713110,1360,790,1330,-50
2.4972,45.0,297.867371,24523,39679,2605,0.171349,51.039201,310,1260,970,1070
2.4972,45.0,297.867371,24523,39679,2605,0.171349,51.039201,1570,-1260,190,-2230
2.4972,45.0,297.867371,24523,39679,2605,0.171349,51.039201,-2230,660,-970,2040
2.4972,45.0,297.867371,24523,39679,2605,0.171349,51.039201,2230,-190,1260,-1570
2.4972,45.0,297.867371,24523,39679,2605,0.171349,51.039201,1070,-1380,-190,-2040
2.4972,45.0,297.867371,24523,39679,2605,0.171349,51.039201,2040,190,1380,-1070
2.4972,45.0,297.867371,24523,39679,2605,0.171349,51.039201,-1070,-970,-1260,-310
2.4972,45.0,297.867371,24523,39679,2605,0.171349,51.039201,-310,1380,660,1570
2.4972,45.0,297.867371,24523,39679,2605,0.171349,51.039201,-1570,-660,-1380,310
2.4972,45.0,297.867371,24523,39679,2605,0.171349,51.039201,-2040,970,-660,2230
2.4972,45.0,299.073532,24722,40001,2005,0.149720,44.777226,2020,230,1390,-1020
2.4972,45.0,299.073532,24722,40001,2005,0.149720,44.777226,2250,-230,1250,-1620
2.4972,45.0,299.073532,24722,40001,2005,0.149720,44.777226,-2020,1000,-630,2250
2.4972,45.0,299.073532,24722,40001,2005,0.149720,44.777226,-1020,-1000,-1250,-370
2.4972,45.0,299.073532,24722,40001,2005,0.149720,44.777226,-370,1390,630,1620
2.4972,45.0,299.073532,24722,40001,2005,0.149720,44.777226,1020,-1390,-230,-2020
2.4972,45.0,299.073532,24722,40001,2005,0.149720,44.777226,370,1250,1000,1020
2.4972,45.0,299.073532,24722,40001,2005,0.149720,44.777226,1620,-1250,230,-2250
2.4972,45.0,299.073532,24722,40001,2005,0.149720,44.777226,-1620,-630,-1390,370
2.4972,45.0,299.073532,24722,40001,2005,0.149720,44.777226,-2250,630,-1000,2020
2.4972,45.0,299.073532,24722,40001,2005,0.149720,44.777226,1620,630,1390,-370
2.4972,45.0,299.073532,24722,40001,2005,0.149720,44.777226,2250,-630,1000,-2020
2.4972,45.0,299.073532,24722,40001,2005,0.149720,44.777226,-1620,1250,-230,2250
2.4972,45.0,299.073532,24722,40001,2005,0.149720,44.777226,-370,-1250,-1000,-1020
2.4972,45.0,299.073532,24722,40001,2005,0.149720,44.777226,-1020,1390,230,2020
2.4972,45.0,299.073532,24722,40001,2005,0.149720,44.777226,370,-1390,-630,-1620
2.4972,45.0,299.073532,24722,40001,2005,0.149720,44.777226,1020,1000,1250,370
2.4972,45.0,299.073532,24722,40001,2005,0.149720,44.777226,2020,-1000,630,-2250
2.4972,45.0,299.073532,24722,40001,2005,0.149720,44.777226,-2020,-230,-1390,1020
2.4972,45.0,299.073532,24722,40001,2005,0.149720,44.777226,-2250,230,-1250,1620
2.4972,45.0,299.816554,24845,40200,3025,0.183446,55.000000,1810,470,1410,-650
2.4972,45.0,299.816554,24845,40200,3025,0.183446,55.000000,2280,-470,1120,-1880
2.4972,45.0,299.816554,24845,40200,3025,0.183446,55.000000,-1810,1160,-400,2280
2.4972,45.0,299.816554,24845,40200,3025,0.183446,55.000000,-650,-1160,-1120,-760
2.4972,45.0,299.816554,24845,40200,3025,0.183446,55.000000,-760,1410,400,1880
2.4972,45.0,299.816554,24845,40200,3025,0.183446,55.000000,650,-1410,-470,-1810
2.4972,45.0,299.816554,24845,40200,3025,0.183446,55.000000,760,1120,1160,650
2.4972,45.0,299.816554,24845,40200,3025,0.183446,55.000000,1880,-1120,470,-2280
2.4972,45.0,299.816554,24845,40200,3025,0.183446,55.000000,-1880,-400,-1410,760
2.4972,45.0,299.816554,24845,40200,3025,0.183446,55.000000,-2280,400,-1160,1810
2.4972,45.0,299.816554,24845,40200,3025,0.183446,55.000000,0,-1340,-830,-1340
2.4972,45.0,299.816554,24845,40200,3025,0.183446,55.000000,2170,-830,830,-2170
2.4972,45.0,299.816554,24845,40200,3025,0.183446,55.000000,-1340,1340,0,2170
2.4972,45.0,299.816554,24845,40200,3025,0.183446,55.000000,-2170,0,-1340,1340
2.4972,45.0,299.816554,24845,40200,3025,0.183446,55.000000,1340,830,1340,0
2.4972,45.0,302.208505,25243,40844,1805,0.140583,42.485292,1860,440,1420,-710
2.4972,45.0,302.208505,25243,40844,1805,0.140583,42.485292,2300,-440,1150,-1860
2.4972,45.0,302.208505,25243,40844,1805,0.140583,42.485292,-1860,1150,-440,2300
2.4972,45.0,302.208505,25243,40844,1805,0.140583,42.485292,-710,-1150,-1150,-710
2.4972,45.0,302.208505,25243,40844,1805,0.140583,42.485292,-710,1420,440,1860
2.4972,45.0,302.208505,25243,40844,1805,0.140583,42.485292,710,-1420,-440,-1860
2.4972,45.0,302.208505,25243,40844,1805,0.140583,42.485292,710,1150,1150,710
2.4972,45.0,302.208505,25243,40844,1805,0.140583,42.485292,1860,-1150,440,-2300
2.4972,45.0,302.208505,25243,40844,1805,0.140583,42.485292,-1860,-440,-1420,710
2.4972,45.0,302.208505,25243,40844,1805,0.140583,42.485292,-2300,440,-1150,1860
2.4972,45.0,306.488156,25963,42009,955,0.100830,30.903074,1830,500,1440,-630
2.4972,45.0,306.488156,25963,42009,955,0.100830,30.903074,2330,-500,1130,-1940
2.4972,45.0,306.488156,25963,42009,955,0.100830,30.903074,-1830,1200,-390,2330
2.4972,45.0,306.488156,25963,42009,955,0.100830,30.903074,-630,-1200,-1130,-810
2.4972,45.0,306.488156,25963,42009,955,0.100830,30.903074,-810,1440,390,1940
2.4972,45.0,306.488156,25963,42009,955,0.100830,30.903074,630,-1440,-500,-1830
2.4972,45.0,306.488156,25963,42009,955,0.100830,30.903074,810,1130,1200,630
2.4972,45.0,306.488156,25963,42009,955,0.100830,30.903074,1940,-1130,500,-2330
2.4972,45.0,306.488156,25963,42009,955,0.100830,30.903074,-1940,-390,-1440,810
2.4972,45.0,306.488156,25963,42009,955,0.100830,30.903074,-2330,390,-1200,1830
2.4972,45.0,308.382855,26285,42530,1375,0.120243,37.080992,180,1340,940,1230
2.4972,45.0,308.382855,26285,42530,1375,0.120243,37.080992,1520,-1340,110,-2280
2.4972,45.0,308.382855,26285,42530,1375,0.120243,37.080992,-2280,760,-940,2170
2.4972,45.0,308.382855,26285,42530,1375,0.120243,37.080992,2280,-110,1340,-1520
2.4972,45.0,308.382855,26285,42530,1375,0.120243,37.080992,1230,-1410,-110,-2170
2.4972,45.0,308.382855,26285,42530,1375,0.120243,37.080992,2170,110,1410,-1230
2.4972,45.0,308.382855,26285,42530,1375,0.120243,37.080992,-1230,-940,-1340,-180
2.4972,45.0,308.382855,26285,42530,1375,0.120243,37.080992,-180,1410,760,1520
2.4972,45.0,308.382855,26285,42530,1375,0.120243,37.080992,-1520,-760,-1410,180
2.4972,45.0,308.382855,26285,42530,1375,0.120243,37.080992,-2170,940,-760,2280
2.4972,45.0,308.382855,26285,42530,1375,0.120243,37.080992,1520,760,1410,-180
2.4972,45.0,308.382855,26285,42530,1375,0.120243,37.080992,2280,-760,940,-2170
2.4972,45.0,308.382855,26285,42530,1375,0.120243,37.080992,-1520,1340,-110,2280
2.4972,45.0,308.382855,26285,42530,1375,0.120243,37.080992,-180,-1340,-940,-1230
2.4972,45.0,308.382855,26285,42530,1375,0.120243,37.080992,-1230,1410,110,2170
2.4972,45.0,308.382855,26285,42530,1375,0.120243,37.080992,180,-1410,-760,-1520
2.4972,45.0,308.382855,26285,42530,1375,0.120243,37.080992,1230,940,1340,180
2.4972,45.0,308.382855,26285,42530,1375,0.120243,37.080992,2170,-940,760,-2280
2.4972,45.0,308.382855,26285,42530,1375,0.120243,37.080992,-2170,-110,-1410,1230
2.4972,45.0,308.382855,26285,42530,1375,0.120243,37.080992,-2280,110,-1340,1520
2.4972,45.0,309.103501,26408,42729,2455,0.160296,49.547957,240,1330,970,1180
2.4972,45.0,309.103501,26408,42729,2455,0.160296,49.547957,1570,-1330,150,-2300
2.4972,45.0,309.103501,26408,42729,2455,0.160296,49.547957,-2300,730,-970,2150
2.4972,45.0,309.103501,26408,42729,2455,0.160296,49.547957,2300,-150,1330,-1570
2.4972,45.0,309.103501,26408,42729,2455,0.160296,49.547957,1180,-1420,-150,-2150
2.4972,45.0,309.103501,26408,42729,2455,0.160296,49.547957,2150,150,1420,-1180
2.4972,45.0,309.103501,26408,42729,2455,0.160296,49.547957,-1180,-970,-1330,-240
2.4972,45.0,309.103501,26408,42729,2455,0.160296,49.547957,-240,1420,730,1570
2.4972,45.0,309.103501,26408,42729,2455,0.160296,49.547957,-1570,-730,-1420,240
2.4972,45.0,309.103501,26408,42729,2455,0.160296,49.547957,-2150,970,-730,2300
2.4972,45.0,309.103501,26408,42729,2455,0.160296,49.547957,1570,730,1420,-240
2.4972,45.0,309.103501,26408,42729,2455,0.160296,49.547957,2300,-730,970,-2150
2.4972,45.0,309.103501,26408,42729,2455,0.160296,49.547957,-1570,1330,-150,2300
2.4972,45.0,309.103501,26408,42729,2455,0.160296,49.547957,-240,-1330,-970,-1180
2.4972,45.0,309.103501,26408,42729,2455,0.160296,49.547957,-1180,1420,150,2150
2.4972,45.0,309.103501,26408,42729,2455,0.160296,49.547957,240,-1420,-730,-1570
2.4972,45.0,309.103501,26408,42729,2455,0.160296,49.547957,1180,970,1330,240
2.4972,45.0,309.103501,26408,42729,2455,0.160296,49.547957,2150,-970,730,-2300
2.4972,45.0,309.103501,26408,42729,2455,0.160296,49.547957,-2150,-150,-1420,1180
2.4972,45.0,309.103501,26408,42729,2455,0.160296,49.547957,-2300,150,-1330,1570
2.4972,45.0,310.265985,26607,43051,1805,0.136932,42.485292,1910,450,1460,-730
2.4972,45.0,310.265985,26607,43051,1805,0.136932,42.485292,2360,-450,1180,-1910
2.4972,45.0,310.265985,26607,43051,1805,0.136932,42.485292,-1910,1180,-450,2360
2.4972,45.0,310.265985,26607,43051,1805,0.136932,42.485292,-730,-1180,-1180,-730
2.4972,45.0,310.265985,26607,43051,1805,0.136932,42.485292,-730,1460,450,1910
2.4972,45.0,310.265985,26607,43051,1805,0.136932,42.485292,730,-1460,-450,-1910
2.4972,45.0,310.265985,26607,43051,1805,0.136932,42.485292,730,1180,1180,730
2.4972,45.0,310.265985,26607,43051,1805,0.136932,42.485292,1910,-1180,450,-2360
2.4972,45.0,310.265985,26607,43051,1805,0.136932,42.485292,-1910,-450,-1460,730
2.4972,45.0,310.265985,26607,43051,1805,0.136932,42.485292,-2360,450,-1180,1910
2.4972,45.0,312.849749,27052,43771,3355,0.185144,57.922362,1890,490,1470,-680
2.4972,45.0,312.849749,27052,43771,3355,0.185144,57.922362,2380,-490,1170,-1960
2.4972,45.0,312.849749,27052,43771,3355,0.185144,57.922362,-1890,1210,-420,2380
2.4972,45.0,312.849749,27052,43771,3355,0.185144,57.922362,-680,-1210,-1170,-790
2.4972,45.0,312.849749,27052,43771,3355,0.185144,57.922362,-790,1470,420,1960
2.4972,45.0,312.849749,27052,43771,3355,0.185144,57.922362,680,-1470,-490,-1890
2.4972,45.0,312.849749,27052,43771,3355,0.185144,57.922362,790,1170,1210,680
2.4972,45.0,312.849749,27052,43771,3355,0.185144,57.922362,1960,-1170,490,-2380
2.4972,45.0,312.849749,27052,43771,3355,0.185144,57.922362,-1960,-420,-1470,790
2.4972,45.0,312.849749,27052,43771,3355,0.185144,57.922362,-2380,420,-1210,1890
2.4972,45.0,315.142792,27450,44415,2025,0.142792,45.000000,0,1410,870,1410
2.4972,45.0,315.142792,27450,44415,2025,0.142792,45.000000,1410,-1410,0,-2280
2.4972,45.0,315.142792,27450,44415,2025,0.142792,45.000000,-2280,870,-870,2280
2.4972,45.0,315.142792,27450,44415,2025,0.142792,45.000000,2280,0,1410,-1410
2.4972,45.0,315.142792,27450,44415,2025,0.142792,45.000000,-1410,-870,-1410,0
2.4972,45.0,315.142792,27450,44415,2025,0.142792,45.000000,0,-1410,-870,-1410
2.4972,45.0,315.142792,27450,44415,2025,0.142792,45.000000,2280,-870,870,-2280
2.4972,45.0,315.142792,27450,44415,2025,0.142792,45.000000,-1410,1410,0,2280
2.4972,45.0,315.142792,27450,44415,2025,0.142792,45.000000,-2280,0,-1410,1410
2.4972,45.0,315.142792,27450,44415,2025,0.142792,45.000000,1410,870,1410,0
2.4972,45.0,315.848015,27573,44614,3155,0.177837,56.169387,1540,790,1440,-160
2.4972,45.0,315.848015,27573,44614,3155,0.177837,56.169387,2330,-790,950,-2230
2.4972,45.0,315.848015,27573,44614,3155,0.177837,56.169387,-1540,1380,-100,2330
2.4972,45.0,315.848015,27573,44614,3155,0.177837,56.169387,-160,-1380,-950,-1280
2.4972,45.0,315.848015,27573,44614,3155,0.177837,56.169387,-1280,1440,100,2230
2.4972,45.0,315.848015,27573,44614,3155,0.177837,56.169387,160,-1440,-790,-1540
2.4972,45.0,315.848015,27573,44614,3155,0.177837,56.169387,1280,950,1380,160
2.4972,45.0,315.848015,27573,44614,3155,0.177837,56.169387,2230,-950,790,-2330
2.4972,45.0,315.848015,27573,44614,3155,0.177837,56.169387,-2230,-100,-1440,1280
2.4972,45.0,315.848015,27573,44614,3155,0.177837,56.169387,-2330,100,-1380,1540
2.4972,45.0,316.985765,27772,44936,2480,0.157104,49.799598,260,1360,1000,1200
2.4972,45.0,316.985765,27772,44936,2480,0.157104,49.799598,1620,-1360,160,-2360
2.4972,45.0,316.985765,27772,44936,2480,0.157104,49.799598,-2360,740,-1000,2200
2.4972,45.0,316.985765,27772,44936,2480,0.157104,49.799598,2360,-160,1360,-1620
2.4972,45.0,316.985765,27772,44936,2480,0.157104,49.799598,1200,-1460,-160,-2200
2.4972,45.0,316.985765,27772,44936,2480,0.157104,49.799598,2200,160,1460,-1200
2.4972,45.0,316.985765,27772,44936,2480,0.157104,49.799598,-1200,-1000,-1360,-260
2.4972,45.0,316.985765,27772,44936,2480,0.157104,49.799598,-260,1460,740,1620
2.4972,45.0,316.985765,27772,44936,2480,0.157104,49.799598,-1620,-740,-1460,260
2.4972,45.0,316.985765,27772,44936,2480,0.157104,49.799598,-2200,1000,-740,2360
2.4972,45.0,316.985765,27772,44936,2480,0.157104,49.799598,1620,740,1460,-260
2.4972,45.0,316.985765,27772,44936,2480,0.157104,49.799598,2360,-740,1000,-2200
2.4972,45.0,316.985765,27772,44936,2480,0.157104,49.799598,-1620,1360,-160,2360
2.4972,45.0,316.985765,27772,44936,2480,0.157104,49.799598,-260,-1360,-1000,-1200
2.4972,45.0,316.985765,27772,44936,2480,0.157104,49.799598,-1200,1460,160,2200
2.4972,45.0,316.985765,27772,44936,2480,0.157104,49.799598,260,-1460,-740,-1620
2.4972,45.0,316.985765,27772,44936,2480,0.157104,49.799598,1200,1000,1360,260
2.4972,45.0,316.985765,27772,44936,2480,0.157104,49.799598,2200,-1000,740,-2360
2.4972,45.0,316.985765,27772,44936,2480,0.157104,49.799598,-2200,-160,-1460,1200
2.4972,45.0,316.985765,27772,44936,2480,0.157104,49.799598,-2360,160,-1360,1620
2.4972,45.0,319.945273,28293,45779,2255,0.148422,47.486840,2150,260,1490,-1070
2.4972,45.0,319.945273,28293,45779,2255,0.148422,47.486840,2410,-260,1330,-1750
2.4972,45.0,319.945273,28293,45779,2255,0.148422,47.486840,-2150,1080,-660,2410
2.4972,45.0,319.945273,28293,45779,2255,0.148422,47.486840,-1070,-1080,-1330,-420
2.4972,45.0,319.945273,28293,45779,2255,0.148422,47.486840,-420,1490,660,1750
2.4972,45.0,319.945273,28293,45779,2255,0.148422,47.486840,1070,-1490,-260,-2150
2.4972,45.0,319.945273,28293,45779,2255,0.148422,47.486840,420,1330,1080,1070
2.4972,45.0,319.945273,28293,45779,2255,0.148422,47.486840,1750,-1330,260,-2410
2.4972,45.0,319.945273,28293,45779,2255,0.148422,47.486840,-1750,-660,-1490,420
2.4972,45.0,319.945273,28293,45779,2255,0.148422,47.486840,-2410,660,-1080,2150
2.4972,45.0,319.945273,28293,45779,2255,0.148422,47.486840,50,1420,910,1390
2.4972,45.0,319.945273,28293,45779,2255,0.148422,47.486840,-50,1440,860,1470
2.4972,45.0,319.945273,28293,45779,2255,0.148422,47.486840,1390,-1440,-30,-2300
2.4972,45.0,319.945273,28293,45779,2255,0.148422,47.486840,1470,-1420,30,-2330
2.4972,45.0,319.945273,28293,45779,2255,0.148422,47.486840,-2330,860,-910,2300
2.4972,45.0,319.945273,28293,45779,2255,0.148422,47.486840,-2300,910,-860,2330
2.4972,45.0,319.945273,28293,45779,2255,0.148422,47.486840,2330,-30,1420,-1470
2.4972,45.0,319.945273,28293,45779,2255,0.148422,47.486840,2300,30,1440,-1390
2.4972,45.0,319.945273,28293,45779,2255,0.148422,47.486840,-1390,-910,-1420,-50
2.4972,45.0,319.945273,28293,45779,2255,0.148422,47.486840,-1470,-860,-1440,50
2.4972,45.0,319.945273,28293,45779,2255,0.148422,47.486840,1750,660,1490,-420
2.4972,45.0,319.945273,28293,45779,2255,0.148422,47.486840,2410,-660,1080,-2150
2.4972,45.0,319.945273,28293,45779,2255,0.148422,47.486840,-1750,1330,-260,2410
2.4972,45.0,319.945273,28293,45779,2255,0.148422,47.486840,-420,-1330,-1080,-1070
2.4972,45.0,319.945273,28293,45779,2255,0.148422,47.486840,-1070,1490,260,2150
2.4972,45.0,319.945273,28293,45779,2255,0.148422,47.486840,420,-1490,-660,-1750
2.4972,45.0,319.945273,28293,45779,2255,0.148422,47.486840,1070,1080,1330,420
2.4972,45.0,319.945273,28293,45779,2255,0.148422,47.486840,2150,-1080,660,-2410
2.4972,45.0,319.945273,28293,45779,2255,0.148422,47.486840,-2150,-260,-1490,1070
2.4972,45.0,319.945273,28293,45779,2255,0.148422,47.486840,-2410,260,-1330,1750
2.4972,45.0,319.945273,28293,45779,2255,0.148422,47.486840,-50,-1420,-910,-1390
2.4972,45.0,319.945273,28293,45779,2255,0.148422,47.486840,50,-1440,-860,-1470
2.4972,45.0,319.945273,28293,45779,2255,0.148422,47.486840,2300,-910,860,-2330
2.4972,45.0,319.945273,28293,45779,2255,0.148422,47.486840,2330,-860,910,-2300
2.4972,45.0,319.945273,28293,45779,2255,0.148422,47.486840,-1390,1440,30,2300
2.4972,45.0,319.945273,28293,45779,2255,0.148422,47.486840,-1470,1420,-30,2330
2.4972,45.0,319.945273,28293,45779,2255,0.148422,47.486840,-2330,30,-1420,1470
2.4972,45.0,319.945273,28293,45779,2255,0.148422,47.486840,-2300,-30,-1440,1390
2.4972,45.0,319.945273,28293,45779,2255,0.148422,47.486840,1390,910,1420,50
2.4972,45.0,319.945273,28293,45779,2255,0.148422,47.486840,1470,860,1440,-50
2.4972,45.0,321.068505,28492,46101,1555,0.122820,39.433488,210,1390,990,1260
2.4972,45.0,321.068505,28492,46101,1555,0.122820,39.433488,1600,-1390,130,-2380
2.4972,45.0,321.068505,28492,46101,1555,0.122820,39.433488,-2380,780,-990,2250
2.4972,45.0,321.068505,28492,46101,1555,0.122820,39.433488,2380,-130,1390,-1600
2.4972,45.0,321.068505,28492,46101,1555,0.122820,39.433488,1260,-1470,-130,-2250
2.4972,45.0,321.068505,28492,46101,1555,0.122820,39.433488,2250,130,1470,-1260
2.4972,45.0,321.068505,28492,46101,1555,0.122820,39.433488,-1260,-990,-1390,-210
2.4972,45.0,321.068505,28492,46101,1555,0.122820,39.433488,-210,1470,780,1600
2.4972,45.0,321.068505,28492,46101,1555,0.122820,39.433488,-1600,-780,-1470,210
2.4972,45.0,321.068505,28492,46101,1555,0.122820,39.433488,-2250,990,-780,2380
2.4972,45.0,321.068505,28492,46101,1555,0.122820,39.433488,1600,780,1470,-210
2.4972,45.0,321.068505,28492,46101,1555,0.122820,39.433488,2380,-780,990,-2250
2.4972,45.0,321.068505,28492,46101,1555,0.122820,39.433488,-1600,1390,-130,2380
2.4972,45.0,321.068505,28492,46101,1555,0.122820,39.433488,-210,-1390,-990,-1260
2.4972,45.0,321.068505,28492,46101,1555,0.122820,39.433488,-1260,1470,130,2250
2.4972,45.0,321.068505,28492,46101,1555,0.122820,39.433488,210,-1470,-780,-1600
2.4972,45.0,321.068505,28492,46101,1555,0.122820,39.433488,1260,990,1390,210
2.4972,45.0,321.068505,28492,46101,1555,0.122820,39.433488,2250,-990,780,-2380
2.4972,45.0,321.068505,28492,46101,1555,0.122820,39.433488,-2250,-130,-1470,1260
2.4972,45.0,321.068505,28492,46101,1555,0.122820,39.433488,-2380,130,-1390,1600
2.4972,45.0,323.566020,28937,46821,3205,0.174965,56.612719,370,1360,1070,1130
2.4972,45.0,323.566020,28937,46821,3205,0.174965,56.612719,1730,-1360,230,-2430
2.4972,45.0,323.566020,28937,46821,3205,0.174965,56.612719,-2430,700,-1070,2200
2.4972,45.0,323.566020,28937,46821,3205,0.174965,56.612719,2430,-230,1360,-1730
2.4972,45.0,323.566020,28937,46821,3205,0.174965,56.612719,1130,-1500,-230,-2200
2.4972,45.0,323.566020,28937,46821,3205,0.174965,56.612719,2200,230,1500,-1130
2.4972,45.0,323.566020,28937,46821,3205,0.174965,56.612719,-1130,-1070,-1360,-370
2.4972,45.0,323.566020,28937,46821,3205,0.174965,56.612719,-370,1500,700,1730
2.4972,45.0,323.566020,28937,46821,3205,0.174965,56.612719,-1730,-700,-1500,370
2.4972,45.0,323.566020,28937,46821,3205,0.174965,56.612719,-2200,1070,-700,2430
2.4972,45.0,325.783645,29335,47465,1775,0.129321,42.130749,2170,290,1520,-1050
2.4972,45.0,325.783645,29335,47465,1775,0.129321,42.130749,2460,-290,1340,-1810
2.4972,45.0,325.783645,29335,47465,1775,0.129321,42.130749,-2170,1120,-650,2460
2.4972,45.0,325.783645,29335,47465,1775,0.129321,42.130749,-1050,-1120,-1340,-470
2.4972,45.0,325.783645,29335,47465,1775,0.129321,42.130749,-470,1520,650,1810
2.4972,45.0,325.783645,29335,47465,1775,0.129321,42.130749,1050,-1520,-290,-2170
2.4972,45.0,325.783645,29335,47465,1775,0.129321,42.130749,470,1340,1120,1050
2.4972,45.0,325.783645,29335,47465,1775,0.129321,42.130749,1810,-1340,290,-2460
2.4972,45.0,325.783645,29335,47465,1775,0.129321,42.130749,-1810,-650,-1520,470
2.4972,45.0,325.783645,29335,47465,1775,0.129321,42.130749,-2460,650,-1120,2170
2.4972,45.0,325.783645,29335,47465,1775,0.129321,42.130749,1810,650,1520,-470
2.4972,45.0,325.783645,29335,47465,1775,0.129321,42.130749,2460,-650,1120,-2170
2.4972,45.0,325.783645,29335,47465,1775,0.129321,42.130749,-1810,1340,-290,2460
2.4972,45.0,325.783645,29335,47465,1775,0.129321,42.130749,-470,-1340,-1120,-1050
2.4972,45.0,325.783645,29335,47465,1775,0.129321,42.130749,-1050,1520,290,2170
2.4972,45.0,325.783645,29335,47465,1775,0.129321,42.130749,470,-1520,-650,-1810
2.4972,45.0,325.783645,29335,47465,1775,0.129321,42.130749,1050,1120,1340,470
2.4972,45.0,325.783645,29335,47465,1775,0.129321,42.130749,2170,-1120,650,-2460
2.4972,45.0,325.783645,29335,47465,1775,0.129321,42.130749,-2170,-290,-1520,1050
2.4972,45.0,325.783645,29335,47465,1775,0.129321,42.130749,-2460,290,-1340,1810
2.4972,45.0,327.566755,29657,47986,2255,0.144968,47.486840,2070,420,1540,-860
2.4972,45.0,327.566755,29657,47986,2255,0.144968,47.486840,1960,530,1540,-680
2.4972,45.0,327.566755,29657,47986,2255,0.144968,47.486840,2490,-420,1280,-1960
2.4972,45.0,327.566755,29657,47986,2255,0.144968,47.486840,2490,-530,1210,-2070
2.4972,45.0,327.566755,29657,47986,2255,0.144968,47.486840,-2070,1210,-530,2490
2.4972,45.0,327.566755,29657,47986,2255,0.144968,47.486840,-1960,1280,-420,2490
2.4972,45.0,327.566755,29657,47986,2255,0.144968,47.486840,-860,-1210,-1280,-680
2.4972,45.0,327.566755,29657,47986,2255,0.144968,47.486840,-680,-1280,-1210,-860
2.4972,45.0,327.566755,29657,47986,2255,0.144968,47.486840,-680,1540,530,1960
2.4972,45.0,327.566755,29657,47986,2255,0.144968,47.486840,-860,1540,420,2070
2.4972,45.0,327.566755,29657,47986,2255,0.144968,47.486840,680,-1540,-530,-1960
2.4972,45.0,327.566755,29657,47986,2255,0.144968,47.486840,860,-1540,-420,-2070
2.4972,45.0,327.566755,29657,47986,2255,0.144968,47.486840,680,1280,1210,860
2.4972,45.0,327.566755,29657,47986,2255,0.144968,47.486840,860,1210,1280,680
2.4972,45.0,327.566755,29657,47986,2255,0.144968,47.486840,1960,-1280,420,-2490
2.4972,45.0,327.566755,29657,47986,2255,0.144968,47.486840,2070,-1210,530,-2490
2.4972,45.0,327.566755,29657,47986,2255,0.144968,47.486840,-1960,-530,-1540,680
2.4972,45.0,327.566755,29657,47986,2255,0.144968,47.486840,-2070,-420,-1540,860
2.4972,45.0,327.566755,29657,47986,2255,0.144968,47.486840,-2490,530,-1210,2070
2.4972,45.0,327.566755,29657,47986,2255,0.144968,47.486840,-2490,420,-1280,1960
2.4972,45.0,327.566755,29657,47986,2255,0.144968,47.486840,30,1460,920,1440
2.4972,45.0,327.566755,29657,47986,2255,0.144968,47.486840,-30,1470,890,1490
2.4972,45.0,327.566755,29657,47986,2255,0.144968,47.486840,1440,-1470,-20,-2360
2.4972,45.0,327.566755,29657,47986,2255,0.144968,47.486840,1490,-1460,20,-2380
2.4972,45.0,327.566755,29657,47986,2255,0.144968,47.486840,-2380,890,-920,2360
2.4972,45.0,327.566755,29657,47986,2255,0.144968,47.486840,-2360,920,-890,2380
2.4972,45.0,327.566755,29657,47986,2255,0.144968,47.486840,2380,-20,1460,-1490
2.4972,45.0,327.566755,29657,47986,2255,0.144968,47.486840,2360,20,1470,-1440
2.4972,45.0,327.566755,29657,47986,2255,0.144968,47.486840,-1440,-920,-1460,-30
2.4972,45.0,327.566755,29657,47986,2255,0.144968,47.486840,-1490,-890,-1470,30
2.4972,45.0,327.566755,29657,47986,2255,0.144968,47.486840,-30,-1460,-920,-1440
2.4972,45.0,327.566755,29657,47986,2255,0.144968,47.486840,30,-1470,-890,-1490
2.4972,45.0,327.566755,29657,47986,2255,0.144968,47.486840,2360,-920,890,-2380
2.4972,45.0,327.566755,29657,47986,2255,0.144968,47.486840,2380,-890,920,-2360
2.4972,45.0,327.566755,29657,47986,2255,0.144968,47.486840,-1440,1470,20,2360
2.4972,45.0,327.566755,29657,47986,2255,0.144968,47.486840,-1490,1460,-20,2380
2.4972,45.0,327.566755,29657,47986,2255,0.144968,47.486840,-2380,20,-1460,1490
2.4972,45.0,327.566755,29657,47986,2255,0.144968,47.486840,-2360,-20,-1470,1440
2.4972,45.0,327.566755,29657,47986,2255,0.144968,47.486840,1440,920,1460,30
2.4972,45.0,327.566755,29657,47986,2255,0.144968,47.486840,1490,890,1470,-30
2.4972,45.0,330.431508,30178,48829,2005,0.135511,44.777226,2120,390,1550,-920
2.4972,45.0,330.431508,30178,48829,2005,0.135511,44.777226,2510,-390,1310,-1940
2.4972,45.0,330.431508,30178,48829,2005,0.135511,44.777226,-2120,1200,-570,2510
2.4972,45.0,330.431508,30178,48829,2005,0.135511,44.777226,-920,-1200,-1310,-630
2.4972,45.0,330.431508,30178,48829,2005,0.135511,44.777226,-630,1550,570,1940
2.4972,45.0,330.431508,30178,48829,2005,0.135511,44.777226,920,-1550,-390,-2120
2.4972,45.0,330.431508,30178,48829,2005,0.135511,44.777226,630,1310,1200,920
2.4972,45.0,330.431508,30178,48829,2005,0.135511,44.777226,1940,-1310,390,-2510
2.4972,45.0,330.431508,30178,48829,2005,0.135511,44.777226,-1940,-570,-1550,630
2.4972,45.0,330.431508,30178,48829,2005,0.135511,44.777226,-2510,570,-1200,2120
2.4972,45.0,330.431508,30178,48829,2005,0.135511,44.777226,1940,570,1550,-630
2.4972,45.0,330.431508,30178,48829,2005,0.135511,44.777226,2510,-570,1200,-2120
2.4972,45.0,330.431508,30178,48829,2005,0.135511,44.777226,-1940,1310,-390,2510
2.4972,45.0,330.431508,30178,48829,2005,0.135511,44.777226,-630,-1310,-1200,-920
2.4972,45.0,330.431508,30178,48829,2005,0.135511,44.777226,-920,1550,390,2120
2.4972,45.0,330.431508,30178,48829,2005,0.135511,44.777226,630,-1550,-570,-1940
2.4972,45.0,330.431508,30178,48829,2005,0.135511,44.777226,920,1200,1310,630
2.4972,45.0,330.431508,30178,48829,2005,0.135511,44.777226,2120,-1200,570,-2510
2.4972,45.0,330.431508,30178,48829,2005,0.135511,44.777226,-2120,-390,-1550,920
2.4972,45.0,330.431508,30178,48829,2005,0.135511,44.777226,-2510,390,-1310,1940
2.4972,45.0,331.519213,30377,49151,1255,0.106860,35.425979,390,1390,1100,1150
2.4972,45.0,331.519213,30377,49151,1255,0.106860,35.425979,1780,-1390,240,-2490
2.4972,45.0,331.519213,30377,49151,1255,0.106860,35.425979,-2490,710,-1100,2250
2.4972,45.0,331.519213,30377,49151,1255,0.106860,35.425979,2490,-240,1390,-1780
2.4972,45.0,331.519213,30377,49151,1255,0.106860,35.425979,1150,-1540,-240,-2250
2.4972,45.0,331.519213,30377,49151,1255,0.106860,35.425979,2250,240,1540,-1150
2.4972,45.0,331.519213,30377,49151,1255,0.106860,35.425979,-1150,-1100,-1390,-390
2.4972,45.0,331.519213,30377,49151,1255,0.106860,35.425979,-390,1540,710,1780
2.4972,45.0,331.519213,30377,49151,1255,0.106860,35.425979,-1780,-710,-1540,390
2.4972,45.0,331.519213,30377,49151,1255,0.106860,35.425979,-2250,1100,-710,2490
2.4972,45.0,332.858778,30623,49549,3755,0.184096,61.278055,2230,280,1550,-1100
2.4972,45.0,332.858778,30623,49549,3755,0.184096,61.278055,2510,-280,1380,-1830
2.4972,45.0,332.858778,30623,49549,3755,0.184096,61.278055,-2230,1130,-680,2510
2.4972,45.0,332.858778,30623,49549,3755,0.184096,61.278055,-1100,-1130,-1380,-450
2.4972,45.0,332.858778,30623,49549,3755,0.184096,61.278055,-450,1550,680,1830
2.4972,45.0,332.858778,30623,49549,3755,0.184096,61.278055,1100,-1550,-280,-2230
2.4972,45.0,332.858778,30623,49549,3755,0.184096,61.278055,450,1380,1130,1100
2.4972,45.0,332.858778,30623,49549,3755,0.184096,61.278055,1830,-1380,280,-2510
2.4972,45.0,332.858778,30623,49549,3755,0.184096,61.278055,-1830,-680,-1550,450
2.4972,45.0,332.858778,30623,49549,3755,0.184096,61.278055,-2510,680,-1130,2230
2.4972,45.0,333.938577,30822,49871,3005,0.164156,54.817880,2090,450,1570,-840
2.4972,45.0,333.938577,30822,49871,3005,0.164156,54.817880,2020,520,1570,-730
2.4972,45.0,333.938577,30822,49871,3005,0.164156,54.817880,2540,-520,1250,-2090
2.4972,45.0,333.938577,30822,49871,3005,0.164156,54.817880,2540,-450,1290,-2020
2.4972,45.0,333.938577,30822,49871,3005,0.164156,54.817880,-2020,1290,-450,2540
2.4972,45.0,333.938577,30822,49871,3005,0.164156,54.817880,-2090,1250,-520,2540
2.4972,45.0,333.938577,30822,49871,3005,0.164156,54.817880,-730,-1290,-1250,-840
2.4972,45.0,333.938577,30822,49871,3005,0.164156,54.817880,-840,-1250,-1290,-730
2.4972,45.0,333.938577,30822,49871,3005,0.164156,54.817880,-730,1570,520,2020
2.4972,45.0,333.938577,30822,49871,3005,0.164156,54.817880,-840,1570,450,2090
2.4972,45.0,333.938577,30822,49871,3005,0.164156,54.817880,730,-1570,-520,-2020
2.4972,45.0,333.938577,30822,49871,3005,0.164156,54.817880,840,-1570,-450,-2090
2.4972,45.0,333.938577,30822,49871,3005,0.164156,54.817880,730,1290,1250,840
2.4972,45.0,333.938577,30822,49871,3005,0.164156,54.817880,840,1250,1290,730
2.4972,45.0,333.938577,30822,49871,3005,0.164156,54.817880,2020,-1290,450,-2540
2.4972,45.0,333.938577,30822,49871,3005,0.164156,54.817880,2090,-1250,520,-2540
2.4972,45.0,333.938577,30822,49871,3005,0.164156,54.817880,-2020,-520,-1570,730
2.4972,45.0,333.938577,30822,49871,3005,0.164156,54.817880,-2090,-450,-1570,840
2.4972,45.0,333.938577,30822,49871,3005,0.164156,54.817880,-2540,520,-1250,2090
2.4972,45.0,333.938577,30822,49871,3005,0.164156,54.817880,-2540,450,-1290,2020
2.4972,45.0,338.474477,31665,51235,3275,0.169075,57.227616,2170,400,1590,-940
2.4972,45.0,338.474477,31665,51235,3275,0.169075,57.227616,2570,-400,1340,-1990
2.4972,45.0,338.474477,31665,51235,3275,0.169075,57.227616,-2170,1230,-580,2570
2.4972,45.0,338.474477,31665,51235,3275,0.169075,57.227616,-940,-1230,-1340,-650
2.4972,45.0,338.474477,31665,51235,3275,0.169075,57.227616,-650,1590,580,1990
2.4972,45.0,338.474477,31665,51235,3275,0.169075,57.227616,940,-1590,-400,-2170
2.4972,45.0,338.474477,31665,51235,3275,0.169075,57.227616,650,1340,1230,940
2.4972,45.0,338.474477,31665,51235,3275,0.169075,57.227616,1990,-1340,400,-2570
2.4972,45.0,338.474477,31665,51235,3275,0.169075,57.227616,-1990,-580,-1590,650
2.4972,45.0,338.474477,31665,51235,3275,0.169075,57.227616,-2570,580,-1230,2170
2.4972,45.0,340.191074,31987,51756,3805,0.181324,61.684682,1600,890,1540,-100
2.4972,45.0,340.191074,31987,51756,3805,0.181324,61.684682,2490,-890,990,-2430
2.4972,45.0,340.191074,31987,51756,3805,0.181324,61.684682,-1600,1500,-60,2490
2.4972,45.0,340.191074,31987,51756,3805,0.181324,61.684682,-100,-1500,-990,-1440
2.4972,45.0,340.191074,31987,51756,3805,0.181324,61.684682,-1440,1540,60,2430
2.4972,45.0,340.191074,31987,51756,3805,0.181324,61.684682,100,-1540,-890,-1600
2.4972,45.0,340.191074,31987,51756,3805,0.181324,61.684682,1440,990,1500,100
2.4972,45.0,340.191074,31987,51756,3805,0.181324,61.684682,2430,-990,890,-2490
2.4972,45.0,340.191074,31987,51756,3805,0.181324,61.684682,-2430,-60,-1540,1440
2.4972,45.0,340.191074,31987,51756,3805,0.181324,61.684682,-2490,60,-1500,1600
2.4972,45.0,340.595046,32063,51879,1705,0.121234,41.291646,2150,440,1600,-890
2.4972,45.0,340.595046,32063,51879,1705,0.121234,41.291646,2040,550,1600,-710
2.4972,45.0,340.595046,32063,51879,1705,0.121234,41.291646,2590,-550,1260,-2150
2.4972,45.0,340.595046,32063,51879,1705,0.121234,41.291646,2590,-440,1330,-2040
2.4972,45.0,340.595046,32063,51879,1705,0.121234,41.291646,-2040,1330,-440,2590
2.4972,45.0,340.595046,32063,51879,1705,0.121234,41.291646,-2150,1260,-550,2590
2.4972,45.0,340.595046,32063,51879,1705,0.121234,41.291646,-710,-1330,-1260,-890
2.4972,45.0,340.595046,32063,51879,1705,0.121234,41.291646,-890,-1260,-1330,-710
2.4972,45.0,340.595046,32063,51879,1705,0.121234,41.291646,-710,1600,550,2040
2.4972,45.0,340.595046,32063,51879,1705,0.121234,41.291646,-890,1600,440,2150
2.4972,45.0,340.595046,32063,51879,1705,0.121234,41.291646,710,-1600,-550,-2040
2.4972,45.0,340.595046,32063,51879,1705,0.121234,41.291646,890,-1600,-440,-2150
2.4972,45.0,340.595046,32063,51879,1705,0.121234,41.291646,710,1330,1260,890
2.4972,45.0,340.595046,32063,51879,1705,0.121234,41.291646,890,1260,1330,710
2.4972,45.0,340.595046,32063,51879,1705,0.121234,41.291646,2040,-1330,440,-2590
2.4972,45.0,340.595046,32063,51879,1705,0.121234,41.291646,2150,-1260,550,-2590
2.4972,45.0,340.595046,32063,51879,1705,0.121234,41.291646,-2040,-550,-1600,710
2.4972,45.0,340.595046,32063,51879,1705,0.121234,41.291646,-2150,-440,-1600,890
2.4972,45.0,340.595046,32063,51879,1705,0.121234,41.291646,-2590,550,-1260,2150
2.4972,45.0,340.595046,32063,51879,1705,0.121234,41.291646,-2590,440,-1330,2040
2.4972,45.0,340.595046,32063,51879,1705,0.121234,41.291646,160,1490,1020,1390
2.4972,45.0,340.595046,32063,51879,1705,0.121234,41.291646,1650,-1490,100,-2510
2.4972,45.0,340.595046,32063,51879,1705,0.121234,41.291646,-2510,860,-1020,2410
2.4972,45.0,340.595046,32063,51879,1705,0.121234,41.291646,2510,-100,1490,-1650
2.4972,45.0,340.595046,32063,51879,1705,0.121234,41.291646,1390,-1550,-100,-2410
2.4972,45.0,340.595046,32063,51879,1705,0.121234,41.291646,2410,100,1550,-1390
2.4972,45.0,340.595046,32063,51879,1705,0.121234,41.291646,-1390,-1020,-1490,-160
2.4972,45.0,340.595046,32063,51879,1705,0.121234,41.291646,-160,1550,860,1650
2.4972,45.0,340.595046,32063,51879,1705,0.121234,41.291646,-1650,-860,-1550,160
2.4972,45.0,340.595046,32063,51879,1705,0.121234,41.291646,-2410,1020,-860,2510
2.4972,45.0,340.595046,32063,51879,1705,0.121234,41.291646,1650,860,1550,-160
2.4972,45.0,340.595046,32063,51879,1705,0.121234,41.291646,2510,-860,1020,-2410
2.4972,45.0,340.595046,32063,51879,1705,0.121234,41.291646,-1650,1490,-100,2510
2.4972,45.0,340.595046,32063,51879,1705,0.121234,41.291646,-160,-1490,-1020,-1390
2.4972,45.0,340.595046,32063,51879,1705,0.121234,41.291646,-1390,1550,100,2410
2.4972,45.0,340.595046,32063,51879,1705,0.121234,41.291646,160,-1550,-860,-1650
2.4972,45.0,340.595046,32063,51879,1705,0.121234,41.291646,1390,1020,1490,160
2.4972,45.0,340.595046,32063,51879,1705,0.121234,41.291646,2410,-1020,860,-2510
2.4972,45.0,340.595046,32063,51879,1705,0.121234,41.291646,-2410,-100,-1550,1390
2.4972,45.0,340.595046,32063,51879,1705,0.121234,41.291646,-2510,100,-1490,1650
2.4972,45.0,346.727529,33228,53764,2480,0.143627,49.799598,2300,320,1620,-1100
2.4972,45.0,346.727529,33228,53764,2480,0.143627,49.799598,2620,-320,1420,-1940
2.4972,45.0,346.727529,33228,53764,2480,0.143627,49.799598,-2300,1200,-680,2620
2.4972,45.0,346.727529,33228,53764,2480,0.143627,49.799598,-1100,-1200,-1420,-520
2.4972,45.0,346.727529,33228,53764,2480,0.143627,49.799598,-520,1620,680,1940
2.4972,45.0,346.727529,33228,53764,2480,0.143627,49.799598,1100,-1620,-320,-2300
2.4972,45.0,346.727529,33228,53764,2480,0.143627,49.799598,520,1420,1200,1100
2.4972,45.0,346.727529,33228,53764,2480,0.143627,49.799598,1940,-1420,320,-2620
2.4972,45.0,346.727529,33228,53764,2480,0.143627,49.799598,-1940,-680,-1620,520
2.4972,45.0,346.727529,33228,53764,2480,0.143627,49.799598,-2620,680,-1200,2300
2.4972,45.0,346.727529,33228,53764,2480,0.143627,49.799598,1940,680,1620,-520
2.4972,45.0,346.727529,33228,53764,2480,0.143627,49.799598,2620,-680,1200,-2300
2.4972,45.0,346.727529,33228,53764,2480,0.143627,49.799598,-1940,1420,-320,2620
2.4972,45.0,346.727529,33228,53764,2480,0.143627,49.799598,-520,-1420,-1200,-1100
2.4972,45.0,346.727529,33228,53764,2480,0.143627,49.799598,-1100,1620,320,2300
2.4972,45.0,346.727529,33228,53764,2480,0.143627,49.799598,520,-1620,-680,-1940
2.4972,45.0,346.727529,33228,53764,2480,0.143627,49.799598,1100,1200,1420,520
2.4972,45.0,346.727529,33228,53764,2480,0.143627,49.799598,2300,-1200,680,-2620
2.4972,45.0,346.727529,33228,53764,2480,0.143627,49.799598,-2300,-320,-1620,1100
2.4972,45.0,346.727529,33228,53764,2480,0.143627,49.799598,-2620,320,-1420,1940
2.4972,45.0,347.764268,33427,54086,1655,0.116981,40.681691,80,1540,1000,1490
2.4972,45.0,347.764268,33427,54086,1655,0.116981,40.681691,-80,1570,920,1620
2.4972,45.0,347.764268,33427,54086,1655,0.116981,40.681691,1490,-1570,-50,-2490
2.4972,45.0,347.764268,33427,54086,1655,0.116981,40.681691,1620,-1540,50,-2540
2.4972,45.0,347.764268,33427,54086,1655,0.116981,40.681691,-2540,920,-1000,2490
2.4972,45.0,347.764268,33427,54086,1655,0.116981,40.681691,-2490,1000,-920,2540
2.4972,45.0,347.764268,33427,54086,1655,0.116981,40.681691,2540,-50,1540,-1620
2.4972,45.0,347.764268,33427,54086,1655,0.116981,40.681691,2490,50,1570,-1490
2.4972,45.0,347.764268,33427,54086,1655,0.116981,40.681691,-1490,-1000,-1540,-80
2.4972,45.0,347.764268,33427,54086,1655,0.116981,40.681691,-1620,-920,-1570,80
2.4972,45.0,347.764268,33427,54086,1655,0.116981,40.681691,1620,920,1570,-80
2.4972,45.0,347.764268,33427,54086,1655,0.116981,40.681691,2540,-920,1000,-2490
2.4972,45.0,347.764268,33427,54086,1655,0.116981,40.681691,-1620,1540,-50,2540
2.4972,45.0,347.764268,33427,54086,1655,0.116981,40.681691,-80,-1540,-1000,-1490
2.4972,45.0,347.764268,33427,54086,1655,0.116981,40.681691,-1490,1570,50,2490
2.4972,45.0,347.764268,33427,54086,1655,0.116981,40.681691,80,-1570,-920,-1620
2.4972,45.0,347.764268,33427,54086,1655,0.116981,40.681691,1490,1000,1540,80
2.4972,45.0,347.764268,33427,54086,1655,0.116981,40.681691,2490,-1000,920,-2540
2.4972,45.0,347.764268,33427,54086,1655,0.116981,40.681691,-2490,-50,-1570,1490
2.4972,45.0,347.764268,33427,54086,1655,0.116981,40.681691,-2540,50,-1540,1620
2.4972,45.0,348.403466,33550,54285,3025,0.157863,55.000000,2280,360,1630,-1050
2.4972,45.0,348.403466,33550,54285,3025,0.157863,55.000000,2640,-360,1410,-1990
2.4972,45.0,348.403466,33550,54285,3025,0.157863,55.000000,-2280,1230,-650,2640
2.4972,45.0,348.403466,33550,54285,3025,0.157863,55.000000,-1050,-1230,-1410,-580
2.4972,45.0,348.403466,33550,54285,3025,0.157863,55.000000,-580,1630,650,1990
2.4972,45.0,348.403466,33550,54285,3025,0.157863,55.000000,1050,-1630,-360,-2280
2.4972,45.0,348.403466,33550,54285,3025,0.157863,55.000000,580,1410,1230,1050
2.4972,45.0,348.403466,33550,54285,3025,0.157863,55.000000,1990,-1410,360,-2640
2.4972,45.0,348.403466,33550,54285,3025,0.157863,55.000000,-1990,-650,-1630,580
2.4972,45.0,348.403466,33550,54285,3025,0.157863,55.000000,-2640,650,-1230,2280
2.4972,45.0,348.403466,33550,54285,3025,0.157863,55.000000,1990,650,1630,-580
2.4972,45.0,348.403466,33550,54285,3025,0.157863,55.000000,2640,-650,1230,-2280
2.4972,45.0,348.403466,33550,54285,3025,0.157863,55.000000,-1990,1410,-360,2640
2.4972,45.0,348.403466,33550,54285,3025,0.157863,55.000000,-580,-1410,-1230,-1050
2.4972,45.0,348.403466,33550,54285,3025,0.157863,55.000000,-1050,1630,360,2280
2.4972,45.0,348.403466,33550,54285,3025,0.157863,55.000000,580,-1630,-650,-1990
2.4972,45.0,348.403466,33550,54285,3025,0.157863,55.000000,1050,1230,1410,580
2.4972,45.0,348.403466,33550,54285,3025,0.157863,55.000000,2280,-1230,650,-2640
2.4972,45.0,348.403466,33550,54285,3025,0.157863,55.000000,-2280,-360,-1630,1050
2.4972,45.0,348.403466,33550,54285,3025,0.157863,55.000000,-2640,360,-1410,1990
2.4972,45.0,348.403466,33550,54285,3025,0.157863,55.000000,180,1520,1050,1410
2.4972,45.0,348.403466,33550,54285,3025,0.157863,55.000000,1700,-1520,110,-2570
2.4972,45.0,348.403466,33550,54285,3025,0.157863,55.000000,-2570,870,-1050,2460
2.4972,45.0,348.403466,33550,54285,3025,0.157863,55.000000,2570,-110,1520,-1700
2.4972,45.0,348.403466,33550,54285,3025,0.157863,55.000000,1410,-1590,-110,-2460
2.4972,45.0,348.403466,33550,54285,3025,0.157863,55.000000,2460,110,1590,-1410
2.4972,45.0,348.403466,33550,54285,3025,0.157863,55.000000,-1410,-1050,-1520,-180
2.4972,45.0,348.403466,33550,54285,3025,0.157863,55.000000,-180,1590,870,1700
2.4972,45.0,348.403466,33550,54285,3025,0.157863,55.000000,-1700,-870,-1590,180
2.4972,45.0,348.403466,33550,54285,3025,0.157863,55.000000,-2460,1050,-870,2570
2.4972,45.0,348.403466,33550,54285,3025,0.157863,55.000000,1700,870,1590,-180
2.4972,45.0,348.403466,33550,54285,3025,0.157863,55.000000,2570,-870,1050,-2460
2.4972,45.0,348.403466,33550,54285,3025,0.157863,55.000000,-1700,1520,-110,2570
2.4972,45.0,348.403466,33550,54285,3025,0.157863,55.000000,-180,-1520,-1050,-1410
2.4972,45.0,348.403466,33550,54285,3025,0.157863,55.000000,-1410,1590,110,2460
2.4972,45.0,348.403466,33550,54285,3025,0.157863,55.000000,180,-1590,-870,-1700
2.4972,45.0,348.403466,33550,54285,3025,0.157863,55.000000,1410,1050,1520,180
2.4972,45.0,348.403466,33550,54285,3025,0.157863,55.000000,2460,-1050,870,-2570
2.4972,45.0,348.403466,33550,54285,3025,0.157863,55.000000,-2460,-110,-1590,1410
2.4972,45.0,348.403466,33550,54285,3025,0.157863,55.000000,-2570,110,-1520,1700
2.4972,45.0,350.463962,33948,54929,1355,0.105033,36.810325,340,1490,1130,1280
2.4972,45.0,350.463962,33948,54929,1355,0.105033,36.810325,1830,-1490,210,-2620
2.4972,45.0,350.463962,33948,54929,1355,0.105033,36.810325,-2620,790,-1130,2410
2.4972,45.0,350.463962,33948,54929,1355,0.105033,36.810325,2620,-210,1490,-1830
2.4972,45.0,350.463962,33948,54929,1355,0.105033,36.810325,1280,-1620,-210,-2410
2.4972,45.0,350.463962,33948,54929,1355,0.105033,36.810325,2410,210,1620,-1280
2.4972,45.0,350.463962,33948,54929,1355,0.105033,36.810325,-1280,-1130,-1490,-340
2.4972,45.0,350.463962,33948,54929,1355,0.105033,36.810325,-340,1620,790,1830
2.4972,45.0,350.463962,33948,54929,1355,0.105033,36.810325,-1830,-790,-1620,340
2.4972,45.0,350.463962,33948,54929,1355,0.105033,36.810325,-2410,1130,-790,2620
2.4972,45.0,352.753417,34393,55649,3305,0.162973,57.489129,130,1550,1040,1470
2.4972,45.0,352.753417,34393,55649,3305,0.162973,57.489129,1680,-1550,80,-2590
2.4972,45.0,352.753417,34393,55649,3305,0.162973,57.489129,-2590,910,-1040,2510
2.4972,45.0,352.753417,34393,55649,3305,0.162973,57.489129,2590,-80,1550,-1680
2.4972,45.0,352.753417,34393,55649,3305,0.162973,57.489129,1470,-1600,-80,-2510
2.4972,45.0,352.753417,34393,55649,3305,0.162973,57.489129,2510,80,1600,-1470
2.4972,45.0,352.753417,34393,55649,3305,0.162973,57.489129,-1470,-1040,-1550,-130
2.4972,45.0,352.753417,34393,55649,3305,0.162973,57.489129,-130,1600,910,1680
2.4972,45.0,352.753417,34393,55649,3305,0.162973,57.489129,-1680,-910,-1600,130
2.4972,45.0,352.753417,34393,55649,3305,0.162973,57.489129,-2510,1040,-910,2590
2.4972,45.0,352.753417,34393,55649,3305,0.162973,57.489129,1680,910,1600,-130
2.4972,45.0,352.753417,34393,55649,3305,0.162973,57.489129,2590,-910,1040,-2510
2.4972,45.0,352.753417,34393,55649,3305,0.162973,57.489129,-1680,1550,-80,2590
2.4972,45.0,352.753417,34393,55649,3305,0.162973,57.489129,-130,-1550,-1040,-1470
2.4972,45.0,352.753417,34393,55649,3305,0.162973,57.489129,-1470,1600,80,2510
2.4972,45.0,352.753417,34393,55649,3305,0.162973,57.489129,130,-1600,-910,-1680
2.4972,45.0,352.753417,34393,55649,3305,0.162973,57.489129,1470,1040,1550,130
2.4972,45.0,352.753417,34393,55649,3305,0.162973,57.489129,2510,-1040,910,-2590
2.4972,45.0,352.753417,34393,55649,3305,0.162973,57.489129,-2510,-80,-1600,1470
2.4972,45.0,352.753417,34393,55649,3305,0.162973,57.489129,-2590,80,-1550,1680
2.4972,45.0,353.772498,34592,55971,2455,0.140056,49.547957,2360,310,1650,-1150
2.4972,45.0,353.772498,34592,55971,2455,0.140056,49.547957,2670,-310,1460,-1960
2.4972,45.0,353.772498,34592,55971,2455,0.140056,49.547957,-2360,1210,-710,2670
2.4972,45.0,353.772498,34592,55971,2455,0.140056,49.547957,-1150,-1210,-1460,-500
2.4972,45.0,353.772498,34592,55971,2455,0.140056,49.547957,-500,1650,710,1960
2.4972,45.0,353.772498,34592,55971,2455,0.140056,49.547957,1150,-1650,-310,-2360
2.4972,45.0,353.772498,34592,55971,2455,0.140056,49.547957,500,1460,1210,1150
2.4972,45.0,353.772498,34592,55971,2455,0.140056,49.547957,1960,-1460,310,-2670
2.4972,45.0,353.772498,34592,55971,2455,0.140056,49.547957,-1960,-710,-1650,500
2.4972,45.0,353.772498,34592,55971,2455,0.140056,49.547957,-2670,710,-1210,2360
2.4972,45.0,353.772498,34592,55971,2455,0.140056,49.547957,1960,710,1650,-500
2.4972,45.0,353.772498,34592,55971,2455,0.140056,49.547957,2670,-710,1210,-2360
2.4972,45.0,353.772498,34592,55971,2455,0.140056,49.547957,-1960,1460,-310,2670
2.4972,45.0,353.772498,34592,55971,2455,0.140056,49.547957,-500,-1460,-1210,-1150
2.4972,45.0,353.772498,34592,55971,2455,0.140056,49.547957,-1150,1650,310,2360
2.4972,45.0,353.772498,34592,55971,2455,0.140056,49.547957,500,-1650,-710,-1960
2.4972,45.0,353.772498,34592,55971,2455,0.140056,49.547957,1150,1210,1460,500
2.4972,45.0,353.772498,34592,55971,2455,0.140056,49.547957,2360,-1210,710,-2670
2.4972,45.0,353.772498,34592,55971,2455,0.140056,49.547957,-2360,-310,-1650,1150
2.4972,45.0,353.772498,34592,55971,2455,0.140056,49.547957,-2670,310,-1460,1960
2.4972,45.0,354.400859,34715,56170,3875,0.175647,62.249498,290,1520,1120,1340
2.4972,45.0,354.400859,34715,56170,3875,0.175647,62.249498,1810,-1520,180,-2640
2.4972,45.0,354.400859,34715,56170,3875,0.175647,62.249498,-2640,830,-1120,2460
2.4972,45.0,354.400859,34715,56170,3875,0.175647,62.249498,2640,-180,1520,-1810
2.4972,45.0,354.400859,34715,56170,3875,0.175647,62.249498,1340,-1630,-180,-2460
2.4972,45.0,354.400859,34715,56170,3875,0.175647,62.249498,2460,180,1630,-1340
2.4972,45.0,354.400859,34715,56170,3875,0.175647,62.249498,-1340,-1120,-1520,-290
2.4972,45.0,354.400859,34715,56170,3875,0.175647,62.249498,-290,1630,830,1810
2.4972,45.0,354.400859,34715,56170,3875,0.175647,62.249498,-1810,-830,-1630,290
2.4972,45.0,354.400859,34715,56170,3875,0.175647,62.249498,-2460,1120,-830,2640
2.4972,45.0,356.040679,35037,56691,4455,0.187467,66.745786,390,1500,1170,1260
2.4972,45.0,356.040679,35037,56691,4455,0.187467,66.745786,1890,-1500,240,-2670
2.4972,45.0,356.040679,35037,56691,4455,0.187467,66.745786,-2670,780,-1170,2430
2.4972,45.0,356.040679,35037,56691,4455,0.187467,66.745786,2670,-240,1500,-1890
2.4972,45.0,356.040679,35037,56691,4455,0.187467,66.745786,1260,-1650,-240,-2430
2.4972,45.0,356.040679,35037,56691,4455,0.187467,66.745786,2430,240,1650,-1260
2.4972,45.0,356.040679,35037,56691,4455,0.187467,66.745786,-1260,-1170,-1500,-390
2.4972,45.0,356.040679,35037,56691,4455,0.187467,66.745786,-390,1650,780,1890
2.4972,45.0,356.040679,35037,56691,4455,0.187467,66.745786,-1890,-780,-1650,390
2.4972,45.0,356.040679,35037,56691,4455,0.187467,66.745786,-2430,1170,-780,2670
2.4972,45.0,356.426687,35113,56814,2155,0.130243,46.421978,2330,370,1670,-1070
2.4972,45.0,356.426687,35113,56814,2155,0.130243,46.421978,2700,-370,1440,-2040
2.4972,45.0,356.426687,35113,56814,2155,0.130243,46.421978,-2330,1260,-660,2700
2.4972,45.0,356.426687,35113,56814,2155,0.130243,46.421978,-1070,-1260,-1440,-600
2.4972,45.0,356.426687,35113,56814,2155,0.130243,46.421978,-600,1670,660,2040
2.4972,45.0,356.426687,35113,56814,2155,0.130243,46.421978,1070,-1670,-370,-2330
2.4972,45.0,356.426687,35113,56814,2155,0.130243,46.421978,600,1440,1260,1070
2.4972,45.0,356.426687,35113,56814,2155,0.130243,46.421978,2040,-1440,370,-2700
2.4972,45.0,356.426687,35113,56814,2155,0.130243,46.421978,-2040,-660,-1670,600
2.4972,45.0,356.426687,35113,56814,2155,0.130243,46.421978,-2700,660,-1260,2330
2.4972,45.0,356.426687,35113,56814,2155,0.130243,46.421978,2040,660,1670,-600
2.4972,45.0,356.426687,35113,56814,2155,0.130243,46.421978,2700,-660,1260,-2330
2.4972,45.0,356.426687,35113,56814,2155,0.130243,46.421978,-2040,1440,-370,2700
2.4972,45.0,356.426687,35113,56814,2155,0.130243,46.421978,-600,-1440,-1260,-1070
2.4972,45.0,356.426687,35113,56814,2155,0.130243,46.421978,-1070,1670,370,2330
2.4972,45.0,356.426687,35113,56814,2155,0.130243,46.421978,600,-1670,-660,-2040
2.4972,45.0,356.426687,35113,56814,2155,0.130243,46.421978,1070,1260,1440,600
2.4972,45.0,356.426687,35113,56814,2155,0.130243,46.421978,2330,-1260,660,-2700
2.4972,45.0,356.426687,35113,56814,2155,0.130243,46.421978,-2330,-370,-1670,1070
2.4972,45.0,356.426687,35113,56814,2155,0.130243,46.421978,-2700,370,-1440,2040
2.4972,45.0,359.680378,35757,57856,3305,0.159834,57.489129,2380,340,1680,-1130
2.4972,45.0,359.680378,35757,57856,3305,0.159834,57.489129,2720,-340,1470,-2020
2.4972,45.0,359.680378,35757,57856,3305,0.159834,57.489129,-2380,1250,-700,2720
2.4972,45.0,359.680378,35757,57856,3305,0.159834,57.489129,-1130,-1250,-1470,-550
2.4972,45.0,359.680378,35757,57856,3305,0.159834,57.489129,-550,1680,700,2020
2.4972,45.0,359.680378,35757,57856,3305,0.159834,57.489129,1130,-1680,-340,-2380
2.4972,45.0,359.680378,35757,57856,3305,0.159834,57.489129,550,1470,1250,1130
2.4972,45.0,359.680378,35757,57856,3305,0.159834,57.489129,2020,-1470,340,-2720
2.4972,45.0,359.680378,35757,57856,3305,0.159834,57.489129,-2020,-700,-1680,550
2.4972,45.0,359.680378,35757,57856,3305,0.159834,57.489129,-2720,700,-1250,2380
2.4972,45.0,359.680378,35757,57856,3305,0.159834,57.489129,2020,700,1680,-550
2.4972,45.0,359.680378,35757,57856,3305,0.159834,57.489129,2720,-700,1250,-2380
2.4972,45.0,359.680378,35757,57856,3305,0.159834,57.489129,-2020,1470,-340,2720
2.4972,45.0,359.680378,35757,57856,3305,0.159834,57.489129,-550,-1470,-1250,-1130
2.4972,45.0,359.680378,35757,57856,3305,0.159834,57.489129,-1130,1680,340,2380
2.4972,45.0,359.680378,35757,57856,3305,0.159834,57.489129,550,-1680,-700,-2020
2.4972,45.0,359.680378,35757,57856,3305,0.159834,57.489129,1130,1250,1470,550
2.4972,45.0,359.680378,35757,57856,3305,0.159834,57.489129,2380,-1250,700,-2720
2.4972,45.0,359.680378,35757,57856,3305,0.159834,57.489129,-2380,-340,-1680,1130
2.4972,45.0,359.680378,35757,57856,3305,0.159834,57.489129,-2720,340,-1470,2020
2.4972,45.0,361.676635,36155,58500,1525,0.107973,39.051248,2280,470,1700,-940
2.4972,45.0,361.676635,36155,58500,1525,0.107973,39.051248,2750,-470,1410,-2170
2.4972,45.0,361.676635,36155,58500,1525,0.107973,39.051248,-2280,1340,-580,2750
2.4972,45.0,361.676635,36155,58500,1525,0.107973,39.051248,-940,-1340,-1410,-760
2.4972,45.0,361.676635,36155,58500,1525,0.107973,39.051248,-760,1700,580,2170
2.4972,45.0,361.676635,36155,58500,1525,0.107973,39.051248,940,-1700,-470,-2280
2.4972,45.0,361.676635,36155,58500,1525,0.107973,39.051248,760,1410,1340,940
2.4972,45.0,361.676635,36155,58500,1525,0.107973,39.051248,2170,-1410,470,-2750
2.4972,45.0,361.676635,36155,58500,1525,0.107973,39.051248,-2170,-580,-1700,760
2.4972,45.0,361.676635,36155,58500,1525,0.107973,39.051248,-2750,580,-1340,2280
2.4972,45.0,361.676635,36155,58500,1525,0.107973,39.051248,2170,580,1700,-760
2.4972,45.0,361.676635,36155,58500,1525,0.107973,39.051248,2750,-580,1340,-2280
2.4972,45.0,361.676635,36155,58500,1525,0.107973,39.051248,-2170,1410,-470,2750
2.4972,45.0,361.676635,36155,58500,1525,0.107973,39.051248,-760,-1410,-1340,-940
2.4972,45.0,361.676635,36155,58500,1525,0.107973,39.051248,-940,1700,470,2280
2.4972,45.0,361.676635,36155,58500,1525,0.107973,39.051248,760,-1700,-580,-2170
2.4972,45.0,361.676635,36155,58500,1525,0.107973,39.051248,940,1340,1410,760
2.4972,45.0,361.676635,36155,58500,1525,0.107973,39.051248,2280,-1340,580,-2750
2.4972,45.0,361.676635,36155,58500,1525,0.107973,39.051248,-2280,-470,-1700,940
2.4972,45.0,361.676635,36155,58500,1525,0.107973,39.051248,-2750,470,-1410,2170
2.4972,45.0,362.291288,36278,58699,3005,0.151309,54.817880,310,1550,1150,1360
2.4972,45.0,362.291288,36278,58699,3005,0.151309,54.817880,1860,-1550,190,-2700
2.4972,45.0,362.291288,36278,58699,3005,0.151309,54.817880,-2700,840,-1150,2510
2.4972,45.0,362.291288,36278,58699,3005,0.151309,54.817880,2700,-190,1550,-1860
2.4972,45.0,362.291288,36278,58699,3005,0.151309,54.817880,1360,-1670,-190,-2510
2.4972,45.0,362.291288,36278,58699,3005,0.151309,54.817880,2510,190,1670,-1360
2.4972,45.0,362.291288,36278,58699,3005,0.151309,54.817880,-1360,-1150,-1550,-310
2.4972,45.0,362.291288,36278,58699,3005,0.151309,54.817880,-310,1670,840,1860
2.4972,45.0,362.291288,36278,58699,3005,0.151309,54.817880,-1860,-840,-1670,310
2.4972,45.0,362.291288,36278,58699,3005,0.151309,54.817880,-2510,1150,-840,2700
2.4972,45.0,362.291288,36278,58699,3005,0.151309,54.817880,1860,840,1670,-310
2.4972,45.0,362.291288,36278,58699,3005,0.151309,54.817880,2700,-840,1150,-2510
2.4972,45.0,362.291288,36278,58699,3005,0.151309,54.817880,-1860,1550,-190,2700
2.4972,45.0,362.291288,36278,58699,3005,0.151309,54.817880,-310,-1550,-1150,-1360
2.4972,45.0,362.291288,36278,58699,3005,0.151309,54.817880,-1360,1670,190,2510
2.4972,45.0,362.291288,36278,58699,3005,0.151309,54.817880,310,-1670,-840,-1860
2.4972,45.0,362.291288,36278,58699,3005,0.151309,54.817880,1360,1150,1550,310
2.4972,45.0,362.291288,36278,58699,3005,0.151309,54.817880,2510,-1150,840,-2700
2.4972,45.0,362.291288,36278,58699,3005,0.151309,54.817880,-2510,-190,-1670,1360
2.4972,45.0,362.291288,36278,58699,3005,0.151309,54.817880,-2700,190,-1550,1860
2.4972,45.0,363.283614,36477,59021,2105,0.126293,45.880279,370,1540,1180,1310
2.4972,45.0,363.283614,36477,59021,2105,0.126293,45.880279,1910,-1540,230,-2720
2.4972,45.0,363.283614,36477,59021,2105,0.126293,45.880279,-2720,810,-1180,2490
2.4972,45.0,363.283614,36477,59021,2105,0.126293,45.880279,2720,-230,1540,-1910
2.4972,45.0,363.283614,36477,59021,2105,0.126293,45.880279,1310,-1680,-230,-2490
2.4972,45.0,363.283614,36477,59021,2105,0.126293,45.880279,2490,230,1680,-1310
2.4972,45.0,363.283614,36477,59021,2105,0.126293,45.880279,-1310,-1180,-1540,-370
2.4972,45.0,363.283614,36477,59021,2105,0.126293,45.880279,-370,1680,810,1910
2.4972,45.0,363.283614,36477,59021,2105,0.126293,45.880279,-1910,-810,-1680,370
2.4972,45.0,363.283614,36477,59021,2105,0.126293,45.880279,-2490,1180,-810,2720
2.4972,45.0,363.283614,36477,59021,2105,0.126293,45.880279,1910,810,1680,-370
2.4972,45.0,363.283614,36477,59021,2105,0.126293,45.880279,2720,-810,1180,-2490
2.4972,45.0,363.283614,36477,59021,2105,0.126293,45.880279,-1910,1540,-230,2720
2.4972,45.0,363.283614,36477,59021,2105,0.126293,45.880279,-370,-1540,-1180,-1310
2.4972,45.0,363.283614,36477,59021,2105,0.126293,45.880279,-1310,1680,230,2490
2.4972,45.0,363.283614,36477,59021,2105,0.126293,45.880279,370,-1680,-810,-1910
2.4972,45.0,363.283614,36477,59021,2105,0.126293,45.880279,1310,1180,1540,370
2.4972,45.0,363.283614,36477,59021,2105,0.126293,45.880279,2490,-1180,810,-2720
2.4972,45.0,363.283614,36477,59021,2105,0.126293,45.880279,-2490,-230,-1680,1310
2.4972,45.0,363.283614,36477,59021,2105,0.126293,45.880279,-2720,230,-1540,1910
2.4972,45.0,364.506463,36723,59419,5105,0.196017,71.449283,2330,440,1710,-1000
2.4972,45.0,364.506463,36723,59419,5105,0.196017,71.449283,2770,-440,1440,-2150
2.4972,45.0,364.506463,36723,59419,5105,0.196017,71.449283,-2330,1330,-620,2770
2.4972,45.0,364.506463,36723,59419,5105,0.196017,71.449283,-1000,-1330,-1440,-710
2.4972,45.0,364.506463,36723,59419,5105,0.196017,71.449283,-710,1710,620,2150
2.4972,45.0,364.506463,36723,59419,5105,0.196017,71.449283,1000,-1710,-440,-2330
2.4972,45.0,364.506463,36723,59419,5105,0.196017,71.449283,710,1440,1330,1000
2.4972,45.0,364.506463,36723,59419,5105,0.196017,71.449283,2150,-1440,440,-2770
2.4972,45.0,364.506463,36723,59419,5105,0.196017,71.449283,-2150,-620,-1710,710
2.4972,45.0,364.506463,36723,59419,5105,0.196017,71.449283,-2770,620,-1330,2330
2.4972,45.0,368.062456,37443,60584,3905,0.169781,62.489999,2300,500,1730,-920
2.4972,45.0,368.062456,37443,60584,3905,0.169781,62.489999,2230,570,1730,-810
2.4972,45.0,368.062456,37443,60584,3905,0.169781,62.489999,2800,-500,1420,-2230
2.4972,45.0,368.062456,37443,60584,3905,0.169781,62.489999,2800,-570,1380,-2300
2.4972,45.0,368.062456,37443,60584,3905,0.169781,62.489999,-2300,1380,-570,2800
2.4972,45.0,368.062456,37443,60584,3905,0.169781,62.489999,-2230,1420,-500,2800
2.4972,45.0,368.062456,37443,60584,3905,0.169781,62.489999,-810,-1420,-1380,-920
2.4972,45.0,368.062456,37443,60584,3905,0.169781,62.489999,-920,-1380,-1420,-810
2.4972,45.0,368.062456,37443,60584,3905,0.169781,62.489999,-810,1730,570,2230
2.4972,45.0,368.062456,37443,60584,3905,0.169781,62.489999,-920,1730,500,2300
2.4972,45.0,368.062456,37443,60584,3905,0.169781,62.489999,810,-1730,-570,-2230
2.4972,45.0,368.062456,37443,60584,3905,0.169781,62.489999,920,-1730,-500,-2300
2.4972,45.0,368.062456,37443,60584,3905,0.169781,62.489999,810,1420,1380,920
2.4972,45.0,368.062456,37443,60584,3905,0.169781,62.489999,920,1380,1420,810
2.4972,45.0,368.062456,37443,60584,3905,0.169781,62.489999,2230,-1420,500,-2800
2.4972,45.0,368.062456,37443,60584,3905,0.169781,62.489999,2300,-1380,570,-2800
2.4972,45.0,368.062456,37443,60584,3905,0.169781,62.489999,-2230,-570,-1730,810
2.4972,45.0,368.062456,37443,60584,3905,0.169781,62.489999,-2300,-500,-1730,920
2.4972,45.0,368.062456,37443,60584,3905,0.169781,62.489999,-2800,570,-1380,2300
2.4972,45.0,368.062456,37443,60584,3905,0.169781,62.489999,-2800,500,-1420,2230
2.4972,45.0,368.062456,37443,60584,3905,0.169781,62.489999,130,1620,1080,1540
2.4972,45.0,368.062456,37443,60584,3905,0.169781,62.489999,1750,-1620,80,-2700
2.4972,45.0,368.062456,37443,60584,3905,0.169781,62.489999,-2700,950,-1080,2620
2.4972,45.0,368.062456,37443,60584,3905,0.169781,62.489999,2700,-80,1620,-1750
2.4972,45.0,368.062456,37443,60584,3905,0.169781,62.489999,1540,-1670,-80,-2620
2.4972,45.0,368.062456,37443,60584,3905,0.169781,62.489999,2620,80,1670,-1540
2.4972,45.0,368.062456,37443,60584,3905,0.169781,62.489999,-1540,-1080,-1620,-130
2.4972,45.0,368.062456,37443,60584,3905,0.169781,62.489999,-130,1670,950,1750
2.4972,45.0,368.062456,37443,60584,3905,0.169781,62.489999,-1750,-950,-1670,130
2.4972,45.0,368.062456,37443,60584,3905,0.169781,62.489999,-2620,1080,-950,2700
2.4972,45.0,372.551993,38362,62071,1705,0.110835,41.291646,2380,450,1750,-1020
2.4972,45.0,372.551993,38362,62071,1705,0.110835,41.291646,2830,-450,1470,-2200
2.4972,45.0,372.551993,38362,62071,1705,0.110835,41.291646,-2380,1360,-630,2830
2.4972,45.0,372.551993,38362,62071,1705,0.110835,41.291646,-1020,-1360,-1470,-730
2.4972,45.0,372.551993,38362,62071,1705,0.110835,41.291646,-730,1750,630,2200
2.4972,45.0,372.551993,38362,62071,1705,0.110835,41.291646,1020,-1750,-450,-2380
2.4972,45.0,372.551993,38362,62071,1705,0.110835,41.291646,730,1470,1360,1020
2.4972,45.0,372.551993,38362,62071,1705,0.110835,41.291646,2200,-1470,450,-2830
2.4972,45.0,372.551993,38362,62071,1705,0.110835,41.291646,-2200,-630,-1750,730
2.4972,45.0,372.551993,38362,62071,1705,0.110835,41.291646,-2830,630,-1360,2380
2.4972,45.0,372.551993,38362,62071,1705,0.110835,41.291646,2200,630,1750,-730
2.4972,45.0,372.551993,38362,62071,1705,0.110835,41.291646,2830,-630,1360,-2380
2.4972,45.0,372.551993,38362,62071,1705,0.110835,41.291646,-2200,1470,-450,2830
2.4972,45.0,372.551993,38362,62071,1705,0.110835,41.291646,-730,-1470,-1360,-1020
2.4972,45.0,372.551993,38362,62071,1705,0.110835,41.291646,-1020,1750,450,2380
2.4972,45.0,372.551993,38362,62071,1705,0.110835,41.291646,730,-1750,-630,-2200
2.4972,45.0,372.551993,38362,62071,1705,0.110835,41.291646,1020,1360,1470,730
2.4972,45.0,372.551993,38362,62071,1705,0.110835,41.291646,2380,-1360,630,-2830
2.4972,45.0,372.551993,38362,62071,1705,0.110835,41.291646,-2380,-450,-1750,1020
2.4972,45.0,372.551993,38362,62071,1705,0.110835,41.291646,-2830,450,-1470,2200
2.4972,45.0,372.551993,38362,62071,1705,0.110835,41.291646,80,1650,1070,1600
2.4972,45.0,372.551993,38362,62071,1705,0.110835,41.291646,-80,1680,990,1730
2.4972,45.0,372.551993,38362,62071,1705,0.110835,41.291646,1600,-1680,-50,-2670
2.4972,45.0,372.551993,38362,62071,1705,0.110835,41.291646,1730,-1650,50,-2720
2.4972,45.0,372.551993,38362,62071,1705,0.110835,41.291646,-2720,990,-1070,2670
2.4972,45.0,372.551993,38362,62071,1705,0.110835,41.291646,-2670,1070,-990,2720
2.4972,45.0,372.551993,38362,62071,1705,0.110835,41.291646,2720,-50,1650,-1730
2.4972,45.0,372.551993,38362,62071,1705,0.110835,41.291646,2670,50,1680,-1600
2.4972,45.0,372.551993,38362,62071,1705,0.110835,41.291646,-1600,-1070,-1650,-80
2.4972,45.0,372.551993,38362,62071,1705,0.110835,41.291646,-1730,-990,-1680,80
2.4972,45.0,373.148732,38485,62270,3275,0.153364,57.227616,180,1630,1120,1520
2.4972,45.0,373.148732,38485,62270,3275,0.153364,57.227616,1810,-1630,110,-2750
2.4972,45.0,373.148732,38485,62270,3275,0.153364,57.227616,-2750,940,-1120,2640
2.4972,45.0,373.148732,38485,62270,3275,0.153364,57.227616,2750,-110,1630,-1810
2.4972,45.0,373.148732,38485,62270,3275,0.153364,57.227616,1520,-1700,-110,-2640
2.4972,45.0,373.148732,38485,62270,3275,0.153364,57.227616,2640,110,1700,-1520
2.4972,45.0,373.148732,38485,62270,3275,0.153364,57.227616,-1520,-1120,-1630,-180
2.4972,45.0,373.148732,38485,62270,3275,0.153364,57.227616,-180,1700,940,1810
2.4972,45.0,373.148732,38485,62270,3275,0.153364,57.227616,-1810,-940,-1700,180
2.4972,45.0,373.148732,38485,62270,3275,0.153364,57.227616,-2640,1120,-940,2750
2.4972,45.0,373.148732,38485,62270,3275,0.153364,57.227616,1810,940,1700,-180
2.4972,45.0,373.148732,38485,62270,3275,0.153364,57.227616,2750,-940,1120,-2640
2.4972,45.0,373.148732,38485,62270,3275,0.153364,57.227616,-1810,1630,-110,2750
2.4972,45.0,373.148732,38485,62270,3275,0.153364,57.227616,-180,-1630,-1120,-1520
2.4972,45.0,373.148732,38485,62270,3275,0.153364,57.227616,-1520,1700,110,2640
2.4972,45.0,373.148732,38485,62270,3275,0.153364,57.227616,180,-1700,-940,-1810
2.4972,45.0,373.148732,38485,62270,3275,0.153364,57.227616,1520,1120,1630,180
2.4972,45.0,373.148732,38485,62270,3275,0.153364,57.227616,2640,-1120,940,-2750
2.4972,45.0,373.148732,38485,62270,3275,0.153364,57.227616,-2640,-110,-1700,1520
2.4972,45.0,373.148732,38485,62270,3275,0.153364,57.227616,-2750,110,-1630,1810
2.4972,45.0,374.706515,38807,62791,3905,0.166771,62.489999,2360,490,1760,-970
2.4972,45.0,374.706515,38807,62791,3905,0.166771,62.489999,2250,600,1760,-790
2.4972,45.0,374.706515,38807,62791,3905,0.166771,62.489999,2850,-490,1460,-2250
2.4972,45.0,374.706515,38807,62791,3905,0.166771,62.489999,2850,-600,1390,-2360
2.4972,45.0,374.706515,38807,62791,3905,0.166771,62.489999,-2360,1390,-600,2850
2.4972,45.0,374.706515,38807,62791,3905,0.166771,62.489999,-2250,1460,-490,2850
2.4972,45.0,374.706515,38807,62791,3905,0.166771,62.489999,-790,-1460,-1390,-970
2.4972,45.0,374.706515,38807,62791,3905,0.166771,62.489999,-970,-1390,-1460,-790
2.4972,45.0,374.706515,38807,62791,3905,0.166771,62.489999,-790,1760,600,2250
2.4972,45.0,374.706515,38807,62791,3905,0.166771,62.489999,-970,1760,490,2360
2.4972,45.0,374.706515,38807,62791,3905,0.166771,62.489999,790,-1760,-600,-2250
2.4972,45.0,374.706515,38807,62791,3905,0.166771,62.489999,970,-1760,-490,-2360
2.4972,45.0,374.706515,38807,62791,3905,0.166771,62.489999,790,1460,1390,970
2.4972,45.0,374.706515,38807,62791,3905,0.166771,62.489999,970,1390,1460,790
2.4972,45.0,374.706515,38807,62791,3905,0.166771,62.489999,2250,-1460,490,-2850
2.4972,45.0,374.706515,38807,62791,3905,0.166771,62.489999,2360,-1390,600,-2850
2.4972,45.0,374.706515,38807,62791,3905,0.166771,62.489999,-2250,-600,-1760,790
2.4972,45.0,374.706515,38807,62791,3905,0.166771,62.489999,-2360,-490,-1760,970
2.4972,45.0,374.706515,38807,62791,3905,0.166771,62.489999,-2850,600,-1390,2360
2.4972,45.0,374.706515,38807,62791,3905,0.166771,62.489999,-2850,490,-1460,2250
2.4972,45.0,374.706515,38807,62791,3905,0.166771,62.489999,2490,340,1750,-1200
2.4972,45.0,374.706515,38807,62791,3905,0.166771,62.489999,2830,-340,1540,-2090
2.4972,45.0,374.706515,38807,62791,3905,0.166771,62.489999,-2490,1290,-740,2830
2.4972,45.0,374.706515,38807,62791,3905,0.166771,62.489999,-1200,-1290,-1540,-550
2.4972,45.0,374.706515,38807,62791,3905,0.166771,62.489999,-550,1750,740,2090
2.4972,45.0,374.706515,38807,62791,3905,0.166771,62.489999,1200,-1750,-340,-2490
2.4972,45.0,374.706515,38807,62791,3905,0.166771,62.489999,550,1540,1290,1200
2.4972,45.0,374.706515,38807,62791,3905,0.166771,62.489999,2090,-1540,340,-2830
2.4972,45.0,374.706515,38807,62791,3905,0.166771,62.489999,-2090,-740,-1750,550
2.4972,45.0,374.706515,38807,62791,3905,0.166771,62.489999,-2830,740,-1290,2490
2.4972,45.0,378.166606,39527,63956,2605,0.134965,51.039201,500,1570,1280,1260
2.4972,45.0,378.166606,39527,63956,2605,0.134965,51.039201,2070,-1570,310,-2850
2.4972,45.0,378.166606,39527,63956,2605,0.134965,51.039201,-2850,780,-1280,2540
2.4972,45.0,378.166606,39527,63956,2605,0.134965,51.039201,2850,-310,1570,-2070
2.4972,45.0,378.166606,39527,63956,2605,0.134965,51.039201,1260,-1760,-310,-2540
2.4972,45.0,378.166606,39527,63956,2605,0.134965,51.039201,2540,310,1760,-1260
2.4972,45.0,378.166606,39527,63956,2605,0.134965,51.039201,-1260,-1280,-1570,-500
2.4972,45.0,378.166606,39527,63956,2605,0.134965,51.039201,-500,1760,780,2070
2.4972,45.0,378.166606,39527,63956,2605,0.134965,51.039201,-2070,-780,-1760,500
2.4972,45.0,378.166606,39527,63956,2605,0.134965,51.039201,-2540,1280,-780,2850
2.4972,45.0,378.166606,39527,63956,2605,0.134965,51.039201,2070,780,1760,-500
2.4972,45.0,378.166606,39527,63956,2605,0.134965,51.039201,2850,-780,1280,-2540
2.4972,45.0,378.166606,39527,63956,2605,0.134965,51.039201,-2070,1570,-310,2850
2.4972,45.0,378.166606,39527,63956,2605,0.134965,51.039201,-500,-1570,-1280,-1260
2.4972,45.0,378.166606,39527,63956,2605,0.134965,51.039201,-1260,1760,310,2540
2.4972,45.0,378.166606,39527,63956,2605,0.134965,51.039201,500,-1760,-780,-2070
2.4972,45.0,378.166606,39527,63956,2605,0.134965,51.039201,1260,1280,1570,500
2.4972,45.0,378.166606,39527,63956,2605,0.134965,51.039201,2540,-1280,780,-2850
2.4972,45.0,378.166606,39527,63956,2605,0.134965,51.039201,-2540,-310,-1760,1260
2.4972,45.0,378.166606,39527,63956,2605,0.134965,51.039201,-2850,310,-1570,2070
2.4972,45.0,380.289319,39972,64676,4880,0.183694,69.856997,100,1680,1100,1620
2.4972,45.0,380.289319,39972,64676,4880,0.183694,69.856997,-100,1720,1000,1780
2.4972,45.0,380.289319,39972,64676,4880,0.183694,69.856997,1620,-1720,-60,-2720
2.4972,45.0,380.289319,39972,64676,4880,0.183694,69.856997,1780,-1680,60,-2780
2.4972,45.0,380.289319,39972,64676,4880,0.183694,69.856997,-2780,1000,-1100,2720
2.4972,45.0,380.289319,39972,64676,4880,0.183694,69.856997,-2720,1100,-1000,2780
2.4972,45.0,380.289319,39972,64676,4880,0.183694,69.856997,2780,-60,1680,-1780
2.4972,45.0,380.289319,39972,64676,4880,0.183694,69.856997,2720,60,1720,-1620
2.4972,45.0,380.289319,39972,64676,4880,0.183694,69.856997,-1620,-1100,-1680,-100
2.4972,45.0,380.289319,39972,64676,4880,0.183694,69.856997,-1780,-1000,-1720,100
2.4972,45.0,380.650738,40048,64799,2255,0.124752,47.486840,2510,370,1780,-1180
2.4972,45.0,380.650738,40048,64799,2255,0.124752,47.486840,2880,-370,1550,-2150
2.4972,45.0,380.650738,40048,64799,2255,0.124752,47.486840,-2510,1330,-730,2880
2.4972,45.0,380.650738,40048,64799,2255,0.124752,47.486840,-1180,-1330,-1550,-600
2.4972,45.0,380.650738,40048,64799,2255,0.124752,47.486840,-600,1780,730,2150
2.4972,45.0,380.650738,40048,64799,2255,0.124752,47.486840,1180,-1780,-370,-2510
2.4972,45.0,380.650738,40048,64799,2255,0.124752,47.486840,600,1550,1330,1180
2.4972,45.0,380.650738,40048,64799,2255,0.124752,47.486840,2150,-1550,370,-2880
2.4972,45.0,380.650738,40048,64799,2255,0.124752,47.486840,-2150,-730,-1780,600
2.4972,45.0,380.650738,40048,64799,2255,0.124752,47.486840,-2880,730,-1330,2510
2.4972,45.0,380.650738,40048,64799,2255,0.124752,47.486840,2150,730,1780,-600
2.4972,45.0,380.650738,40048,64799,2255,0.124752,47.486840,2880,-730,1330,-2510
2.4972,45.0,380.650738,40048,64799,2255,0.124752,47.486840,-2150,1550,-370,2880
2.4972,45.0,380.650738,40048,64799,2255,0.124752,47.486840,-600,-1550,-1330,-1180
2.4972,45.0,380.650738,40048,64799,2255,0.124752,47.486840,-1180,1780,370,2510
2.4972,45.0,380.650738,40048,64799,2255,0.124752,47.486840,600,-1780,-730,-2150
2.4972,45.0,380.650738,40048,64799,2255,0.124752,47.486840,1180,1330,1550,600
2.4972,45.0,380.650738,40048,64799,2255,0.124752,47.486840,2510,-1330,730,-2880
2.4972,45.0,380.650738,40048,64799,2255,0.124752,47.486840,-2510,-370,-1780,1180
2.4972,45.0,380.650738,40048,64799,2255,0.124752,47.486840,-2880,370,-1550,2150
2.4972,45.0,380.650738,40048,64799,2255,0.124752,47.486840,160,1670,1130,1570
2.4972,45.0,380.650738,40048,64799,2255,0.124752,47.486840,1830,-1670,100,-2800
2.4972,45.0,380.650738,40048,64799,2255,0.124752,47.486840,-2800,970,-1130,2700
2.4972,45.0,380.650738,40048,64799,2255,0.124752,47.486840,2800,-100,1670,-1830
2.4972,45.0,380.650738,40048,64799,2255,0.124752,47.486840,1570,-1730,-100,-2700
2.4972,45.0,380.650738,40048,64799,2255,0.124752,47.486840,2700,100,1730,-1570
2.4972,45.0,380.650738,40048,64799,2255,0.124752,47.486840,-1570,-1130,-1670,-160
2.4972,45.0,380.650738,40048,64799,2255,0.124752,47.486840,-160,1730,970,1830
2.4972,45.0,380.650738,40048,64799,2255,0.124752,47.486840,-1830,-970,-1730,160
2.4972,45.0,380.650738,40048,64799,2255,0.124752,47.486840,-2700,1130,-970,2800
2.4972,45.0,380.650738,40048,64799,2255,0.124752,47.486840,1830,970,1730,-160
2.4972,45.0,380.650738,40048,64799,2255,0.124752,47.486840,2800,-970,1130,-2700
2.4972,45.0,380.650738,40048,64799,2255,0.124752,47.486840,-1830,1670,-100,2800
2.4972,45.0,380.650738,40048,64799,2255,0.124752,47.486840,-160,-1670,-1130,-1570
2.4972,45.0,380.650738,40048,64799,2255,0.124752,47.486840,-1570,1730,100,2700
2.4972,45.0,380.650738,40048,64799,2255,0.124752,47.486840,160,-1730,-970,-1830
2.4972,45.0,380.650738,40048,64799,2255,0.124752,47.486840,1570,1130,1670,160
2.4972,45.0,380.650738,40048,64799,2255,0.124752,47.486840,2700,-1130,970,-2800
2.4972,45.0,380.650738,40048,64799,2255,0.124752,47.486840,-2700,-100,-1730,1570
2.4972,45.0,380.650738,40048,64799,2255,0.124752,47.486840,-2800,100,-1670,1830
2.4972,45.0,386.147612,41213,66684,3205,0.146609,56.612719,520,1600,1310,1280
2.4972,45.0,386.147612,41213,66684,3205,0.146609,56.612719,2120,-1600,320,-2910
2.4972,45.0,386.147612,41213,66684,3205,0.146609,56.612719,-2910,790,-1310,2590
2.4972,45.0,386.147612,41213,66684,3205,0.146609,56.612719,2910,-320,1600,-2120
2.4972,45.0,386.147612,41213,66684,3205,0.146609,56.612719,1280,-1800,-320,-2590
2.4972,45.0,386.147612,41213,66684,3205,0.146609,56.612719,2590,320,1800,-1280
2.4972,45.0,386.147612,41213,66684,3205,0.146609,56.612719,-1280,-1310,-1600,-520
2.4972,45.0,386.147612,41213,66684,3205,0.146609,56.612719,-520,1800,790,2120
2.4972,45.0,386.147612,41213,66684,3205,0.146609,56.612719,-2120,-790,-1800,520
2.4972,45.0,386.147612,41213,66684,3205,0.146609,56.612719,-2590,1310,-790,2910
2.4972,45.0,386.147612,41213,66684,3205,0.146609,56.612719,2120,790,1800,-520
2.4972,45.0,386.147612,41213,66684,3205,0.146609,56.612719,2910,-790,1310,-2590
2.4972,45.0,386.147612,41213,66684,3205,0.146609,56.612719,-2120,1600,-320,2910
2.4972,45.0,386.147612,41213,66684,3205,0.146609,56.612719,-520,-1600,-1310,-1280
2.4972,45.0,386.147612,41213,66684,3205,0.146609,56.612719,-1280,1800,320,2590
2.4972,45.0,386.147612,41213,66684,3205,0.146609,56.612719,520,-1800,-790,-2120
2.4972,45.0,386.147612,41213,66684,3205,0.146609,56.612719,1280,1310,1600,520
2.4972,45.0,386.147612,41213,66684,3205,0.146609,56.612719,2590,-1310,790,-2910
2.4972,45.0,386.147612,41213,66684,3205,0.146609,56.612719,-2590,-320,-1800,1280
2.4972,45.0,386.147612,41213,66684,3205,0.146609,56.612719,-2910,320,-1600,2120
2.4972,45.0,387.653162,41535,67205,3875,0.160580,62.249498,2570,360,1810,-1230
2.4972,45.0,387.653162,41535,67205,3875,0.160580,62.249498,2930,-360,1590,-2170
2.4972,45.0,387.653162,41535,67205,3875,0.160580,62.249498,-2570,1340,-760,2930
2.4972,45.0,387.653162,41535,67205,3875,0.160580,62.249498,-1230,-1340,-1590,-580
2.4972,45.0,387.653162,41535,67205,3875,0.160580,62.249498,-580,1810,760,2170
2.4972,45.0,387.653162,41535,67205,3875,0.160580,62.249498,1230,-1810,-360,-2570
2.4972,45.0,387.653162,41535,67205,3875,0.160580,62.249498,580,1590,1340,1230
2.4972,45.0,387.653162,41535,67205,3875,0.160580,62.249498,2170,-1590,360,-2930
2.4972,45.0,387.653162,41535,67205,3875,0.160580,62.249498,-2170,-760,-1810,580
2.4972,45.0,387.653162,41535,67205,3875,0.160580,62.249498,-2930,760,-1340,2570
2.4972,45.0,387.653162,41535,67205,3875,0.160580,62.249498,2170,760,1810,-580
2.4972,45.0,387.653162,41535,67205,3875,0.160580,62.249498,2930,-760,1340,-2570
2.4972,45.0,387.653162,41535,67205,3875,0.160580,62.249498,-2170,1590,-360,2930
2.4972,45.0,387.653162,41535,67205,3875,0.160580,62.249498,-580,-1590,-1340,-1230
2.4972,45.0,387.653162,41535,67205,3875,0.160580,62.249498,-1230,1810,360,2570
2.4972,45.0,387.653162,41535,67205,3875,0.160580,62.249498,580,-1810,-760,-2170
2.4972,45.0,387.653162,41535,67205,3875,0.160580,62.249498,1230,1340,1590,580
2.4972,45.0,387.653162,41535,67205,3875,0.160580,62.249498,2570,-1340,760,-2930
2.4972,45.0,387.653162,41535,67205,3875,0.160580,62.249498,-2570,-360,-1810,1230
2.4972,45.0,387.653162,41535,67205,3875,0.160580,62.249498,-2930,360,-1590,2170
2.4972,45.0,389.152888,41857,67726,4555,0.173430,67.490740,2360,600,1830,-860
2.4972,45.0,389.152888,41857,67726,4555,0.173430,67.490740,2960,-600,1460,-2430
2.4972,45.0,389.152888,41857,67726,4555,0.173430,67.490740,-2360,1500,-530,2960
2.4972,45.0,389.152888,41857,67726,4555,0.173430,67.490740,-860,-1500,-1460,-970
2.4972,45.0,389.152888,41857,67726,4555,0.173430,67.490740,-970,1830,530,2430
2.4972,45.0,389.152888,41857,67726,4555,0.173430,67.490740,860,-1830,-600,-2360
2.4972,45.0,389.152888,41857,67726,4555,0.173430,67.490740,970,1460,1500,860
2.4972,45.0,389.152888,41857,67726,4555,0.173430,67.490740,2430,-1460,600,-2960
2.4972,45.0,389.152888,41857,67726,4555,0.173430,67.490740,-2430,-530,-1830,970
2.4972,45.0,389.152888,41857,67726,4555,0.173430,67.490740,-2960,530,-1500,2360
2.4972,45.0,391.567328,42378,68569,4205,0.165606,64.845971,2410,570,1840,-920
2.4972,45.0,391.567328,42378,68569,4205,0.165606,64.845971,2980,-570,1490,-2410
2.4972,45.0,391.567328,42378,68569,4205,0.165606,64.845971,-2410,1490,-570,2980
2.4972,45.0,391.567328,42378,68569,4205,0.165606,64.845971,-920,-1490,-1490,-920
2.4972,45.0,391.567328,42378,68569,4205,0.165606,64.845971,-920,1840,570,2410
2.4972,45.0,391.567328,42378,68569,4205,0.165606,64.845971,920,-1840,-570,-2410
2.4972,45.0,391.567328,42378,68569,4205,0.165606,64.845971,920,1490,1490,920
2.4972,45.0,391.567328,42378,68569,4205,0.165606,64.845971,2410,-1490,570,-2980
2.4972,45.0,391.567328,42378,68569,4205,0.165606,64.845971,-2410,-570,-1840,920
2.4972,45.0,391.567328,42378,68569,4205,0.165606,64.845971,-2980,570,-1490,2410
2.4972,45.0,392.485642,42577,68891,3155,0.143112,56.169387,30,1750,1100,1730
2.4972,45.0,392.485642,42577,68891,3155,0.143112,56.169387,-30,1760,1070,1780
2.4972,45.0,392.485642,42577,68891,3155,0.143112,56.169387,1730,-1760,-20,-2830
2.4972,45.0,392.485642,42577,68891,3155,0.143112,56.169387,1780,-1750,20,-2850
2.4972,45.0,392.485642,42577,68891,3155,0.143112,56.169387,-2850,1070,-1100,2830
2.4972,45.0,392.485642,42577,68891,3155,0.143112,56.169387,-2830,1100,-1070,2850
2.4972,45.0,392.485642,42577,68891,3155,0.143112,56.169387,2850,-20,1750,-1780
2.4972,45.0,392.485642,42577,68891,3155,0.143112,56.169387,2830,20,1760,-1730
2.4972,45.0,392.485642,42577,68891,3155,0.143112,56.169387,-1730,-1100,-1750,-30
2.4972,45.0,392.485642,42577,68891,3155,0.143112,56.169387,-1780,-1070,-1760,30
2.4972,45.0,392.485642,42577,68891,3155,0.143112,56.169387,1780,1070,1760,-30
2.4972,45.0,392.485642,42577,68891,3155,0.143112,56.169387,2850,-1070,1100,-2830
2.4972,45.0,392.485642,42577,68891,3155,0.143112,56.169387,-1780,1750,-20,2850
2.4972,45.0,392.485642,42577,68891,3155,0.143112,56.169387,-30,-1750,-1100,-1730
2.4972,45.0,392.485642,42577,68891,3155,0.143112,56.169387,-1730,1760,20,2830
2.4972,45.0,392.485642,42577,68891,3155,0.143112,56.169387,30,-1760,-1070,-1780
2.4972,45.0,392.485642,42577,68891,3155,0.143112,56.169387,1730,1100,1750,30
2.4972,45.0,392.485642,42577,68891,3155,0.143112,56.169387,2830,-1100,1070,-2850
2.4972,45.0,392.485642,42577,68891,3155,0.143112,56.169387,-2830,-20,-1760,1730
2.4972,45.0,392.485642,42577,68891,3155,0.143112,56.169387,-2850,20,-1750,1780
2.4972,45.0,395.790335,43297,70056,1705,0.104327,41.291646,2380,630,1860,-840
2.4972,45.0,395.790335,43297,70056,1705,0.104327,41.291646,3010,-630,1470,-2490
2.4972,45.0,395.790335,43297,70056,1705,0.104327,41.291646,-2380,1540,-520,3010
2.4972,45.0,395.790335,43297,70056,1705,0.104327,41.291646,-840,-1540,-1470,-1020
2.4972,45.0,395.790335,43297,70056,1705,0.104327,41.291646,-1020,1860,520,2490
2.4972,45.0,395.790335,43297,70056,1705,0.104327,41.291646,840,-1860,-630,-2380
2.4972,45.0,395.790335,43297,70056,1705,0.104327,41.291646,1020,1470,1540,840
2.4972,45.0,395.790335,43297,70056,1705,0.104327,41.291646,2490,-1470,630,-3010
2.4972,45.0,395.790335,43297,70056,1705,0.104327,41.291646,-2490,-520,-1860,1020
2.4972,45.0,395.790335,43297,70056,1705,0.104327,41.291646,-3010,520,-1540,2380
2.4972,45.0,395.790335,43297,70056,1705,0.104327,41.291646,2070,890,1830,-390
2.4972,45.0,395.790335,43297,70056,1705,0.104327,41.291646,2960,-890,1280,-2720
2.4972,45.0,395.790335,43297,70056,1705,0.104327,41.291646,-2070,1680,-240,2960
2.4972,45.0,395.790335,43297,70056,1705,0.104327,41.291646,-390,-1680,-1280,-1440
2.4972,45.0,395.790335,43297,70056,1705,0.104327,41.291646,-1440,1830,240,2720
2.4972,45.0,395.790335,43297,70056,1705,0.104327,41.291646,390,-1830,-890,-2070
2.4972,45.0,395.790335,43297,70056,1705,0.104327,41.291646,1440,1280,1680,390
2.4972,45.0,395.790335,43297,70056,1705,0.104327,41.291646,2720,-1280,890,-2960
2.4972,45.0,395.790335,43297,70056,1705,0.104327,41.291646,-2720,-240,-1830,1440
2.4972,45.0,395.790335,43297,70056,1705,0.104327,41.291646,-2960,240,-1680,2070
2.4972,45.0,396.913047,43543,70454,5255,0.182638,72.491379,2120,860,1840,-450
2.4972,45.0,396.913047,43543,70454,5255,0.182638,72.491379,2980,-860,1310,-2700
2.4972,45.0,396.913047,43543,70454,5255,0.182638,72.491379,-2120,1670,-280,2980
2.4972,45.0,396.913047,43543,70454,5255,0.182638,72.491379,-450,-1670,-1310,-1390
2.4972,45.0,396.913047,43543,70454,5255,0.182638,72.491379,-1390,1840,280,2700
2.4972,45.0,396.913047,43543,70454,5255,0.182638,72.491379,450,-1840,-860,-2120
2.4972,45.0,396.913047,43543,70454,5255,0.182638,72.491379,1390,1310,1670,450
2.4972,45.0,396.913047,43543,70454,5255,0.182638,72.491379,2700,-1310,860,-2980
2.4972,45.0,396.913047,43543,70454,5255,0.182638,72.491379,-2700,-280,-1840,1390
2.4972,45.0,396.913047,43543,70454,5255,0.182638,72.491379,-2980,280,-1670,2120
2.4972,45.0,399.624808,44140,71420,2000,0.111908,44.721360,2460,580,1880,-940
2.4972,45.0,399.624808,44140,71420,2000,0.111908,44.721360,3040,-580,1520,-2460
2.4972,45.0,399.624808,44140,71420,2000,0.111908,44.721360,-2460,1520,-580,3040
2.4972,45.0,399.624808,44140,71420,2000,0.111908,44.721360,-940,-1520,-1520,-940
2.4972,45.0,399.624808,44140,71420,2000,0.111908,44.721360,-940,1880,580,2460
2.4972,45.0,399.624808,44140,71420,2000,0.111908,44.721360,940,-1880,-580,-2460
2.4972,45.0,399.624808,44140,71420,2000,0.111908,44.721360,940,1520,1520,940
2.4972,45.0,399.624808,44140,71420,2000,0.111908,44.721360,2460,-1520,580,-3040
2.4972,45.0,399.624808,44140,71420,2000,0.111908,44.721360,-2460,-580,-1880,940
2.4972,45.0,399.624808,44140,71420,2000,0.111908,44.721360,-3040,580,-1520,2460
2.4972,45.0,400.181179,44263,71619,3805,0.154142,61.684682,50,1780,1130,1750
2.4972,45.0,400.181179,44263,71619,3805,0.154142,61.684682,-50,1800,1080,1830
2.4972,45.0,400.181179,44263,71619,3805,0.154142,61.684682,1750,-1800,-30,-2880
2.4972,45.0,400.181179,44263,71619,3805,0.154142,61.684682,1830,-1780,30,-2910
2.4972,45.0,400.181179,44263,71619,3805,0.154142,61.684682,-2910,1080,-1130,2880
2.4972,45.0,400.181179,44263,71619,3805,0.154142,61.684682,-2880,1130,-1080,2910
2.4972,45.0,400.181179,44263,71619,3805,0.154142,61.684682,2910,-30,1780,-1830
2.4972,45.0,400.181179,44263,71619,3805,0.154142,61.684682,2880,30,1800,-1750
2.4972,45.0,400.181179,44263,71619,3805,0.154142,61.684682,-1750,-1130,-1780,-50
2.4972,45.0,400.181179,44263,71619,3805,0.154142,61.684682,-1830,-1080,-1800,50
2.4972,45.0,400.181179,44263,71619,3805,0.154142,61.684682,1830,1080,1800,-50
2.4972,45.0,400.181179,44263,71619,3805,0.154142,61.684682,2910,-1080,1130,-2880
2.4972,45.0,400.181179,44263,71619,3805,0.154142,61.684682,-1830,1780,-30,2910
2.4972,45.0,400.181179,44263,71619,3805,0.154142,61.684682,-50,-1780,-1130,-1750
2.4972,45.0,400.181179,44263,71619,3805,0.154142,61.684682,-1750,1800,30,2880
2.4972,45.0,400.181179,44263,71619,3805,0.154142,61.684682,50,-1800,-1080,-1830
2.4972,45.0,400.181179,44263,71619,3805,0.154142,61.684682,1750,1130,1780,50
2.4972,45.0,400.181179,44263,71619,3805,0.154142,61.684682,2880,-1130,1080,-2910
2.4972,45.0,400.181179,44263,71619,3805,0.154142,61.684682,-2880,-30,-1800,1750
2.4972,45.0,400.181179,44263,71619,3805,0.154142,61.684682,-2910,30,-1780,1830
2.4972,45.0,401.079772,44462,71941,2705,0.129674,52.009614,210,1750,1210,1620
2.4972,45.0,401.079772,44462,71941,2705,0.129674,52.009614,1960,-1750,130,-2960
2.4972,45.0,401.079772,44462,71941,2705,0.129674,52.009614,-2960,1000,-1210,2830
2.4972,45.0,401.079772,44462,71941,2705,0.129674,52.009614,2960,-130,1750,-1960
2.4972,45.0,401.079772,44462,71941,2705,0.129674,52.009614,1620,-1830,-130,-2830
2.4972,45.0,401.079772,44462,71941,2705,0.129674,52.009614,2830,130,1830,-1620
2.4972,45.0,401.079772,44462,71941,2705,0.129674,52.009614,-1620,-1210,-1750,-210
2.4972,45.0,401.079772,44462,71941,2705,0.129674,52.009614,-210,1830,1000,1960
2.4972,45.0,401.079772,44462,71941,2705,0.129674,52.009614,-1960,-1000,-1830,210
2.4972,45.0,401.079772,44462,71941,2705,0.129674,52.009614,-2830,1210,-1000,2960
2.4972,45.0,401.079772,44462,71941,2705,0.129674,52.009614,1960,1000,1830,-210
2.4972,45.0,401.079772,44462,71941,2705,0.129674,52.009614,2960,-1000,1210,-2830
2.4972,45.0,401.079772,44462,71941,2705,0.129674,52.009614,-1960,1750,-130,2960
2.4972,45.0,401.079772,44462,71941,2705,0.129674,52.009614,-210,-1750,-1210,-1620
2.4972,45.0,401.079772,44462,71941,2705,0.129674,52.009614,-1620,1830,130,2830
2.4972,45.0,401.079772,44462,71941,2705,0.129674,52.009614,210,-1830,-1000,-1960
2.4972,45.0,401.079772,44462,71941,2705,0.129674,52.009614,1620,1210,1750,210
2.4972,45.0,401.079772,44462,71941,2705,0.129674,52.009614,2830,-1210,1000,-2960
2.4972,45.0,401.079772,44462,71941,2705,0.129674,52.009614,-2830,-130,-1830,1620
2.4972,45.0,401.079772,44462,71941,2705,0.129674,52.009614,-2960,130,-1750,1960
2.4972,45.0,401.634127,44585,72140,4525,0.167486,67.268120,2280,760,1880,-650
2.4972,45.0,401.634127,44585,72140,4525,0.167486,67.268120,3040,-760,1410,-2640
2.4972,45.0,401.634127,44585,72140,4525,0.167486,67.268120,-2280,1630,-400,3040
2.4972,45.0,401.634127,44585,72140,4525,0.167486,67.268120,-650,-1630,-1410,-1230
2.4972,45.0,401.634127,44585,72140,4525,0.167486,67.268120,-1230,1880,400,2640
2.4972,45.0,401.634127,44585,72140,4525,0.167486,67.268120,650,-1880,-760,-2280
2.4972,45.0,401.634127,44585,72140,4525,0.167486,67.268120,1230,1410,1630,650
2.4972,45.0,401.634127,44585,72140,4525,0.167486,67.268120,2640,-1410,760,-3040
2.4972,45.0,401.634127,44585,72140,4525,0.167486,67.268120,-2640,-400,-1880,1230
2.4972,45.0,401.634127,44585,72140,4525,0.167486,67.268120,-3040,400,-1630,2280
2.4972,45.0,402.187718,44708,72339,6355,0.198212,79.718254,2440,620,1890,-890
2.4972,45.0,402.187718,44708,72339,6355,0.198212,79.718254,3060,-620,1510,-2510
2.4972,45.0,402.187718,44708,72339,6355,0.198212,79.718254,-2440,1550,-550,3060
2.4972,45.0,402.187718,44708,72339,6355,0.198212,79.718254,-890,-1550,-1510,-1000
2.4972,45.0,402.187718,44708,72339,6355,0.198212,79.718254,-1000,1890,550,2510
2.4972,45.0,402.187718,44708,72339,6355,0.198212,79.718254,890,-1890,-620,-2440
2.4972,45.0,402.187718,44708,72339,6355,0.198212,79.718254,1000,1510,1550,890
2.4972,45.0,402.187718,44708,72339,6355,0.198212,79.718254,2510,-1510,620,-3060
2.4972,45.0,402.187718,44708,72339,6355,0.198212,79.718254,-2510,-550,-1890,1000
2.4972,45.0,402.187718,44708,72339,6355,0.198212,79.718254,-3060,550,-1550,2440
2.4972,45.0,403.081837,44907,72661,5255,0.179843,72.491379,2090,920,1860,-370
2.4972,45.0,403.081837,44907,72661,5255,0.179843,72.491379,3010,-920,1290,-2780
2.4972,45.0,403.081837,44907,72661,5255,0.179843,72.491379,-2090,1720,-230,3010
2.4972,45.0,403.081837,44907,72661,5255,0.179843,72.491379,-370,-1720,-1290,-1490
2.4972,45.0,403.081837,44907,72661,5255,0.179843,72.491379,-1490,1860,230,2780
2.4972,45.0,403.081837,44907,72661,5255,0.179843,72.491379,370,-1860,-920,-2090
2.4972,45.0,403.081837,44907,72661,5255,0.179843,72.491379,1490,1290,1720,370
2.4972,45.0,403.081837,44907,72661,5255,0.179843,72.491379,2780,-1290,920,-3010
2.4972,45.0,403.081837,44907,72661,5255,0.179843,72.491379,-2780,-230,-1860,1490
2.4972,45.0,403.081837,44907,72661,5255,0.179843,72.491379,-3010,230,-1720,2090
2.4972,45.0,403.422838,44983,72784,2305,0.119008,48.010416,2330,730,1890,-710
2.4972,45.0,403.422838,44983,72784,2305,0.119008,48.010416,3060,-730,1440,-2620
2.4972,45.0,403.422838,44983,72784,2305,0.119008,48.010416,-2330,1620,-440,3060
2.4972,45.0,403.422838,44983,72784,2305,0.119008,48.010416,-710,-1620,-1440,-1180
2.4972,45.0,403.422838,44983,72784,2305,0.119008,48.010416,-1180,1890,440,2620
2.4972,45.0,403.422838,44983,72784,2305,0.119008,48.010416,710,-1890,-730,-2330
2.4972,45.0,403.422838,44983,72784,2305,0.119008,48.010416,1180,1440,1620,710
2.4972,45.0,403.422838,44983,72784,2305,0.119008,48.010416,2620,-1440,730,-3060
2.4972,45.0,403.422838,44983,72784,2305,0.119008,48.010416,-2620,-440,-1890,1180
2.4972,45.0,403.422838,44983,72784,2305,0.119008,48.010416,-3060,440,-1620,2330
2.4972,45.0,404.864152,45305,73305,3025,0.135848,55.000000,470,1700,1340,1410
2.4972,45.0,404.864152,45305,73305,3025,0.135848,55.000000,2170,-1700,290,-3040
2.4972,45.0,404.864152,45305,73305,3025,0.135848,55.000000,-3040,870,-1340,2750
2.4972,45.0,404.864152,45305,73305,3025,0.135848,55.000000,3040,-290,1700,-2170
2.4972,45.0,404.864152,45305,73305,3025,0.135848,55.000000,1410,-1880,-290,-2750
2.4972,45.0,404.864152,45305,73305,3025,0.135848,55.000000,2750,290,1880,-1410
2.4972,45.0,404.864152,45305,73305,3025,0.135848,55.000000,-1410,-1340,-1700,-470
2.4972,45.0,404.864152,45305,73305,3025,0.135848,55.000000,-470,1880,870,2170
2.4972,45.0,404.864152,45305,73305,3025,0.135848,55.000000,-2170,-870,-1880,470
2.4972,45.0,404.864152,45305,73305,3025,0.135848,55.000000,-2750,1340,-870,3040
2.4972,45.0,404.864152,45305,73305,3025,0.135848,55.000000,2170,870,1880,-470
2.4972,45.0,404.864152,45305,73305,3025,0.135848,55.000000,3040,-870,1340,-2750
2.4972,45.0,404.864152,45305,73305,3025,0.135848,55.000000,-2170,1700,-290,3040
2.4972,45.0,404.864152,45305,73305,3025,0.135848,55.000000,-470,-1700,-1340,-1410
2.4972,45.0,404.864152,45305,73305,3025,0.135848,55.000000,-1410,1880,290,2750
2.4972,45.0,404.864152,45305,73305,3025,0.135848,55.000000,470,-1880,-870,-2170
2.4972,45.0,404.864152,45305,73305,3025,0.135848,55.000000,1410,1340,1700,470
2.4972,45.0,404.864152,45305,73305,3025,0.135848,55.000000,2750,-1340,870,-3040
2.4972,45.0,404.864152,45305,73305,3025,0.135848,55.000000,-2750,-290,-1880,1410
2.4972,45.0,404.864152,45305,73305,3025,0.135848,55.000000,-3040,290,-1700,2170
2.4972,45.0,404.864152,45305,73305,3025,0.135848,55.000000,0,1810,1120,1810
2.4972,45.0,404.864152,45305,73305,3025,0.135848,55.000000,1810,-1810,0,-2930
2.4972,45.0,404.864152,45305,73305,3025,0.135848,55.000000,-2930,1120,-1120,2930
2.4972,45.0,404.864152,45305,73305,3025,0.135848,55.000000,2930,0,1810,-1810
2.4972,45.0,404.864152,45305,73305,3025,0.135848,55.000000,-1810,-1120,-1810,0
2.4972,45.0,404.864152,45305,73305,3025,0.135848,55.000000,1810,1120,1810,0
2.4972,45.0,404.864152,45305,73305,3025,0.135848,55.000000,2930,-1120,1120,-2930
2.4972,45.0,404.864152,45305,73305,3025,0.135848,55.000000,-1810,1810,0,2930
2.4972,45.0,404.864152,45305,73305,3025,0.135848,55.000000,0,-1810,-1120,-1810
2.4972,45.0,404.864152,45305,73305,3025,0.135848,55.000000,-2930,0,-1810,1810
2.4972,45.0,405.413333,45428,73504,4880,0.172311,69.856997,160,1780,1200,1680
2.4972,45.0,405.413333,45428,73504,4880,0.172311,69.856997,1940,-1780,100,-2980
2.4972,45.0,405.413333,45428,73504,4880,0.172311,69.856997,-2980,1040,-1200,2880
2.4972,45.0,405.413333,45428,73504,4880,0.172311,69.856997,2980,-100,1780,-1940
2.4972,45.0,405.413333,45428,73504,4880,0.172311,69.856997,1680,-1840,-100,-2880
2.4972,45.0,405.413333,45428,73504,4880,0.172311,69.856997,2880,100,1840,-1680
2.4972,45.0,405.413333,45428,73504,4880,0.172311,69.856997,-1680,-1200,-1780,-160
2.4972,45.0,405.413333,45428,73504,4880,0.172311,69.856997,-160,1840,1040,1940
2.4972,45.0,405.413333,45428,73504,4880,0.172311,69.856997,-1940,-1040,-1840,160
2.4972,45.0,405.413333,45428,73504,4880,0.172311,69.856997,-2880,1200,-1040,2980
2.4972,45.0,406.300353,45627,73826,3755,0.150820,61.278055,260,1760,1250,1600
2.4972,45.0,406.300353,45627,73826,3755,0.150820,61.278055,2020,-1760,160,-3010
2.4972,45.0,406.300353,45627,73826,3755,0.150820,61.278055,-3010,990,-1250,2850
2.4972,45.0,406.300353,45627,73826,3755,0.150820,61.278055,3010,-160,1760,-2020
2.4972,45.0,406.300353,45627,73826,3755,0.150820,61.278055,1600,-1860,-160,-2850
2.4972,45.0,406.300353,45627,73826,3755,0.150820,61.278055,2850,160,1860,-1600
2.4972,45.0,406.300353,45627,73826,3755,0.150820,61.278055,-1600,-1250,-1760,-260
2.4972,45.0,406.300353,45627,73826,3755,0.150820,61.278055,-260,1860,990,2020
2.4972,45.0,406.300353,45627,73826,3755,0.150820,61.278055,-2020,-990,-1860,260
2.4972,45.0,406.300353,45627,73826,3755,0.150820,61.278055,-2850,1250,-990,3010
2.4972,45.0,406.300353,45627,73826,3755,0.150820,61.278055,2020,990,1860,-260
2.4972,45.0,406.300353,45627,73826,3755,0.150820,61.278055,3010,-990,1250,-2850
2.4972,45.0,406.300353,45627,73826,3755,0.150820,61.278055,-2020,1760,-160,3010
2.4972,45.0,406.300353,45627,73826,3755,0.150820,61.278055,-260,-1760,-1250,-1600
2.4972,45.0,406.300353,45627,73826,3755,0.150820,61.278055,-1600,1860,160,2850
2.4972,45.0,406.300353,45627,73826,3755,0.150820,61.278055,260,-1860,-990,-2020
2.4972,45.0,406.300353,45627,73826,3755,0.150820,61.278055,1600,1250,1760,260
2.4972,45.0,406.300353,45627,73826,3755,0.150820,61.278055,2850,-1250,990,-3010
2.4972,45.0,406.300353,45627,73826,3755,0.150820,61.278055,-2850,-160,-1860,1600
2.4972,45.0,406.300353,45627,73826,3755,0.150820,61.278055,-3010,160,-1760,2020
2.4972,45.0,408.613485,46148,74669,3355,0.141753,57.922362,2700,390,1910,-1280
2.4972,45.0,408.613485,46148,74669,3355,0.141753,57.922362,3090,-390,1670,-2300
2.4972,45.0,408.613485,46148,74669,3355,0.141753,57.922362,-2700,1420,-790,3090
2.4972,45.0,408.613485,46148,74669,3355,0.141753,57.922362,-1280,-1420,-1670,-630
2.4972,45.0,408.613485,46148,74669,3355,0.141753,57.922362,-630,1910,790,2300
2.4972,45.0,408.613485,46148,74669,3355,0.141753,57.922362,1280,-1910,-390,-2700
2.4972,45.0,408.613485,46148,74669,3355,0.141753,57.922362,630,1670,1420,1280
2.4972,45.0,408.613485,46148,74669,3355,0.141753,57.922362,2300,-1670,390,-3090
2.4972,45.0,408.613485,46148,74669,3355,0.141753,57.922362,-2300,-790,-1910,630
2.4972,45.0,408.613485,46148,74669,3355,0.141753,57.922362,-3090,790,-1420,2700
2.4972,45.0,408.613485,46148,74669,3355,0.141753,57.922362,420,1730,1330,1470
2.4972,45.0,408.613485,46148,74669,3355,0.141753,57.922362,2150,-1730,260,-3060
2.4972,45.0,408.613485,46148,74669,3355,0.141753,57.922362,-3060,910,-1330,2800
2.4972,45.0,408.613485,46148,74669,3355,0.141753,57.922362,3060,-260,1730,-2150
2.4972,45.0,408.613485,46148,74669,3355,0.141753,57.922362,1470,-1890,-260,-2800
2.4972,45.0,408.613485,46148,74669,3355,0.141753,57.922362,2800,260,1890,-1470
2.4972,45.0,408.613485,46148,74669,3355,0.141753,57.922362,-1470,-1330,-1730,-420
2.4972,45.0,408.613485,46148,74669,3355,0.141753,57.922362,-420,1890,910,2150
2.4972,45.0,408.613485,46148,74669,3355,0.141753,57.922362,-2150,-910,-1890,420
2.4972,45.0,408.613485,46148,74669,3355,0.141753,57.922362,-2800,1330,-910,3060
2.4972,45.0,408.613485,46148,74669,3355,0.141753,57.922362,2300,790,1910,-630
2.4972,45.0,408.613485,46148,74669,3355,0.141753,57.922362,3090,-790,1420,-2700
2.4972,45.0,408.613485,46148,74669,3355,0.141753,57.922362,-2300,1670,-390,3090
2.4972,45.0,408.613485,46148,74669,3355,0.141753,57.922362,-630,-1670,-1420,-1280
2.4972,45.0,408.613485,46148,74669,3355,0.141753,57.922362,-1280,1910,390,2700
2.4972,45.0,408.613485,46148,74669,3355,0.141753,57.922362,630,-1910,-790,-2300
2.4972,45.0,408.613485,46148,74669,3355,0.141753,57.922362,1280,1420,1670,630
2.4972,45.0,408.613485,46148,74669,3355,0.141753,57.922362,2700,-1420,790,-3090
2.4972,45.0,408.613485,46148,74669,3355,0.141753,57.922362,-2700,-390,-1910,1280
2.4972,45.0,408.613485,46148,74669,3355,0.141753,57.922362,-3090,390,-1670,2300
2.4972,45.0,408.613485,46148,74669,3355,0.141753,57.922362,2150,910,1890,-420
2.4972,45.0,408.613485,46148,74669,3355,0.141753,57.922362,3060,-910,1330,-2800
2.4972,45.0,408.613485,46148,74669,3355,0.141753,57.922362,-2150,1730,-260,3060
2.4972,45.0,408.613485,46148,74669,3355,0.141753,57.922362,-420,-1730,-1330,-1470
2.4972,45.0,408.613485,46148,74669,3355,0.141753,57.922362,-1470,1890,260,2800
2.4972,45.0,408.613485,46148,74669,3355,0.141753,57.922362,420,-1890,-910,-2150
2.4972,45.0,408.613485,46148,74669,3355,0.141753,57.922362,1470,1330,1730,420
2.4972,45.0,408.613485,46148,74669,3355,0.141753,57.922362,2800,-1330,910,-3060
2.4972,45.0,408.613485,46148,74669,3355,0.141753,57.922362,-2800,-260,-1890,1470
2.4972,45.0,408.613485,46148,74669,3355,0.141753,57.922362,-3060,260,-1730,2150
2.4972,45.0,411.454701,46792,75711,4855,0.169345,69.677830,2380,740,1930,-730
2.4972,45.0,411.454701,46792,75711,4855,0.169345,69.677830,3120,-740,1470,-2670
2.4972,45.0,411.454701,46792,75711,4855,0.169345,69.677830,-2380,1650,-450,3120
2.4972,45.0,411.454701,46792,75711,4855,0.169345,69.677830,-730,-1650,-1470,-1200
2.4972,45.0,411.454701,46792,75711,4855,0.169345,69.677830,-1200,1930,450,2670
2.4972,45.0,411.454701,46792,75711,4855,0.169345,69.677830,730,-1930,-740,-2380
2.4972,45.0,411.454701,46792,75711,4855,0.169345,69.677830,1200,1470,1650,730
2.4972,45.0,411.454701,46792,75711,4855,0.169345,69.677830,2670,-1470,740,-3120
2.4972,45.0,411.454701,46792,75711,4855,0.169345,69.677830,-2670,-450,-1930,1200
2.4972,45.0,411.454701,46792,75711,4855,0.169345,69.677830,-3120,450,-1650,2380
2.4972,45.0,413.200902,47190,76355,2525,0.121610,50.249378,180,1810,1230,1700
2.4972,45.0,413.200902,47190,76355,2525,0.121610,50.249378,1990,-1810,110,-3040
2.4972,45.0,413.200902,47190,76355,2525,0.121610,50.249378,-3040,1050,-1230,2930
2.4972,45.0,413.200902,47190,76355,2525,0.121610,50.249378,3040,-110,1810,-1990
2.4972,45.0,413.200902,47190,76355,2525,0.121610,50.249378,1700,-1880,-110,-2930
2.4972,45.0,413.200902,47190,76355,2525,0.121610,50.249378,2930,110,1880,-1700
2.4972,45.0,413.200902,47190,76355,2525,0.121610,50.249378,-1700,-1230,-1810,-180
2.4972,45.0,413.200902,47190,76355,2525,0.121610,50.249378,-180,1880,1050,1990
2.4972,45.0,413.200902,47190,76355,2525,0.121610,50.249378,-1990,-1050,-1880,180
2.4972,45.0,413.200902,47190,76355,2525,0.121610,50.249378,-2930,1230,-1050,3040
2.4972,45.0,413.200902,47190,76355,2525,0.121610,50.249378,1990,1050,1880,-180
2.4972,45.0,413.200902,47190,76355,2525,0.121610,50.249378,3040,-1050,1230,-2930
2.4972,45.0,413.200902,47190,76355,2525,0.121610,50.249378,-1990,1810,-110,3040
2.4972,45.0,413.200902,47190,76355,2525,0.121610,50.249378,-180,-1810,-1230,-1700
2.4972,45.0,413.200902,47190,76355,2525,0.121610,50.249378,-1700,1880,110,2930
2.4972,45.0,413.200902,47190,76355,2525,0.121610,50.249378,180,-1880,-1050,-1990
2.4972,45.0,413.200902,47190,76355,2525,0.121610,50.249378,1700,1230,1810,180
2.4972,45.0,413.200902,47190,76355,2525,0.121610,50.249378,2930,-1230,1050,-3040
2.4972,45.0,413.200902,47190,76355,2525,0.121610,50.249378,-2930,-110,-1880,1700
2.4972,45.0,413.200902,47190,76355,2525,0.121610,50.249378,-3040,110,-1810,1990
2.4972,45.0,413.739017,47313,76554,4455,0.161323,66.745786,240,1800,1260,1650
2.4972,45.0,413.739017,47313,76554,4455,0.161323,66.745786,2040,-1800,150,-3060
2.4972,45.0,413.739017,47313,76554,4455,0.161323,66.745786,-3060,1020,-1260,2910
2.4972,45.0,413.739017,47313,76554,4455,0.161323,66.745786,3060,-150,1800,-2040
2.4972,45.0,413.739017,47313,76554,4455,0.161323,66.745786,1650,-1890,-150,-2910
2.4972,45.0,413.739017,47313,76554,4455,0.161323,66.745786,2910,150,1890,-1650
2.4972,45.0,413.739017,47313,76554,4455,0.161323,66.745786,-1650,-1260,-1800,-240
2.4972,45.0,413.739017,47313,76554,4455,0.161323,66.745786,-240,1890,1020,2040
2.4972,45.0,413.739017,47313,76554,4455,0.161323,66.745786,-2040,-1020,-1890,240
2.4972,45.0,413.739017,47313,76554,4455,0.161323,66.745786,-2910,1260,-1020,3060
2.4972,45.0,413.739017,47313,76554,4455,0.161323,66.745786,2040,1020,1890,-240
2.4972,45.0,413.739017,47313,76554,4455,0.161323,66.745786,3060,-1020,1260,-2910
2.4972,45.0,413.739017,47313,76554,4455,0.161323,66.745786,-2040,1800,-150,3060
2.4972,45.0,413.739017,47313,76554,4455,0.161323,66.745786,-240,-1800,-1260,-1650
2.4972,45.0,413.739017,47313,76554,4455,0.161323,66.745786,-1650,1890,150,2910
2.4972,45.0,413.739017,47313,76554,4455,0.161323,66.745786,240,-1890,-1020,-2040
2.4972,45.0,413.739017,47313,76554,4455,0.161323,66.745786,1650,1260,1800,240
2.4972,45.0,413.739017,47313,76554,4455,0.161323,66.745786,2910,-1260,1020,-3060
2.4972,45.0,413.739017,47313,76554,4455,0.161323,66.745786,-2910,-150,-1890,1650
2.4972,45.0,413.739017,47313,76554,4455,0.161323,66.745786,-3060,150,-1800,2040
2.4972,45.0,414.608226,47512,76876,3280,0.138133,57.271284,2720,420,1940,-1260
2.4972,45.0,414.608226,47512,76876,3280,0.138133,57.271284,3140,-420,1680,-2360
2.4972,45.0,414.608226,47512,76876,3280,0.138133,57.271284,-2720,1460,-780,3140
2.4972,45.0,414.608226,47512,76876,3280,0.138133,57.271284,-1260,-1460,-1680,-680
2.4972,45.0,414.608226,47512,76876,3280,0.138133,57.271284,-680,1940,780,2360
2.4972,45.0,414.608226,47512,76876,3280,0.138133,57.271284,1260,-1940,-420,-2720
2.4972,45.0,414.608226,47512,76876,3280,0.138133,57.271284,680,1680,1460,1260
2.4972,45.0,414.608226,47512,76876,3280,0.138133,57.271284,2360,-1680,420,-3140
2.4972,45.0,414.608226,47512,76876,3280,0.138133,57.271284,-2360,-780,-1940,680
2.4972,45.0,414.608226,47512,76876,3280,0.138133,57.271284,-3140,780,-1460,2720
2.4972,45.0,414.608226,47512,76876,3280,0.138133,57.271284,2360,780,1940,-680
2.4972,45.0,414.608226,47512,76876,3280,0.138133,57.271284,3140,-780,1460,-2720
2.4972,45.0,414.608226,47512,76876,3280,0.138133,57.271284,-2360,1680,-420,3140
2.4972,45.0,414.608226,47512,76876,3280,0.138133,57.271284,-680,-1680,-1460,-1260
2.4972,45.0,414.608226,47512,76876,3280,0.138133,57.271284,-1260,1940,420,2720
2.4972,45.0,414.608226,47512,76876,3280,0.138133,57.271284,680,-1940,-780,-2360
2.4972,45.0,414.608226,47512,76876,3280,0.138133,57.271284,1260,1460,1680,680
2.4972,45.0,414.608226,47512,76876,3280,0.138133,57.271284,2720,-1460,780,-3140
2.4972,45.0,414.608226,47512,76876,3280,0.138133,57.271284,-2720,-420,-1940,1260
2.4972,45.0,414.608226,47512,76876,3280,0.138133,57.271284,-3140,420,-1680,2360
2.4972,45.0,416.875261,48033,77719,2855,0.128173,53.432200,2620,550,1960,-1070
2.4972,45.0,416.875261,48033,77719,2855,0.128173,53.432200,2510,660,1960,-890
2.4972,45.0,416.875261,48033,77719,2855,0.128173,53.432200,3170,-550,1620,-2510
2.4972,45.0,416.875261,48033,77719,2855,0.128173,53.432200,3170,-660,1550,-2620
2.4972,45.0,416.875261,48033,77719,2855,0.128173,53.432200,-2620,1550,-660,3170
2.4972,45.0,416.875261,48033,77719,2855,0.128173,53.432200,-2510,1620,-550,3170
2.4972,45.0,416.875261,48033,77719,2855,0.128173,53.432200,-1070,-1550,-1620,-890
2.4972,45.0,416.875261,48033,77719,2855,0.128173,53.432200,-890,-1620,-1550,-1070
2.4972,45.0,416.875261,48033,77719,2855,0.128173,53.432200,-890,1960,660,2510
2.4972,45.0,416.875261,48033,77719,2855,0.128173,53.432200,-1070,1960,550,2620
2.4972,45.0,416.875261,48033,77719,2855,0.128173,53.432200,890,-1960,-660,-2510
2.4972,45.0,416.875261,48033,77719,2855,0.128173,53.432200,1070,-1960,-550,-2620
2.4972,45.0,416.875261,48033,77719,2855,0.128173,53.432200,890,1620,1550,1070
2.4972,45.0,416.875261,48033,77719,2855,0.128173,53.432200,1070,1550,1620,890
2.4972,45.0,416.875261,48033,77719,2855,0.128173,53.432200,2510,-1620,550,-3170
2.4972,45.0,416.875261,48033,77719,2855,0.128173,53.432200,2620,-1550,660,-3170
2.4972,45.0,416.875261,48033,77719,2855,0.128173,53.432200,-2510,-660,-1960,890
2.4972,45.0,416.875261,48033,77719,2855,0.128173,53.432200,-2620,-550,-1960,1070
2.4972,45.0,416.875261,48033,77719,2855,0.128173,53.432200,-3170,660,-1550,2620
2.4972,45.0,416.875261,48033,77719,2855,0.128173,53.432200,-3170,550,-1620,2510
2.4972,45.0,419.660547,48677,78761,4405,0.158152,66.370174,2670,520,1970,-1130
2.4972,45.0,419.660547,48677,78761,4405,0.158152,66.370174,3190,-520,1650,-2490
2.4972,45.0,419.660547,48677,78761,4405,0.158152,66.370174,-2670,1540,-700,3190
2.4972,45.0,419.660547,48677,78761,4405,0.158152,66.370174,-1130,-1540,-1650,-840
2.4972,45.0,419.660547,48677,78761,4405,0.158152,66.370174,-840,1970,700,2490
2.4972,45.0,419.660547,48677,78761,4405,0.158152,66.370174,1130,-1970,-520,-2670
2.4972,45.0,419.660547,48677,78761,4405,0.158152,66.370174,840,1650,1540,1130
2.4972,45.0,419.660547,48677,78761,4405,0.158152,66.370174,2490,-1650,520,-3190
2.4972,45.0,419.660547,48677,78761,4405,0.158152,66.370174,-2490,-700,-1970,840
2.4972,45.0,419.660547,48677,78761,4405,0.158152,66.370174,-3190,700,-1540,2670
2.4972,45.0,419.660547,48677,78761,4405,0.158152,66.370174,2490,700,1970,-840
2.4972,45.0,419.660547,48677,78761,4405,0.158152,66.370174,3190,-700,1540,-2670
2.4972,45.0,419.660547,48677,78761,4405,0.158152,66.370174,-2490,1650,-520,3190
2.4972,45.0,419.660547,48677,78761,4405,0.158152,66.370174,-840,-1650,-1540,-1130
2.4972,45.0,419.660547,48677,78761,4405,0.158152,66.370174,-1130,1970,520,2670
2.4972,45.0,419.660547,48677,78761,4405,0.158152,66.370174,840,-1970,-700,-2490
2.4972,45.0,419.660547,48677,78761,4405,0.158152,66.370174,1130,1540,1650,840
2.4972,45.0,419.660547,48677,78761,4405,0.158152,66.370174,2670,-1540,700,-3190
2.4972,45.0,419.660547,48677,78761,4405,0.158152,66.370174,-2670,-520,-1970,1130
2.4972,45.0,419.660547,48677,78761,4405,0.158152,66.370174,-3190,520,-1650,2490
2.4972,45.0,420.190390,48800,78960,6400,0.190390,80.000000,0,1880,1160,1880
2.4972,45.0,420.190390,48800,78960,6400,0.190390,80.000000,1880,-1880,0,-3040
2.4972,45.0,420.190390,48800,78960,6400,0.190390,80.000000,-3040,1160,-1160,3040
2.4972,45.0,420.190390,48800,78960,6400,0.190390,80.000000,3040,0,1880,-1880
2.4972,45.0,420.190390,48800,78960,6400,0.190390,80.000000,-1880,-1160,-1880,0
2.4972,45.0,423.278836,49520,80125,4775,0.163253,69.101375,2640,580,1990,-1050
2.4972,45.0,423.278836,49520,80125,4775,0.163253,69.101375,2570,650,1990,-940
2.4972,45.0,423.278836,49520,80125,4775,0.163253,69.101375,3220,-650,1590,-2640
2.4972,45.0,423.278836,49520,80125,4775,0.163253,69.101375,3220,-580,1630,-2570
2.4972,45.0,423.278836,49520,80125,4775,0.163253,69.101375,-2570,1630,-580,3220
2.4972,45.0,423.278836,49520,80125,4775,0.163253,69.101375,-2640,1590,-650,3220
2.4972,45.0,423.278836,49520,80125,4775,0.163253,69.101375,-940,-1630,-1590,-1050
2.4972,45.0,423.278836,49520,80125,4775,0.163253,69.101375,-1050,-1590,-1630,-940
2.4972,45.0,423.278836,49520,80125,4775,0.163253,69.101375,-940,1990,650,2570
2.4972,45.0,423.278836,49520,80125,4775,0.163253,69.101375,-1050,1990,580,2640
2.4972,45.0,423.278836,49520,80125,4775,0.163253,69.101375,940,-1990,-650,-2570
2.4972,45.0,423.278836,49520,80125,4775,0.163253,69.101375,1050,-1990,-580,-2640
2.4972,45.0,423.278836,49520,80125,4775,0.163253,69.101375,940,1630,1590,1050
2.4972,45.0,423.278836,49520,80125,4775,0.163253,69.101375,1050,1590,1630,940
2.4972,45.0,423.278836,49520,80125,4775,0.163253,69.101375,2570,-1630,580,-3220
2.4972,45.0,423.278836,49520,80125,4775,0.163253,69.101375,2640,-1590,650,-3220
2.4972,45.0,423.278836,49520,80125,4775,0.163253,69.101375,-2570,-650,-1990,940
2.4972,45.0,423.278836,49520,80125,4775,0.163253,69.101375,-2640,-580,-1990,1050
2.4972,45.0,423.278836,49520,80125,4775,0.163253,69.101375,-3220,650,-1590,2640
2.4972,45.0,423.278836,49520,80125,4775,0.163253,69.101375,-3220,580,-1630,2570
2.4972,45.0,424.976455,49918,80769,2305,0.112972,48.010416,50,1890,1200,1860
2.4972,45.0,424.976455,49918,80769,2305,0.112972,48.010416,1940,-1890,30,-3090
2.4972,45.0,424.976455,49918,80769,2305,0.112972,48.010416,-3090,1150,-1200,3060
2.4972,45.0,424.976455,49918,80769,2305,0.112972,48.010416,3090,-30,1890,-1940
2.4972,45.0,424.976455,49918,80769,2305,0.112972,48.010416,1860,-1910,-30,-3060
2.4972,45.0,424.976455,49918,80769,2305,0.112972,48.010416,3060,30,1910,-1860
2.4972,45.0,424.976455,49918,80769,2305,0.112972,48.010416,-1860,-1200,-1890,-50
2.4972,45.0,424.976455,49918,80769,2305,0.112972,48.010416,-50,1910,1150,1940
2.4972,45.0,424.976455,49918,80769,2305,0.112972,48.010416,-1940,-1150,-1910,50
2.4972,45.0,424.976455,49918,80769,2305,0.112972,48.010416,-3060,1200,-1150,3090
2.4972,45.0,424.976455,49918,80769,2305,0.112972,48.010416,1940,1150,1910,-50
2.4972,45.0,424.976455,49918,80769,2305,0.112972,48.010416,3090,-1150,1200,-3060
2.4972,45.0,424.976455,49918,80769,2305,0.112972,48.010416,-1940,1890,-30,3090
2.4972,45.0,424.976455,49918,80769,2305,0.112972,48.010416,-50,-1890,-1200,-1860
2.4972,45.0,424.976455,49918,80769,2305,0.112972,48.010416,-1860,1910,30,3060
2.4972,45.0,424.976455,49918,80769,2305,0.112972,48.010416,50,-1910,-1150,-1940
2.4972,45.0,424.976455,49918,80769,2305,0.112972,48.010416,1860,1200,1890,50
2.4972,45.0,424.976455,49918,80769,2305,0.112972,48.010416,3060,-1200,1150,-3090
2.4972,45.0,424.976455,49918,80769,2305,0.112972,48.010416,-3060,-30,-1910,1860
2.4972,45.0,424.976455,49918,80769,2305,0.112972,48.010416,-3090,30,-1890,1940
2.4972,45.0,426.866457,50363,81489,5155,0.168199,71.798329,2150,1020,1960,-310
2.4972,45.0,426.866457,50363,81489,5155,0.168199,71.798329,3170,-1020,1330,-2980
2.4972,45.0,426.866457,50363,81489,5155,0.168199,71.798329,-2150,1840,-190,3170
2.4972,45.0,426.866457,50363,81489,5155,0.168199,71.798329,-310,-1840,-1330,-1650
2.4972,45.0,426.866457,50363,81489,5155,0.168199,71.798329,-1650,1960,190,2980
2.4972,45.0,426.866457,50363,81489,5155,0.168199,71.798329,310,-1960,-1020,-2150
2.4972,45.0,426.866457,50363,81489,5155,0.168199,71.798329,1650,1330,1840,310
2.4972,45.0,426.866457,50363,81489,5155,0.168199,71.798329,2980,-1330,1020,-3170
2.4972,45.0,426.866457,50363,81489,5155,0.168199,71.798329,-2980,-190,-1960,1650
2.4972,45.0,426.866457,50363,81489,5155,0.168199,71.798329,-3170,190,-1840,2150
2.4972,45.0,427.708988,50562,81811,3905,0.146104,62.489999,2720,530,2010,-1150
2.4972,45.0,427.708988,50562,81811,3905,0.146104,62.489999,3250,-530,1680,-2540
2.4972,45.0,427.708988,50562,81811,3905,0.146104,62.489999,-2720,1570,-710,3250
2.4972,45.0,427.708988,50562,81811,3905,0.146104,62.489999,-1150,-1570,-1680,-860
2.4972,45.0,427.708988,50562,81811,3905,0.146104,62.489999,-860,2010,710,2540
2.4972,45.0,427.708988,50562,81811,3905,0.146104,62.489999,1150,-2010,-530,-2720
2.4972,45.0,427.708988,50562,81811,3905,0.146104,62.489999,860,1680,1570,1150
2.4972,45.0,427.708988,50562,81811,3905,0.146104,62.489999,2540,-1680,530,-3250
2.4972,45.0,427.708988,50562,81811,3905,0.146104,62.489999,-2540,-710,-2010,860
2.4972,45.0,427.708988,50562,81811,3905,0.146104,62.489999,-3250,710,-1570,2720
2.4972,45.0,427.708988,50562,81811,3905,0.146104,62.489999,2540,710,2010,-860
2.4972,45.0,427.708988,50562,81811,3905,0.146104,62.489999,3250,-710,1570,-2720
2.4972,45.0,427.708988,50562,81811,3905,0.146104,62.489999,-2540,1680,-530,3250
2.4972,45.0,427.708988,50562,81811,3905,0.146104,62.489999,-860,-1680,-1570,-1150
2.4972,45.0,427.708988,50562,81811,3905,0.146104,62.489999,-1150,2010,530,2720
2.4972,45.0,427.708988,50562,81811,3905,0.146104,62.489999,860,-2010,-710,-2540
2.4972,45.0,427.708988,50562,81811,3905,0.146104,62.489999,1150,1570,1680,860
2.4972,45.0,427.708988,50562,81811,3905,0.146104,62.489999,2720,-1570,710,-3250
2.4972,45.0,427.708988,50562,81811,3905,0.146104,62.489999,-2720,-530,-2010,1150
2.4972,45.0,427.708988,50562,81811,3905,0.146104,62.489999,-3250,530,-1680,2540
2.4972,45.0,427.708988,50562,81811,3905,0.146104,62.489999,370,1830,1360,1600
2.4972,45.0,427.708988,50562,81811,3905,0.146104,62.489999,2200,-1830,230,-3190
2.4972,45.0,427.708988,50562,81811,3905,0.146104,62.489999,-3190,990,-1360,2960
2.4972,45.0,427.708988,50562,81811,3905,0.146104,62.489999,3190,-230,1830,-2200
2.4972,45.0,427.708988,50562,81811,3905,0.146104,62.489999,1600,-1970,-230,-2960
2.4972,45.0,427.708988,50562,81811,3905,0.146104,62.489999,2960,230,1970,-1600
2.4972,45.0,427.708988,50562,81811,3905,0.146104,62.489999,-1600,-1360,-1830,-370
2.4972,45.0,427.708988,50562,81811,3905,0.146104,62.489999,-370,1970,990,2200
2.4972,45.0,427.708988,50562,81811,3905,0.146104,62.489999,-2200,-990,-1970,370
2.4972,45.0,427.708988,50562,81811,3905,0.146104,62.489999,-2960,1360,-990,3190
2.4972,45.0,427.708988,50562,81811,3905,0.146104,62.489999,2200,990,1970,-370
2.4972,45.0,427.708988,50562,81811,3905,0.146104,62.489999,3190,-990,1360,-2960
2.4972,45.0,427.708988,50562,81811,3905,0.146104,62.489999,-2200,1830,-230,3190
2.4972,45.0,427.708988,50562,81811,3905,0.146104,62.489999,-370,-1830,-1360,-1600
2.4972,45.0,427.708988,50562,81811,3905,0.146104,62.489999,-1600,1970,230,2960
2.4972,45.0,427.708988,50562,81811,3905,0.146104,62.489999,370,-1970,-990,-2200
2.4972,45.0,427.708988,50562,81811,3905,0.146104,62.489999,1600,1360,1830,370
2.4972,45.0,427.708988,50562,81811,3905,0.146104,62.489999,2960,-1360,990,-3190
2.4972,45.0,427.708988,50562,81811,3905,0.146104,62.489999,-2960,-230,-1970,1600
2.4972,45.0,427.708988,50562,81811,3905,0.146104,62.489999,-3190,230,-1830,2200
2.4972,45.0,429.906945,51083,82654,3455,0.136726,58.779248,2700,570,2020,-1100
2.4972,45.0,429.906945,51083,82654,3455,0.136726,58.779248,2590,680,2020,-920
2.4972,45.0,429.906945,51083,82654,3455,0.136726,58.779248,3270,-680,1600,-2700
2.4972,45.0,429.906945,51083,82654,3455,0.136726,58.779248,3270,-570,1670,-2590
2.4972,45.0,429.906945,51083,82654,3455,0.136726,58.779248,-2590,1670,-570,3270
2.4972,45.0,429.906945,51083,82654,3455,0.136726,58.779248,-2700,1600,-680,3270
2.4972,45.0,429.906945,51083,82654,3455,0.136726,58.779248,-920,-1670,-1600,-1100
2.4972,45.0,429.906945,51083,82654,3455,0.136726,58.779248,-1100,-1600,-1670,-920
2.4972,45.0,429.906945,51083,82654,3455,0.136726,58.779248,-920,2020,680,2590
2.4972,45.0,429.906945,51083,82654,3455,0.136726,58.779248,-1100,2020,570,2700
2.4972,45.0,429.906945,51083,82654,3455,0.136726,58.779248,920,-2020,-680,-2590
2.4972,45.0,429.906945,51083,82654,3455,0.136726,58.779248,1100,-2020,-570,-2700
2.4972,45.0,429.906945,51083,82654,3455,0.136726,58.779248,920,1670,1600,1100
2.4972,45.0,429.906945,51083,82654,3455,0.136726,58.779248,1100,1600,1670,920
2.4972,45.0,429.906945,51083,82654,3455,0.136726,58.779248,2590,-1670,570,-3270
2.4972,45.0,429.906945,51083,82654,3455,0.136726,58.779248,2700,-1600,680,-3270
2.4972,45.0,429.906945,51083,82654,3455,0.136726,58.779248,-2590,-680,-2020,920
2.4972,45.0,429.906945,51083,82654,3455,0.136726,58.779248,-2700,-570,-2020,1100
2.4972,45.0,429.906945,51083,82654,3455,0.136726,58.779248,-3270,680,-1600,2700
2.4972,45.0,429.906945,51083,82654,3455,0.136726,58.779248,-3270,570,-1670,2590
2.4972,45.0,432.608336,51727,83696,5105,0.165159,71.449283,30,1930,1210,1910
2.4972,45.0,432.608336,51727,83696,5105,0.165159,71.449283,1960,-1930,20,-3140
2.4972,45.0,432.608336,51727,83696,5105,0.165159,71.449283,-3140,1180,-1210,3120
2.4972,45.0,432.608336,51727,83696,5105,0.165159,71.449283,3140,-20,1930,-1960
2.4972,45.0,432.608336,51727,83696,5105,0.165159,71.449283,1910,-1940,-20,-3120
2.4972,45.0,432.608336,51727,83696,5105,0.165159,71.449283,3120,20,1940,-1910
2.4972,45.0,432.608336,51727,83696,5105,0.165159,71.449283,-1910,-1210,-1930,-30
2.4972,45.0,432.608336,51727,83696,5105,0.165159,71.449283,-30,1940,1180,1960
2.4972,45.0,432.608336,51727,83696,5105,0.165159,71.449283,-1960,-1180,-1940,30
2.4972,45.0,432.608336,51727,83696,5105,0.165159,71.449283,-3120,1210,-1180,3140
2.4972,45.0,432.608336,51727,83696,5105,0.165159,71.449283,1960,1180,1940,-30
2.4972,45.0,432.608336,51727,83696,5105,0.165159,71.449283,3140,-1180,1210,-3120
2.4972,45.0,432.608336,51727,83696,5105,0.165159,71.449283,-1960,1930,-20,3140
2.4972,45.0,432.608336,51727,83696,5105,0.165159,71.449283,-30,-1930,-1210,-1910
2.4972,45.0,432.608336,51727,83696,5105,0.165159,71.449283,-1910,1940,20,3120
2.4972,45.0,432.608336,51727,83696,5105,0.165159,71.449283,30,-1940,-1180,-1960
2.4972,45.0,432.608336,51727,83696,5105,0.165159,71.449283,1910,1210,1930,30
2.4972,45.0,432.608336,51727,83696,5105,0.165159,71.449283,3120,-1210,1180,-3140
2.4972,45.0,432.608336,51727,83696,5105,0.165159,71.449283,-3120,-20,-1940,1910
2.4972,45.0,432.608336,51727,83696,5105,0.165159,71.449283,-3140,20,-1930,1960
2.4972,45.0,434.269486,52125,84340,2525,0.115710,50.249378,2170,1050,1990,-290
2.4972,45.0,434.269486,52125,84340,2525,0.115710,50.249378,3220,-1050,1340,-3040
2.4972,45.0,434.269486,52125,84340,2525,0.115710,50.249378,-2170,1880,-180,3220
2.4972,45.0,434.269486,52125,84340,2525,0.115710,50.249378,-290,-1880,-1340,-1700
2.4972,45.0,434.269486,52125,84340,2525,0.115710,50.249378,-1700,1990,180,3040
2.4972,45.0,434.269486,52125,84340,2525,0.115710,50.249378,290,-1990,-1050,-2170
2.4972,45.0,434.269486,52125,84340,2525,0.115710,50.249378,1700,1340,1880,290
2.4972,45.0,434.269486,52125,84340,2525,0.115710,50.249378,3040,-1340,1050,-3220
2.4972,45.0,434.269486,52125,84340,2525,0.115710,50.249378,-3040,-180,-1990,1700
2.4972,45.0,434.269486,52125,84340,2525,0.115710,50.249378,-3220,180,-1880,2170
2.4972,45.0,435.608749,52447,84861,3355,0.132969,57.922362,2850,450,2040,-1310
2.4972,45.0,435.608749,52447,84861,3355,0.132969,57.922362,3300,-450,1760,-2490
2.4972,45.0,435.608749,52447,84861,3355,0.132969,57.922362,-2850,1540,-810,3300
2.4972,45.0,435.608749,52447,84861,3355,0.132969,57.922362,-1310,-1540,-1760,-730
2.4972,45.0,435.608749,52447,84861,3355,0.132969,57.922362,-730,2040,810,2490
2.4972,45.0,435.608749,52447,84861,3355,0.132969,57.922362,1310,-2040,-450,-2850
2.4972,45.0,435.608749,52447,84861,3355,0.132969,57.922362,730,1760,1540,1310
2.4972,45.0,435.608749,52447,84861,3355,0.132969,57.922362,2490,-1760,450,-3300
2.4972,45.0,435.608749,52447,84861,3355,0.132969,57.922362,-2490,-810,-2040,730
2.4972,45.0,435.608749,52447,84861,3355,0.132969,57.922362,-3300,810,-1540,2850
2.4972,45.0,435.608749,52447,84861,3355,0.132969,57.922362,2490,810,2040,-730
2.4972,45.0,435.608749,52447,84861,3355,0.132969,57.922362,3300,-810,1540,-2850
2.4972,45.0,435.608749,52447,84861,3355,0.132969,57.922362,-2490,1760,-450,3300
2.4972,45.0,435.608749,52447,84861,3355,0.132969,57.922362,-730,-1760,-1540,-1310
2.4972,45.0,435.608749,52447,84861,3355,0.132969,57.922362,-1310,2040,450,2850
2.4972,45.0,435.608749,52447,84861,3355,0.132969,57.922362,730,-2040,-810,-2490
2.4972,45.0,435.608749,52447,84861,3355,0.132969,57.922362,1310,1540,1760,730
2.4972,45.0,435.608749,52447,84861,3355,0.132969,57.922362,2850,-1540,810,-3300
2.4972,45.0,435.608749,52447,84861,3355,0.132969,57.922362,-2850,-450,-2040,1310
2.4972,45.0,435.608749,52447,84861,3355,0.132969,57.922362,-3300,450,-1760,2490
2.4972,45.0,435.608749,52447,84861,3355,0.132969,57.922362,390,1860,1390,1620
2.4972,45.0,435.608749,52447,84861,3355,0.132969,57.922362,2250,-1860,240,-3250
2.4972,45.0,435.608749,52447,84861,3355,0.132969,57.922362,-3250,1000,-1390,3010
2.4972,45.0,435.608749,52447,84861,3355,0.132969,57.922362,3250,-240,1860,-2250
2.4972,45.0,435.608749,52447,84861,3355,0.132969,57.922362,1620,-2010,-240,-3010
2.4972,45.0,435.608749,52447,84861,3355,0.132969,57.922362,3010,240,2010,-1620
2.4972,45.0,435.608749,52447,84861,3355,0.132969,57.922362,-1620,-1390,-1860,-390
2.4972,45.0,435.608749,52447,84861,3355,0.132969,57.922362,-390,2010,1000,2250
2.4972,45.0,435.608749,52447,84861,3355,0.132969,57.922362,-2250,-1000,-2010,390
2.4972,45.0,435.608749,52447,84861,3355,0.132969,57.922362,-3010,1390,-1000,3250
2.4972,45.0,435.608749,52447,84861,3355,0.132969,57.922362,2250,1000,2010,-390
2.4972,45.0,435.608749,52447,84861,3355,0.132969,57.922362,3250,-1000,1390,-3010
2.4972,45.0,435.608749,52447,84861,3355,0.132969,57.922362,-2250,1860,-240,3250
2.4972,45.0,435.608749,52447,84861,3355,0.132969,57.922362,-390,-1860,-1390,-1620
2.4972,45.0,435.608749,52447,84861,3355,0.132969,57.922362,-1620,2010,240,3010
2.4972,45.0,435.608749,52447,84861,3355,0.132969,57.922362,390,-2010,-1000,-2250
2.4972,45.0,435.608749,52447,84861,3355,0.132969,57.922362,1620,1390,1860,390
2.4972,45.0,435.608749,52447,84861,3355,0.132969,57.922362,3010,-1390,1000,-3250
2.4972,45.0,435.608749,52447,84861,3355,0.132969,57.922362,-3010,-240,-2010,1620
2.4972,45.0,435.608749,52447,84861,3355,0.132969,57.922362,-3250,240,-1860,2250
2.4972,45.0,437.452817,52892,85581,6355,0.182233,79.718254,2540,780,2050,-790
2.4972,45.0,437.452817,52892,85581,6355,0.182233,79.718254,3320,-780,1570,-2830
2.4972,45.0,437.452817,52892,85581,6355,0.182233,79.718254,-2540,1750,-490,3320
2.4972,45.0,437.452817,52892,85581,6355,0.182233,79.718254,-790,-1750,-1570,-1260
2.4972,45.0,437.452817,52892,85581,6355,0.182233,79.718254,-1260,2050,490,2830
2.4972,45.0,437.452817,52892,85581,6355,0.182233,79.718254,790,-2050,-780,-2540
2.4972,45.0,437.452817,52892,85581,6355,0.182233,79.718254,1260,1570,1750,790
2.4972,45.0,437.452817,52892,85581,6355,0.182233,79.718254,2830,-1570,780,-3320
2.4972,45.0,437.452817,52892,85581,6355,0.182233,79.718254,-2830,-490,-2050,1260
2.4972,45.0,437.452817,52892,85581,6355,0.182233,79.718254,-3320,490,-1750,2540
2.4972,45.0,439.602058,53413,86424,5905,0.174804,76.843998,2230,1040,2020,-340
2.4972,45.0,439.602058,53413,86424,5905,0.174804,76.843998,3270,-1040,1380,-3060
2.4972,45.0,439.602058,53413,86424,5905,0.174804,76.843998,-2230,1890,-210,3270
2.4972,45.0,439.602058,53413,86424,5905,0.174804,76.843998,-340,-1890,-1380,-1680
2.4972,45.0,439.602058,53413,86424,5905,0.174804,76.843998,-1680,2020,210,3060
2.4972,45.0,439.602058,53413,86424,5905,0.174804,76.843998,340,-2020,-1040,-2230
2.4972,45.0,439.602058,53413,86424,5905,0.174804,76.843998,1680,1380,1890,340
2.4972,45.0,439.602058,53413,86424,5905,0.174804,76.843998,3060,-1380,1040,-3270
2.4972,45.0,439.602058,53413,86424,5905,0.174804,76.843998,-3060,-210,-2020,1680
2.4972,45.0,439.602058,53413,86424,5905,0.174804,76.843998,-3270,210,-1890,2230
2.4972,45.0,442.555058,54133,87589,4105,0.144774,64.070274,2910,440,2070,-1360
2.4972,45.0,442.555058,54133,87589,4105,0.144774,64.070274,3350,-440,1800,-2510
2.4972,45.0,442.555058,54133,87589,4105,0.144774,64.070274,-2910,1550,-840,3350
2.4972,45.0,442.555058,54133,87589,4105,0.144774,64.070274,-1360,-1550,-1800,-710
2.4972,45.0,442.555058,54133,87589,4105,0.144774,64.070274,-710,2070,840,2510
2.4972,45.0,442.555058,54133,87589,4105,0.144774,64.070274,1360,-2070,-440,-2910
2.4972,45.0,442.555058,54133,87589,4105,0.144774,64.070274,710,1800,1550,1360
2.4972,45.0,442.555058,54133,87589,4105,0.144774,64.070274,2510,-1800,440,-3350
2.4972,45.0,442.555058,54133,87589,4105,0.144774,64.070274,-2510,-840,-2070,710
2.4972,45.0,442.555058,54133,87589,4105,0.144774,64.070274,-3350,840,-1550,2910
2.4972,45.0,442.555058,54133,87589,4105,0.144774,64.070274,2510,840,2070,-710
2.4972,45.0,442.555058,54133,87589,4105,0.144774,64.070274,3350,-840,1550,-2910
2.4972,45.0,442.555058,54133,87589,4105,0.144774,64.070274,-2510,1800,-440,3350
2.4972,45.0,442.555058,54133,87589,4105,0.144774,64.070274,-710,-1800,-1550,-1360
2.4972,45.0,442.555058,54133,87589,4105,0.144774,64.070274,-1360,2070,440,2910
2.4972,45.0,442.555058,54133,87589,4105,0.144774,64.070274,710,-2070,-840,-2510
2.4972,45.0,442.555058,54133,87589,4105,0.144774,64.070274,1360,1550,1800,710
2.4972,45.0,442.555058,54133,87589,4105,0.144774,64.070274,2910,-1550,840,-3350
2.4972,45.0,442.555058,54133,87589,4105,0.144774,64.070274,-2910,-440,-2070,1360
2.4972,45.0,442.555058,54133,87589,4105,0.144774,64.070274,-3350,440,-1800,2510
2.4972,45.0,444.370300,54578,88309,7205,0.191017,84.882271,2700,680,2090,-990
2.4972,45.0,444.370300,54578,88309,7205,0.191017,84.882271,3380,-680,1670,-2770
2.4972,45.0,444.370300,54578,88309,7205,0.191017,84.882271,-2700,1710,-610,3380
2.4972,45.0,444.370300,54578,88309,7205,0.191017,84.882271,-990,-1710,-1670,-1100
2.4972,45.0,444.370300,54578,88309,7205,0.191017,84.882271,-1100,2090,610,2770
2.4972,45.0,444.370300,54578,88309,7205,0.191017,84.882271,990,-2090,-680,-2700
2.4972,45.0,444.370300,54578,88309,7205,0.191017,84.882271,1100,1670,1710,990
2.4972,45.0,444.370300,54578,88309,7205,0.191017,84.882271,2770,-1670,680,-3380
2.4972,45.0,444.370300,54578,88309,7205,0.191017,84.882271,-2770,-610,-2090,1100
2.4972,45.0,444.370300,54578,88309,7205,0.191017,84.882271,-3380,610,-1710,2700
2.4972,45.0,445.179706,54777,88631,5855,0.171881,76.517972,2070,1180,2010,-100
2.4972,45.0,445.179706,54777,88631,5855,0.171881,76.517972,3250,-1180,1280,-3190
2.4972,45.0,445.179706,54777,88631,5855,0.171881,76.517972,-2070,1970,-60,3250
2.4972,45.0,445.179706,54777,88631,5855,0.171881,76.517972,-100,-1970,-1280,-1910
2.4972,45.0,445.179706,54777,88631,5855,0.171881,76.517972,-1910,2010,60,3190
2.4972,45.0,445.179706,54777,88631,5855,0.171881,76.517972,100,-2010,-1180,-2070
2.4972,45.0,445.179706,54777,88631,5855,0.171881,76.517972,1910,1280,1970,100
2.4972,45.0,445.179706,54777,88631,5855,0.171881,76.517972,3190,-1280,1180,-3250
2.4972,45.0,445.179706,54777,88631,5855,0.171881,76.517972,-3190,-60,-2010,1910
2.4972,45.0,445.179706,54777,88631,5855,0.171881,76.517972,-3250,60,-1970,2070
2.4972,45.0,445.488483,54853,88754,2255,0.106595,47.486840,2590,790,2090,-810
2.4972,45.0,445.488483,54853,88754,2255,0.106595,47.486840,3380,-790,1600,-2880
2.4972,45.0,445.488483,54853,88754,2255,0.106595,47.486840,-2590,1780,-500,3380
2.4972,45.0,445.488483,54853,88754,2255,0.106595,47.486840,-810,-1780,-1600,-1280
2.4972,45.0,445.488483,54853,88754,2255,0.106595,47.486840,-1280,2090,500,2880
2.4972,45.0,445.488483,54853,88754,2255,0.106595,47.486840,810,-2090,-790,-2590
2.4972,45.0,445.488483,54853,88754,2255,0.106595,47.486840,1280,1600,1780,810
2.4972,45.0,445.488483,54853,88754,2255,0.106595,47.486840,2880,-1600,790,-3380
2.4972,45.0,445.488483,54853,88754,2255,0.106595,47.486840,-2880,-500,-2090,1280
2.4972,45.0,445.488483,54853,88754,2255,0.106595,47.486840,-3380,500,-1780,2590
2.4972,45.0,445.488483,54853,88754,2255,0.106595,47.486840,2120,1150,2020,-160
2.4972,45.0,445.488483,54853,88754,2255,0.106595,47.486840,3270,-1150,1310,-3170
2.4972,45.0,445.488483,54853,88754,2255,0.106595,47.486840,-2120,1960,-100,3270
2.4972,45.0,445.488483,54853,88754,2255,0.106595,47.486840,-160,-1960,-1310,-1860
2.4972,45.0,445.488483,54853,88754,2255,0.106595,47.486840,-1860,2020,100,3170
2.4972,45.0,445.488483,54853,88754,2255,0.106595,47.486840,160,-2020,-1150,-2120
2.4972,45.0,445.488483,54853,88754,2255,0.106595,47.486840,1860,1310,1960,160
2.4972,45.0,445.488483,54853,88754,2255,0.106595,47.486840,3170,-1310,1150,-3270
2.4972,45.0,445.488483,54853,88754,2255,0.106595,47.486840,-3170,-100,-2020,1860
2.4972,45.0,445.488483,54853,88754,2255,0.106595,47.486840,-3270,100,-1960,2120
2.4972,45.0,446.794119,55175,89275,3125,0.125117,55.901699,2750,650,2100,-1050
2.4972,45.0,446.794119,55175,89275,3125,0.125117,55.901699,3400,-650,1700,-2750
2.4972,45.0,446.794119,55175,89275,3125,0.125117,55.901699,-2750,1700,-650,3400
2.4972,45.0,446.794119,55175,89275,3125,0.125117,55.901699,-1050,-1700,-1700,-1050
2.4972,45.0,446.794119,55175,89275,3125,0.125117,55.901699,-1050,2100,650,2750
2.4972,45.0,446.794119,55175,89275,3125,0.125117,55.901699,1050,-2100,-650,-2750
2.4972,45.0,446.794119,55175,89275,3125,0.125117,55.901699,1050,1700,1700,1050
2.4972,45.0,446.794119,55175,89275,3125,0.125117,55.901699,2750,-1700,650,-3400
2.4972,45.0,446.794119,55175,89275,3125,0.125117,55.901699,-2750,-650,-2100,1050
2.4972,45.0,446.794119,55175,89275,3125,0.125117,55.901699,-3400,650,-1700,2750
2.4972,45.0,448.592208,55620,89995,6275,0.176586,79.214898,2570,830,2100,-760
2.4972,45.0,448.592208,55620,89995,6275,0.176586,79.214898,3400,-830,1590,-2930
2.4972,45.0,448.592208,55620,89995,6275,0.176586,79.214898,-2570,1810,-470,3400
2.4972,45.0,448.592208,55620,89995,6275,0.176586,79.214898,-760,-1810,-1590,-1340
2.4972,45.0,448.592208,55620,89995,6275,0.176586,79.214898,-1340,2100,470,2930
2.4972,45.0,448.592208,55620,89995,6275,0.176586,79.214898,760,-2100,-830,-2570
2.4972,45.0,448.592208,55620,89995,6275,0.176586,79.214898,1340,1590,1810,760
2.4972,45.0,448.592208,55620,89995,6275,0.176586,79.214898,2930,-1590,830,-3400
2.4972,45.0,448.592208,55620,89995,6275,0.176586,79.214898,-2930,-470,-2100,1340
2.4972,45.0,448.592208,55620,89995,6275,0.176586,79.214898,-3400,470,-1810,2570
2.4972,45.0,450.194383,56018,90639,3505,0.131506,59.203040,520,1890,1490,1570
2.4972,45.0,450.194383,56018,90639,3505,0.131506,59.203040,2410,-1890,320,-3380
2.4972,45.0,450.194383,56018,90639,3505,0.131506,59.203040,-3380,970,-1490,3060
2.4972,45.0,450.194383,56018,90639,3505,0.131506,59.203040,3380,-320,1890,-2410
2.4972,45.0,450.194383,56018,90639,3505,0.131506,59.203040,1570,-2090,-320,-3060
2.4972,45.0,450.194383,56018,90639,3505,0.131506,59.203040,3060,320,2090,-1570
2.4972,45.0,450.194383,56018,90639,3505,0.131506,59.203040,-1570,-1490,-1890,-520
2.4972,45.0,450.194383,56018,90639,3505,0.131506,59.203040,-520,2090,970,2410
2.4972,45.0,450.194383,56018,90639,3505,0.131506,59.203040,-2410,-970,-2090,520
2.4972,45.0,450.194383,56018,90639,3505,0.131506,59.203040,-3060,1490,-970,3380
2.4972,45.0,450.194383,56018,90639,3505,0.131506,59.203040,2410,970,2090,-520
2.4972,45.0,450.194383,56018,90639,3505,0.131506,59.203040,3380,-970,1490,-3060
2.4972,45.0,450.194383,56018,90639,3505,0.131506,59.203040,-2410,1890,-320,3380
2.4972,45.0,450.194383,56018,90639,3505,0.131506,59.203040,-520,-1890,-1490,-1570
2.4972,45.0,450.194383,56018,90639,3505,0.131506,59.203040,-1570,2090,320,3060
2.4972,45.0,450.194383,56018,90639,3505,0.131506,59.203040,520,-2090,-970,-2410
2.4972,45.0,450.194383,56018,90639,3505,0.131506,59.203040,1570,1490,1890,520
2.4972,45.0,450.194383,56018,90639,3505,0.131506,59.203040,3060,-1490,970,-3380
2.4972,45.0,450.194383,56018,90639,3505,0.131506,59.203040,-3060,-320,-2090,1570
2.4972,45.0,450.194383,56018,90639,3505,0.131506,59.203040,-3380,320,-1890,2410
2.4972,45.0,450.993337,56217,90961,2105,0.101732,45.880279,2720,710,2120,-970
2.4972,45.0,450.993337,56217,90961,2105,0.101732,45.880279,3430,-710,1680,-2830
2.4972,45.0,450.993337,56217,90961,2105,0.101732,45.880279,-2720,1750,-600,3430
2.4972,45.0,450.993337,56217,90961,2105,0.101732,45.880279,-970,-1750,-1680,-1150
2.4972,45.0,450.993337,56217,90961,2105,0.101732,45.880279,-1150,2120,600,2830
2.4972,45.0,450.993337,56217,90961,2105,0.101732,45.880279,970,-2120,-710,-2720
2.4972,45.0,450.993337,56217,90961,2105,0.101732,45.880279,1150,1680,1750,970
2.4972,45.0,450.993337,56217,90961,2105,0.101732,45.880279,2830,-1680,710,-3430
2.4972,45.0,450.993337,56217,90961,2105,0.101732,45.880279,-2830,-600,-2120,1150
2.4972,45.0,450.993337,56217,90961,2105,0.101732,45.880279,-3430,600,-1750,2720
2.4972,45.0,451.486410,56340,91160,4400,0.146920,66.332496,580,1880,1520,1520
2.4972,45.0,451.486410,56340,91160,4400,0.146920,66.332496,2460,-1880,360,-3400
2.4972,45.0,451.486410,56340,91160,4400,0.146920,66.332496,-3400,940,-1520,3040
2.4972,45.0,451.486410,56340,91160,4400,0.146920,66.332496,3400,-360,1880,-2460
2.4972,45.0,451.486410,56340,91160,4400,0.146920,66.332496,1520,-2100,-360,-3040
2.4972,45.0,451.486410,56340,91160,4400,0.146920,66.332496,3040,360,2100,-1520
2.4972,45.0,451.486410,56340,91160,4400,0.146920,66.332496,-1520,-1520,-1880,-580
2.4972,45.0,451.486410,56340,91160,4400,0.146920,66.332496,-580,2100,940,2460
2.4972,45.0,451.486410,56340,91160,4400,0.146920,66.332496,-2460,-940,-2100,580
2.4972,45.0,451.486410,56340,91160,4400,0.146920,66.332496,-3040,1520,-940,3400
2.4972,45.0,451.486410,56340,91160,4400,0.146920,66.332496,2460,940,2100,-580
2.4972,45.0,451.486410,56340,91160,4400,0.146920,66.332496,3400,-940,1520,-3040
2.4972,45.0,451.486410,56340,91160,4400,0.146920,66.332496,-2460,1880,-360,3400
2.4972,45.0,451.486410,56340,91160,4400,0.146920,66.332496,-580,-1880,-1520,-1520
2.4972,45.0,451.486410,56340,91160,4400,0.146920,66.332496,-1520,2100,360,3040
2.4972,45.0,451.486410,56340,91160,4400,0.146920,66.332496,580,-2100,-940,-2460
2.4972,45.0,451.486410,56340,91160,4400,0.146920,66.332496,1520,1520,1880,580
2.4972,45.0,451.486410,56340,91160,4400,0.146920,66.332496,3040,-1520,940,-3400
2.4972,45.0,451.486410,56340,91160,4400,0.146920,66.332496,-3040,-360,-2100,1520
2.4972,45.0,451.486410,56340,91160,4400,0.146920,66.332496,-3400,360,-1880,2460
2.4972,45.0,452.774750,56662,91681,5305,0.160865,72.835431,80,2010,1290,1960
2.4972,45.0,452.774750,56662,91681,5305,0.160865,72.835431,2090,-2010,50,-3300
2.4972,45.0,452.774750,56662,91681,5305,0.160865,72.835431,-3300,1210,-1290,3250
2.4972,45.0,452.774750,56662,91681,5305,0.160865,72.835431,3300,-50,2010,-2090
2.4972,45.0,452.774750,56662,91681,5305,0.160865,72.835431,1960,-2040,-50,-3250
2.4972,45.0,452.774750,56662,91681,5305,0.160865,72.835431,3250,50,2040,-1960
2.4972,45.0,452.774750,56662,91681,5305,0.160865,72.835431,-1960,-1290,-2010,-80
2.4972,45.0,452.774750,56662,91681,5305,0.160865,72.835431,-80,2040,1210,2090
2.4972,45.0,452.774750,56662,91681,5305,0.160865,72.835431,-2090,-1210,-2040,80
2.4972,45.0,452.774750,56662,91681,5305,0.160865,72.835431,-3250,1290,-1210,3300
2.4972,45.0,452.774750,56662,91681,5305,0.160865,72.835431,2090,1210,2040,-80
2.4972,45.0,452.774750,56662,91681,5305,0.160865,72.835431,3300,-1210,1290,-3250
2.4972,45.0,452.774750,56662,91681,5305,0.160865,72.835431,-2090,2010,-50,3300
2.4972,45.0,452.774750,56662,91681,5305,0.160865,72.835431,-80,-2010,-1290,-1960
2.4972,45.0,452.774750,56662,91681,5305,0.160865,72.835431,-1960,2040,50,3250
2.4972,45.0,452.774750,56662,91681,5305,0.160865,72.835431,80,-2040,-1210,-2090
2.4972,45.0,452.774750,56662,91681,5305,0.160865,72.835431,1960,1290,2010,80
2.4972,45.0,452.774750,56662,91681,5305,0.160865,72.835431,3250,-1290,1210,-3300
2.4972,45.0,452.774750,56662,91681,5305,0.160865,72.835431,-3250,-50,-2040,1960
2.4972,45.0,452.774750,56662,91681,5305,0.160865,72.835431,-3300,50,-2010,2090
2.4972,45.0,453.265885,56785,91880,7625,0.192649,87.321246,2170,1160,2060,-180
2.4972,45.0,453.265885,56785,91880,7625,0.192649,87.321246,3330,-1160,1340,-3220
2.4972,45.0,453.265885,56785,91880,7625,0.192649,87.321246,-2170,1990,-110,3330
2.4972,45.0,453.265885,56785,91880,7625,0.192649,87.321246,-180,-1990,-1340,-1880
2.4972,45.0,453.265885,56785,91880,7625,0.192649,87.321246,-1880,2060,110,3220
2.4972,45.0,453.265885,56785,91880,7625,0.192649,87.321246,180,-2060,-1160,-2170
2.4972,45.0,453.265885,56785,91880,7625,0.192649,87.321246,1880,1340,1990,180
2.4972,45.0,453.265885,56785,91880,7625,0.192649,87.321246,3220,-1340,1160,-3330
2.4972,45.0,453.265885,56785,91880,7625,0.192649,87.321246,-3220,-110,-2060,1880
2.4972,45.0,453.265885,56785,91880,7625,0.192649,87.321246,-3330,110,-1990,2170
2.4972,45.0,454.851599,57183,92524,4805,0.152397,69.318107,2800,660,2140,-1070
2.4972,45.0,454.851599,57183,92524,4805,0.152397,69.318107,3460,-660,1730,-2800
2.4972,45.0,454.851599,57183,92524,4805,0.152397,69.318107,-2800,1730,-660,3460
2.4972,45.0,454.851599,57183,92524,4805,0.152397,69.318107,-1070,-1730,-1730,-1070
2.4972,45.0,454.851599,57183,92524,4805,0.152397,69.318107,-1070,2140,660,2800
2.4972,45.0,454.851599,57183,92524,4805,0.152397,69.318107,1070,-2140,-660,-2800
2.4972,45.0,454.851599,57183,92524,4805,0.152397,69.318107,1070,1730,1730,1070
2.4972,45.0,454.851599,57183,92524,4805,0.152397,69.318107,2800,-1730,660,-3460
2.4972,45.0,454.851599,57183,92524,4805,0.152397,69.318107,-2800,-660,-2140,1070
2.4972,45.0,454.851599,57183,92524,4805,0.152397,69.318107,-3460,660,-1730,2800
2.4972,45.0,454.851599,57183,92524,4805,0.152397,69.318107,340,1960,1420,1750
2.4972,45.0,454.851599,57183,92524,4805,0.152397,69.318107,2300,-1960,210,-3380
2.4972,45.0,454.851599,57183,92524,4805,0.152397,69.318107,-3380,1080,-1420,3170
2.4972,45.0,454.851599,57183,92524,4805,0.152397,69.318107,3380,-210,1960,-2300
2.4972,45.0,454.851599,57183,92524,4805,0.152397,69.318107,1750,-2090,-210,-3170
2.4972,45.0,454.851599,57183,92524,4805,0.152397,69.318107,3170,210,2090,-1750
2.4972,45.0,454.851599,57183,92524,4805,0.152397,69.318107,-1750,-1420,-1960,-340
2.4972,45.0,454.851599,57183,92524,4805,0.152397,69.318107,-340,2090,1080,2300
2.4972,45.0,454.851599,57183,92524,4805,0.152397,69.318107,-2300,-1080,-2090,340
2.4972,45.0,454.851599,57183,92524,4805,0.152397,69.318107,-3170,1420,-1080,3380
2.4972,45.0,454.851599,57183,92524,4805,0.152397,69.318107,2300,1080,2090,-340
2.4972,45.0,454.851599,57183,92524,4805,0.152397,69.318107,3380,-1080,1420,-3170
2.4972,45.0,454.851599,57183,92524,4805,0.152397,69.318107,-2300,1960,-210,3380
2.4972,45.0,454.851599,57183,92524,4805,0.152397,69.318107,-340,-1960,-1420,-1750
2.4972,45.0,454.851599,57183,92524,4805,0.152397,69.318107,-1750,2090,210,3170
2.4972,45.0,454.851599,57183,92524,4805,0.152397,69.318107,340,-2090,-1080,-2300
2.4972,45.0,454.851599,57183,92524,4805,0.152397,69.318107,1750,1420,1960,340
2.4972,45.0,454.851599,57183,92524,4805,0.152397,69.318107,3170,-1420,1080,-3380
2.4972,45.0,454.851599,57183,92524,4805,0.152397,69.318107,-3170,-210,-2090,1750
2.4972,45.0,454.851599,57183,92524,4805,0.152397,69.318107,-3380,210,-1960,2300
2.4972,45.0,457.405693,57827,93566,6655,0.178350,81.578183,2780,700,2150,-1020
2.4972,45.0,457.405693,57827,93566,6655,0.178350,81.578183,3480,-700,1720,-2850
2.4972,45.0,457.405693,57827,93566,6655,0.178350,81.578183,-2780,1760,-630,3480
2.4972,45.0,457.405693,57827,93566,6655,0.178350,81.578183,-1020,-1760,-1720,-1130
2.4972,45.0,457.405693,57827,93566,6655,0.178350,81.578183,-1130,2150,630,2850
2.4972,45.0,457.405693,57827,93566,6655,0.178350,81.578183,1020,-2150,-700,-2780
2.4972,45.0,457.405693,57827,93566,6655,0.178350,81.578183,1130,1720,1760,1020
2.4972,45.0,457.405693,57827,93566,6655,0.178350,81.578183,2850,-1720,700,-3480
2.4972,45.0,457.405693,57827,93566,6655,0.178350,81.578183,-2850,-630,-2150,1130
2.4972,45.0,457.405693,57827,93566,6655,0.178350,81.578183,-3480,630,-1760,2780
2.4972,45.0,457.405693,57827,93566,6655,0.178350,81.578183,2430,1000,2120,-500
2.4972,45.0,457.405693,57827,93566,6655,0.178350,81.578183,3430,-1000,1500,-3120
2.4972,45.0,457.405693,57827,93566,6655,0.178350,81.578183,-2430,1930,-310,3430
2.4972,45.0,457.405693,57827,93566,6655,0.178350,81.578183,-500,-1930,-1500,-1620
2.4972,45.0,457.405693,57827,93566,6655,0.178350,81.578183,-1620,2120,310,3120
2.4972,45.0,457.405693,57827,93566,6655,0.178350,81.578183,500,-2120,-1000,-2430
2.4972,45.0,457.405693,57827,93566,6655,0.178350,81.578183,1620,1500,1930,500
2.4972,45.0,457.405693,57827,93566,6655,0.178350,81.578183,3120,-1500,1000,-3430
2.4972,45.0,457.405693,57827,93566,6655,0.178350,81.578183,-3120,-310,-2120,1620
2.4972,45.0,457.405693,57827,93566,6655,0.178350,81.578183,-3430,310,-1930,2430
2.4972,45.0,457.706223,57903,93689,2855,0.116739,53.432200,130,2020,1330,1940
2.4972,45.0,457.706223,57903,93689,2855,0.116739,53.432200,2150,-2020,80,-3350
2.4972,45.0,457.706223,57903,93689,2855,0.116739,53.432200,-3350,1200,-1330,3270
2.4972,45.0,457.706223,57903,93689,2855,0.116739,53.432200,3350,-80,2020,-2150
2.4972,45.0,457.706223,57903,93689,2855,0.116739,53.432200,1940,-2070,-80,-3270
2.4972,45.0,457.706223,57903,93689,2855,0.116739,53.432200,3270,80,2070,-1940
2.4972,45.0,457.706223,57903,93689,2855,0.116739,53.432200,-1940,-1330,-2020,-130
2.4972,45.0,457.706223,57903,93689,2855,0.116739,53.432200,-130,2070,1200,2150
2.4972,45.0,457.706223,57903,93689,2855,0.116739,53.432200,-2150,-1200,-2070,130
2.4972,45.0,457.706223,57903,93689,2855,0.116739,53.432200,-3270,1330,-1200,3350
2.4972,45.0,457.706223,57903,93689,2855,0.116739,53.432200,2150,1200,2070,-130
2.4972,45.0,457.706223,57903,93689,2855,0.116739,53.432200,3350,-1200,1330,-3270
2.4972,45.0,457.706223,57903,93689,2855,0.116739,53.432200,-2150,2020,-80,3350
2.4972,45.0,457.706223,57903,93689,2855,0.116739,53.432200,-130,-2020,-1330,-1940
2.4972,45.0,457.706223,57903,93689,2855,0.116739,53.432200,-1940,2070,80,3270
2.4972,45.0,457.706223,57903,93689,2855,0.116739,53.432200,130,-2070,-1200,-2150
2.4972,45.0,457.706223,57903,93689,2855,0.116739,53.432200,1940,1330,2020,130
2.4972,45.0,457.706223,57903,93689,2855,0.116739,53.432200,3270,-1330,1200,-3350
2.4972,45.0,457.706223,57903,93689,2855,0.116739,53.432200,-3270,-80,-2070,1940
2.4972,45.0,457.706223,57903,93689,2855,0.116739,53.432200,-3350,80,-2020,2150
2.4972,45.0,458.977104,58225,94210,3775,0.133865,61.441029,290,1990,1410,1810
2.4972,45.0,458.977104,58225,94210,3775,0.133865,61.441029,2280,-1990,180,-3400
2.4972,45.0,458.977104,58225,94210,3775,0.133865,61.441029,-3400,1120,-1410,3220
2.4972,45.0,458.977104,58225,94210,3775,0.133865,61.441029,3400,-180,1990,-2280
2.4972,45.0,458.977104,58225,94210,3775,0.133865,61.441029,1810,-2100,-180,-3220
2.4972,45.0,458.977104,58225,94210,3775,0.133865,61.441029,3220,180,2100,-1810
2.4972,45.0,458.977104,58225,94210,3775,0.133865,61.441029,-1810,-1410,-1990,-290
2.4972,45.0,458.977104,58225,94210,3775,0.133865,61.441029,-290,2100,1120,2280
2.4972,45.0,458.977104,58225,94210,3775,0.133865,61.441029,-2280,-1120,-2100,290
2.4972,45.0,458.977104,58225,94210,3775,0.133865,61.441029,-3220,1410,-1120,3400
2.4972,45.0,458.977104,58225,94210,3775,0.133865,61.441029,2280,1120,2100,-290
2.4972,45.0,458.977104,58225,94210,3775,0.133865,61.441029,3400,-1120,1410,-3220
2.4972,45.0,458.977104,58225,94210,3775,0.133865,61.441029,-2280,1990,-180,3400
2.4972,45.0,458.977104,58225,94210,3775,0.133865,61.441029,-290,-1990,-1410,-1810
2.4972,45.0,458.977104,58225,94210,3775,0.133865,61.441029,-1810,2100,180,3220
2.4972,45.0,458.977104,58225,94210,3775,0.133865,61.441029,290,-2100,-1120,-2280
2.4972,45.0,458.977104,58225,94210,3775,0.133865,61.441029,1810,1410,1990,290
2.4972,45.0,458.977104,58225,94210,3775,0.133865,61.441029,3220,-1410,1120,-3400
2.4972,45.0,458.977104,58225,94210,3775,0.133865,61.441029,-3220,-180,-2100,1810
2.4972,45.0,458.977104,58225,94210,3775,0.133865,61.441029,-3400,180,-1990,2280
2.4972,45.0,459.461610,58348,94409,6155,0.170752,78.453808,2510,950,2140,-600
2.4972,45.0,459.461610,58348,94409,6155,0.170752,78.453808,3460,-950,1550,-3090
2.4972,45.0,459.461610,58348,94409,6155,0.170752,78.453808,-2510,1910,-370,3460
2.4972,45.0,459.461610,58348,94409,6155,0.170752,78.453808,-600,-1910,-1550,-1540
2.4972,45.0,459.461610,58348,94409,6155,0.170752,78.453808,-1540,2140,370,3090
2.4972,45.0,459.461610,58348,94409,6155,0.170752,78.453808,600,-2140,-950,-2510
2.4972,45.0,459.461610,58348,94409,6155,0.170752,78.453808,1540,1550,1910,600
2.4972,45.0,459.461610,58348,94409,6155,0.170752,78.453808,3090,-1550,950,-3460
2.4972,45.0,459.461610,58348,94409,6155,0.170752,78.453808,-3090,-370,-2140,1540
2.4972,45.0,459.461610,58348,94409,6155,0.170752,78.453808,-3460,370,-1910,2510
2.4972,45.0,460.244476,58547,94731,4705,0.149036,68.593003,390,1970,1460,1730
2.4972,45.0,460.244476,58547,94731,4705,0.149036,68.593003,2360,-1970,240,-3430
2.4972,45.0,460.244476,58547,94731,4705,0.149036,68.593003,-3430,1070,-1460,3190
2.4972,45.0,460.244476,58547,94731,4705,0.149036,68.593003,3430,-240,1970,-2360
2.4972,45.0,460.244476,58547,94731,4705,0.149036,68.593003,1730,-2120,-240,-3190
2.4972,45.0,460.244476,58547,94731,4705,0.149036,68.593003,3190,240,2120,-1730
2.4972,45.0,460.244476,58547,94731,4705,0.149036,68.593003,-1730,-1460,-1970,-390
2.4972,45.0,460.244476,58547,94731,4705,0.149036,68.593003,-390,2120,1070,2360
2.4972,45.0,460.244476,58547,94731,4705,0.149036,68.593003,-2360,-1070,-2120,390
2.4972,45.0,460.244476,58547,94731,4705,0.149036,68.593003,-3190,1460,-1070,3430
2.4972,45.0,460.244476,58547,94731,4705,0.149036,68.593003,2360,1070,2120,-390
2.4972,45.0,460.244476,58547,94731,4705,0.149036,68.593003,3430,-1070,1460,-3190
2.4972,45.0,460.244476,58547,94731,4705,0.149036,68.593003,-2360,1970,-240,3430
2.4972,45.0,460.244476,58547,94731,4705,0.149036,68.593003,-390,-1970,-1460,-1730
2.4972,45.0,460.244476,58547,94731,4705,0.149036,68.593003,-1730,2120,240,3190
2.4972,45.0,460.244476,58547,94731,4705,0.149036,68.593003,390,-2120,-1070,-2360
2.4972,45.0,460.244476,58547,94731,4705,0.149036,68.593003,1730,1460,1970,390
2.4972,45.0,460.244476,58547,94731,4705,0.149036,68.593003,3190,-1460,1070,-3430
2.4972,45.0,460.244476,58547,94731,4705,0.149036,68.593003,-3190,-240,-2120,1730
2.4972,45.0,460.244476,58547,94731,4705,0.149036,68.593003,-3430,240,-1970,2360
2.4972,45.0,463.065856,59267,95896,2705,0.112316,52.009614,2490,990,2150,-550
2.4972,45.0,463.065856,59267,95896,2705,0.112316,52.009614,3480,-990,1540,-3140
2.4972,45.0,463.065856,59267,95896,2705,0.112316,52.009614,-2490,1940,-340,3480
2.4972,45.0,463.065856,59267,95896,2705,0.112316,52.009614,-550,-1940,-1540,-1600
2.4972,45.0,463.065856,59267,95896,2705,0.112316,52.009614,-1600,2150,340,3140
2.4972,45.0,463.065856,59267,95896,2705,0.112316,52.009614,550,-2150,-990,-2490
2.4972,45.0,463.065856,59267,95896,2705,0.112316,52.009614,1600,1540,1940,550
2.4972,45.0,463.065856,59267,95896,2705,0.112316,52.009614,3140,-1540,990,-3480
2.4972,45.0,463.065856,59267,95896,2705,0.112316,52.009614,-3140,-340,-2150,1600
2.4972,45.0,463.065856,59267,95896,2705,0.112316,52.009614,-3480,340,-1940,2490
2.4972,45.0,463.546088,59390,96095,5125,0.154438,71.589105,3040,470,2170,-1410
2.4972,45.0,463.546088,59390,96095,5125,0.154438,71.589105,3510,-470,1880,-2640
2.4972,45.0,463.546088,59390,96095,5125,0.154438,71.589105,-3040,1630,-870,3510
2.4972,45.0,463.546088,59390,96095,5125,0.154438,71.589105,-1410,-1630,-1880,-760
2.4972,45.0,463.546088,59390,96095,5125,0.154438,71.589105,-760,2170,870,2640
2.4972,45.0,463.546088,59390,96095,5125,0.154438,71.589105,1410,-2170,-470,-3040
2.4972,45.0,463.546088,59390,96095,5125,0.154438,71.589105,760,1880,1630,1410
2.4972,45.0,463.546088,59390,96095,5125,0.154438,71.589105,2640,-1880,470,-3510
2.4972,45.0,463.546088,59390,96095,5125,0.154438,71.589105,-2640,-870,-2170,760
2.4972,45.0,463.546088,59390,96095,5125,0.154438,71.589105,-3510,870,-1630,3040
2.4972,45.0,463.546088,59390,96095,5125,0.154438,71.589105,2640,870,2170,-760
2.4972,45.0,463.546088,59390,96095,5125,0.154438,71.589105,3510,-870,1630,-3040
2.4972,45.0,463.546088,59390,96095,5125,0.154438,71.589105,-2640,1880,-470,3510
2.4972,45.0,463.546088,59390,96095,5125,0.154438,71.589105,-760,-1880,-1630,-1410
2.4972,45.0,463.546088,59390,96095,5125,0.154438,71.589105,-1410,2170,470,3040
2.4972,45.0,463.546088,59390,96095,5125,0.154438,71.589105,760,-2170,-870,-2640
2.4972,45.0,463.546088,59390,96095,5125,0.154438,71.589105,1410,1630,1880,760
2.4972,45.0,463.546088,59390,96095,5125,0.154438,71.589105,3040,-1630,870,-3510
2.4972,45.0,463.546088,59390,96095,5125,0.154438,71.589105,-3040,-470,-2170,1410
2.4972,45.0,463.546088,59390,96095,5125,0.154438,71.589105,-3510,470,-1880,2640
2.4972,45.0,466.824351,60233,97459,5555,0.159657,74.531872,3090,440,2180,-1470
2.4972,45.0,466.824351,60233,97459,5555,0.159657,74.531872,3530,-440,1910,-2620
2.4972,45.0,466.824351,60233,97459,5555,0.159657,74.531872,-3090,1620,-910,3530
2.4972,45.0,466.824351,60233,97459,5555,0.159657,74.531872,-1470,-1620,-1910,-710
2.4972,45.0,466.824351,60233,97459,5555,0.159657,74.531872,-710,2180,910,2620
2.4972,45.0,466.824351,60233,97459,5555,0.159657,74.531872,1470,-2180,-440,-3090
2.4972,45.0,466.824351,60233,97459,5555,0.159657,74.531872,710,1910,1620,1470
2.4972,45.0,466.824351,60233,97459,5555,0.159657,74.531872,2620,-1910,440,-3530
2.4972,45.0,466.824351,60233,97459,5555,0.159657,74.531872,-2620,-910,-2180,710
2.4972,45.0,466.824351,60233,97459,5555,0.159657,74.531872,-3530,910,-1620,3090
2.4972,45.0,466.824351,60233,97459,5555,0.159657,74.531872,2620,910,2180,-710
2.4972,45.0,466.824351,60233,97459,5555,0.159657,74.531872,3530,-910,1620,-3090
2.4972,45.0,466.824351,60233,97459,5555,0.159657,74.531872,-2620,1910,-440,3530
2.4972,45.0,466.824351,60233,97459,5555,0.159657,74.531872,-710,-1910,-1620,-1470
2.4972,45.0,466.824351,60233,97459,5555,0.159657,74.531872,-1470,2180,440,3090
2.4972,45.0,466.824351,60233,97459,5555,0.159657,74.531872,710,-2180,-910,-2620
2.4972,45.0,466.824351,60233,97459,5555,0.159657,74.531872,1470,1620,1910,710
2.4972,45.0,466.824351,60233,97459,5555,0.159657,74.531872,3090,-1620,910,-3530
2.4972,45.0,466.824351,60233,97459,5555,0.159657,74.531872,-3090,-440,-2180,1470
2.4972,45.0,466.824351,60233,97459,5555,0.159657,74.531872,-3530,440,-1910,2620
2.4972,45.0,466.824351,60233,97459,5555,0.159657,74.531872,310,2020,1440,1830
2.4972,45.0,466.824351,60233,97459,5555,0.159657,74.531872,2330,-2020,190,-3460
2.4972,45.0,466.824351,60233,97459,5555,0.159657,74.531872,-3460,1130,-1440,3270
2.4972,45.0,466.824351,60233,97459,5555,0.159657,74.531872,3460,-190,2020,-2330
2.4972,45.0,466.824351,60233,97459,5555,0.159657,74.531872,1830,-2140,-190,-3270
2.4972,45.0,466.824351,60233,97459,5555,0.159657,74.531872,3270,190,2140,-1830
2.4972,45.0,466.824351,60233,97459,5555,0.159657,74.531872,-1830,-1440,-2020,-310
2.4972,45.0,466.824351,60233,97459,5555,0.159657,74.531872,-310,2140,1130,2330
2.4972,45.0,466.824351,60233,97459,5555,0.159657,74.531872,-2330,-1130,-2140,310
2.4972,45.0,466.824351,60233,97459,5555,0.159657,74.531872,-3270,1440,-1130,3460
2.4972,45.0,466.824351,60233,97459,5555,0.159657,74.531872,2330,1130,2140,-310
2.4972,45.0,466.824351,60233,97459,5555,0.159657,74.531872,3460,-1130,1440,-3270
2.4972,45.0,466.824351,60233,97459,5555,0.159657,74.531872,-2330,2020,-190,3460
2.4972,45.0,466.824351,60233,97459,5555,0.159657,74.531872,-310,-2020,-1440,-1830
2.4972,45.0,466.824351,60233,97459,5555,0.159657,74.531872,-1830,2140,190,3270
2.4972,45.0,466.824351,60233,97459,5555,0.159657,74.531872,310,-2140,-1130,-2330
2.4972,45.0,466.824351,60233,97459,5555,0.159657,74.531872,1830,1440,2020,310
2.4972,45.0,466.824351,60233,97459,5555,0.159657,74.531872,3270,-1440,1130,-3460
2.4972,45.0,466.824351,60233,97459,5555,0.159657,74.531872,-3270,-190,-2140,1830
2.4972,45.0,466.824351,60233,97459,5555,0.159657,74.531872,-3460,190,-2020,2330
2.4972,45.0,467.594890,60432,97781,4055,0.136184,63.678882,370,2010,1470,1780
2.4972,45.0,467.594890,60432,97781,4055,0.136184,63.678882,2380,-2010,230,-3480
2.4972,45.0,467.594890,60432,97781,4055,0.136184,63.678882,-3480,1100,-1470,3250
2.4972,45.0,467.594890,60432,97781,4055,0.136184,63.678882,3480,-230,2010,-2380
2.4972,45.0,467.594890,60432,97781,4055,0.136184,63.678882,1780,-2150,-230,-3250
2.4972,45.0,467.594890,60432,97781,4055,0.136184,63.678882,3250,230,2150,-1780
2.4972,45.0,467.594890,60432,97781,4055,0.136184,63.678882,-1780,-1470,-2010,-370
2.4972,45.0,467.594890,60432,97781,4055,0.136184,63.678882,-370,2150,1100,2380
2.4972,45.0,467.594890,60432,97781,4055,0.136184,63.678882,-2380,-1100,-2150,370
2.4972,45.0,467.594890,60432,97781,4055,0.136184,63.678882,-3250,1470,-1100,3480
2.4972,45.0,467.594890,60432,97781,4055,0.136184,63.678882,2380,1100,2150,-370
2.4972,45.0,467.594890,60432,97781,4055,0.136184,63.678882,3480,-1100,1470,-3250
2.4972,45.0,467.594890,60432,97781,4055,0.136184,63.678882,-2380,2010,-230,3480
2.4972,45.0,467.594890,60432,97781,4055,0.136184,63.678882,-370,-2010,-1470,-1780
2.4972,45.0,467.594890,60432,97781,4055,0.136184,63.678882,-1780,2150,230,3250
2.4972,45.0,467.594890,60432,97781,4055,0.136184,63.678882,370,-2150,-1100,-2380
2.4972,45.0,467.594890,60432,97781,4055,0.136184,63.678882,1780,1470,2010,370
2.4972,45.0,467.594890,60432,97781,4055,0.136184,63.678882,3250,-1470,1100,-3480
2.4972,45.0,467.594890,60432,97781,4055,0.136184,63.678882,-3250,-230,-2150,1780
2.4972,45.0,467.594890,60432,97781,4055,0.136184,63.678882,-3480,230,-2010,2380
2.4972,45.0,469.606201,60953,98624,3505,0.126070,59.203040,2700,860,2200,-810
2.4972,45.0,469.606201,60953,98624,3505,0.126070,59.203040,3060,500,2200,-1390
2.4972,45.0,469.606201,60953,98624,3505,0.126070,59.203040,3560,-860,1670,-3060
2.4972,45.0,469.606201,60953,98624,3505,0.126070,59.203040,3560,-500,1890,-2700
2.4972,45.0,469.606201,60953,98624,3505,0.126070,59.203040,-2700,1890,-500,3560
2.4972,45.0,469.606201,60953,98624,3505,0.126070,59.203040,-3060,1670,-860,3560
2.4972,45.0,469.606201,60953,98624,3505,0.126070,59.203040,-1390,-1670,-1890,-810
2.4972,45.0,469.606201,60953,98624,3505,0.126070,59.203040,-810,-1890,-1670,-1390
2.4972,45.0,469.606201,60953,98624,3505,0.126070,59.203040,-1390,2200,500,3060
2.4972,45.0,469.606201,60953,98624,3505,0.126070,59.203040,-810,2200,860,2700
2.4972,45.0,469.606201,60953,98624,3505,0.126070,59.203040,810,-2200,-860,-2700
2.4972,45.0,469.606201,60953,98624,3505,0.126070,59.203040,1390,-2200,-500,-3060
2.4972,45.0,469.606201,60953,98624,3505,0.126070,59.203040,810,1890,1670,1390
2.4972,45.0,469.606201,60953,98624,3505,0.126070,59.203040,1390,1670,1890,810
2.4972,45.0,469.606201,60953,98624,3505,0.126070,59.203040,3060,-1670,860,-3560
2.4972,45.0,469.606201,60953,98624,3505,0.126070,59.203040,2700,-1890,500,-3560
2.4972,45.0,469.606201,60953,98624,3505,0.126070,59.203040,-3060,-500,-2200,1390
2.4972,45.0,469.606201,60953,98624,3505,0.126070,59.203040,-2700,-860,-2200,810
2.4972,45.0,469.606201,60953,98624,3505,0.126070,59.203040,-3560,500,-1890,2700
2.4972,45.0,469.606201,60953,98624,3505,0.126070,59.203040,-3560,860,-1670,3060
2.4972,45.0,472.080476,61597,99666,5455,0.156452,73.857972,2960,630,2220,-1200
2.4972,45.0,472.080476,61597,99666,5455,0.156452,73.857972,2850,740,2220,-1020
2.4972,45.0,472.080476,61597,99666,5455,0.156452,73.857972,3590,-740,1760,-2960
2.4972,45.0,472.080476,61597,99666,5455,0.156452,73.857972,3590,-630,1830,-2850
2.4972,45.0,472.080476,61597,99666,5455,0.156452,73.857972,-2850,1830,-630,3590
2.4972,45.0,472.080476,61597,99666,5455,0.156452,73.857972,-2960,1760,-740,3590
2.4972,45.0,472.080476,61597,99666,5455,0.156452,73.857972,-1020,-1830,-1760,-1200
2.4972,45.0,472.080476,61597,99666,5455,0.156452,73.857972,-1200,-1760,-1830,-1020
2.4972,45.0,472.080476,61597,99666,5455,0.156452,73.857972,-1020,2220,740,2850
2.4972,45.0,472.080476,61597,99666,5455,0.156452,73.857972,-1200,2220,630,2960
2.4972,45.0,472.080476,61597,99666,5455,0.156452,73.857972,1020,-2220,-740,-2850
2.4972,45.0,472.080476,61597,99666,5455,0.156452,73.857972,1200,-2220,-630,-2960
2.4972,45.0,472.080476,61597,99666,5455,0.156452,73.857972,1020,1830,1760,1200
2.4972,45.0,472.080476,61597,99666,5455,0.156452,73.857972,1200,1760,1830,1020
2.4972,45.0,472.080476,61597,99666,5455,0.156452,73.857972,2850,-1830,630,-3590
2.4972,45.0,472.080476,61597,99666,5455,0.156452,73.857972,2960,-1760,740,-3590
2.4972,45.0,472.080476,61597,99666,5455,0.156452,73.857972,-2850,-740,-2220,1020
2.4972,45.0,472.080476,61597,99666,5455,0.156452,73.857972,-2960,-630,-2220,1200
2.4972,45.0,472.080476,61597,99666,5455,0.156452,73.857972,-3590,740,-1760,2960
2.4972,45.0,472.080476,61597,99666,5455,0.156452,73.857972,-3590,630,-1830,2850
2.4972,45.0,474.831533,62317,100831,3355,0.121985,57.922362,2830,780,2230,-970
2.4972,45.0,474.831533,62317,100831,3355,0.121985,57.922362,3010,600,2230,-1260
2.4972,45.0,474.831533,62317,100831,3355,0.121985,57.922362,3610,-780,1750,-3010
2.4972,45.0,474.831533,62317,100831,3355,0.121985,57.922362,3610,-600,1860,-2830
2.4972,45.0,474.831533,62317,100831,3355,0.121985,57.922362,-2830,1860,-600,3610
2.4972,45.0,474.831533,62317,100831,3355,0.121985,57.922362,-3010,1750,-780,3610
2.4972,45.0,474.831533,62317,100831,3355,0.121985,57.922362,-1260,-1750,-1860,-970
2.4972,45.0,474.831533,62317,100831,3355,0.121985,57.922362,-970,-1860,-1750,-1260
2.4972,45.0,474.831533,62317,100831,3355,0.121985,57.922362,-970,2230,780,2830
2.4972,45.0,474.831533,62317,100831,3355,0.121985,57.922362,-1260,2230,600,3010
2.4972,45.0,474.831533,62317,100831,3355,0.121985,57.922362,970,-2230,-780,-2830
2.4972,45.0,474.831533,62317,100831,3355,0.121985,57.922362,1260,-2230,-600,-3010
2.4972,45.0,474.831533,62317,100831,3355,0.121985,57.922362,970,1860,1750,1260
2.4972,45.0,474.831533,62317,100831,3355,0.121985,57.922362,1260,1750,1860,970
2.4972,45.0,474.831533,62317,100831,3355,0.121985,57.922362,3010,-1750,780,-3610
2.4972,45.0,474.831533,62317,100831,3355,0.121985,57.922362,2830,-1860,600,-3610
2.4972,45.0,474.831533,62317,100831,3355,0.121985,57.922362,-3010,-600,-2230,1260
2.4972,45.0,474.831533,62317,100831,3355,0.121985,57.922362,-2830,-780,-2230,970
2.4972,45.0,474.831533,62317,100831,3355,0.121985,57.922362,-3610,780,-1750,3010
2.4972,45.0,474.831533,62317,100831,3355,0.121985,57.922362,-3610,600,-1860,2830
2.4972,45.0,474.831533,62317,100831,3355,0.121985,57.922362,3140,450,2220,-1490
2.4972,45.0,474.831533,62317,100831,3355,0.121985,57.922362,3590,-450,1940,-2670
2.4972,45.0,474.831533,62317,100831,3355,0.121985,57.922362,-3140,1650,-920,3590
2.4972,45.0,474.831533,62317,100831,3355,0.121985,57.922362,-1490,-1650,-1940,-730
2.4972,45.0,474.831533,62317,100831,3355,0.121985,57.922362,-730,2220,920,2670
2.4972,45.0,474.831533,62317,100831,3355,0.121985,57.922362,1490,-2220,-450,-3140
2.4972,45.0,474.831533,62317,100831,3355,0.121985,57.922362,730,1940,1650,1490
2.4972,45.0,474.831533,62317,100831,3355,0.121985,57.922362,2670,-1940,450,-3590
2.4972,45.0,474.831533,62317,100831,3355,0.121985,57.922362,-2670,-920,-2220,730
2.4972,45.0,474.831533,62317,100831,3355,0.121985,57.922362,-3590,920,-1650,3140
2.4972,45.0,474.831533,62317,100831,3355,0.121985,57.922362,2670,920,2220,-730
2.4972,45.0,474.831533,62317,100831,3355,0.121985,57.922362,3590,-920,1650,-3140
2.4972,45.0,474.831533,62317,100831,3355,0.121985,57.922362,-2670,1940,-450,3590
2.4972,45.0,474.831533,62317,100831,3355,0.121985,57.922362,-730,-1940,-1650,-1490
2.4972,45.0,474.831533,62317,100831,3355,0.121985,57.922362,-1490,2220,450,3140
2.4972,45.0,474.831533,62317,100831,3355,0.121985,57.922362,730,-2220,-920,-2670
2.4972,45.0,474.831533,62317,100831,3355,0.121985,57.922362,1490,1650,1940,730
2.4972,45.0,474.831533,62317,100831,3355,0.121985,57.922362,3140,-1650,920,-3590
2.4972,45.0,474.831533,62317,100831,3355,0.121985,57.922362,-3140,-450,-2220,1490
2.4972,45.0,474.831533,62317,100831,3355,0.121985,57.922362,-3590,450,-1940,2670
2.4972,45.0,476.523839,62762,101551,6905,0.174380,83.096330,3120,490,2230,-1440
2.4972,45.0,476.523839,62762,101551,6905,0.174380,83.096330,3610,-490,1930,-2720
2.4972,45.0,476.523839,62762,101551,6905,0.174380,83.096330,-3120,1680,-890,3610
2.4972,45.0,476.523839,62762,101551,6905,0.174380,83.096330,-1440,-1680,-1930,-790
2.4972,45.0,476.523839,62762,101551,6905,0.174380,83.096330,-790,2230,890,2720
2.4972,45.0,476.523839,62762,101551,6905,0.174380,83.096330,1440,-2230,-490,-3120
2.4972,45.0,476.523839,62762,101551,6905,0.174380,83.096330,790,1930,1680,1440
2.4972,45.0,476.523839,62762,101551,6905,0.174380,83.096330,2720,-1930,490,-3610
2.4972,45.0,476.523839,62762,101551,6905,0.174380,83.096330,-2720,-890,-2230,790
2.4972,45.0,476.523839,62762,101551,6905,0.174380,83.096330,-3610,890,-1680,3120
2.4972,45.0,478.032408,63160,102195,3775,0.128529,61.441029,180,2100,1410,1990
2.4972,45.0,478.032408,63160,102195,3775,0.128529,61.441029,2280,-2100,110,-3510
2.4972,45.0,478.032408,63160,102195,3775,0.128529,61.441029,-3510,1230,-1410,3400
2.4972,45.0,478.032408,63160,102195,3775,0.128529,61.441029,3510,-110,2100,-2280
2.4972,45.0,478.032408,63160,102195,3775,0.128529,61.441029,1990,-2170,-110,-3400
2.4972,45.0,478.032408,63160,102195,3775,0.128529,61.441029,3400,110,2170,-1990
2.4972,45.0,478.032408,63160,102195,3775,0.128529,61.441029,-1990,-1410,-2100,-180
2.4972,45.0,478.032408,63160,102195,3775,0.128529,61.441029,-180,2170,1230,2280
2.4972,45.0,478.032408,63160,102195,3775,0.128529,61.441029,-2280,-1230,-2170,180
2.4972,45.0,478.032408,63160,102195,3775,0.128529,61.441029,-3400,1410,-1230,3510
2.4972,45.0,478.032408,63160,102195,3775,0.128529,61.441029,2280,1230,2170,-180
2.4972,45.0,478.032408,63160,102195,3775,0.128529,61.441029,3510,-1230,1410,-3400
2.4972,45.0,478.032408,63160,102195,3775,0.128529,61.441029,-2280,2100,-110,3510
2.4972,45.0,478.032408,63160,102195,3775,0.128529,61.441029,-180,-2100,-1410,-1990
2.4972,45.0,478.032408,63160,102195,3775,0.128529,61.441029,-1990,2170,110,3400
2.4972,45.0,478.032408,63160,102195,3775,0.128529,61.441029,180,-2170,-1230,-2280
2.4972,45.0,478.032408,63160,102195,3775,0.128529,61.441029,1990,1410,2100,180
2.4972,45.0,478.032408,63160,102195,3775,0.128529,61.441029,3400,-1410,1230,-3510
2.4972,45.0,478.032408,63160,102195,3775,0.128529,61.441029,-3400,-110,-2170,1990
2.4972,45.0,478.032408,63160,102195,3775,0.128529,61.441029,-3510,110,-2100,2280
2.4972,45.0,478.497620,63283,102394,6355,0.166601,79.718254,2980,660,2250,-1180
2.4972,45.0,478.497620,63283,102394,6355,0.166601,79.718254,2910,730,2250,-1070
2.4972,45.0,478.497620,63283,102394,6355,0.166601,79.718254,3640,-730,1800,-2980
2.4972,45.0,478.497620,63283,102394,6355,0.166601,79.718254,3640,-660,1840,-2910
2.4972,45.0,478.497620,63283,102394,6355,0.166601,79.718254,-2910,1840,-660,3640
2.4972,45.0,478.497620,63283,102394,6355,0.166601,79.718254,-2980,1800,-730,3640
2.4972,45.0,478.497620,63283,102394,6355,0.166601,79.718254,-1070,-1840,-1800,-1180
2.4972,45.0,478.497620,63283,102394,6355,0.166601,79.718254,-1180,-1800,-1840,-1070
2.4972,45.0,478.497620,63283,102394,6355,0.166601,79.718254,-1070,2250,730,2910
2.4972,45.0,478.497620,63283,102394,6355,0.166601,79.718254,-1180,2250,660,2980
2.4972,45.0,478.497620,63283,102394,6355,0.166601,79.718254,1070,-2250,-730,-2910
2.4972,45.0,478.497620,63283,102394,6355,0.166601,79.718254,1180,-2250,-660,-2980
2.4972,45.0,478.497620,63283,102394,6355,0.166601,79.718254,1070,1840,1800,1180
2.4972,45.0,478.497620,63283,102394,6355,0.166601,79.718254,1180,1800,1840,1070
2.4972,45.0,478.497620,63283,102394,6355,0.166601,79.718254,2910,-1840,660,-3640
2.4972,45.0,478.497620,63283,102394,6355,0.166601,79.718254,2980,-1800,730,-3640
2.4972,45.0,478.497620,63283,102394,6355,0.166601,79.718254,-2910,-730,-2250,1070
2.4972,45.0,478.497620,63283,102394,6355,0.166601,79.718254,-2980,-660,-2250,1180
2.4972,45.0,478.497620,63283,102394,6355,0.166601,79.718254,-3640,730,-1800,2980
2.4972,45.0,478.497620,63283,102394,6355,0.166601,79.718254,-3640,660,-1840,2910
2.4972,45.0,478.497620,63283,102394,6355,0.166601,79.718254,2330,1200,2180,-240
2.4972,45.0,478.497620,63283,102394,6355,0.166601,79.718254,3530,-1200,1440,-3380
2.4972,45.0,478.497620,63283,102394,6355,0.166601,79.718254,-2330,2090,-150,3530
2.4972,45.0,478.497620,63283,102394,6355,0.166601,79.718254,-240,-2090,-1440,-1940
2.4972,45.0,478.497620,63283,102394,6355,0.166601,79.718254,-1940,2180,150,3380
2.4972,45.0,478.497620,63283,102394,6355,0.166601,79.718254,240,-2180,-1200,-2330
2.4972,45.0,478.497620,63283,102394,6355,0.166601,79.718254,1940,1440,2090,240
2.4972,45.0,478.497620,63283,102394,6355,0.166601,79.718254,3380,-1440,1200,-3530
2.4972,45.0,478.497620,63283,102394,6355,0.166601,79.718254,-3380,-150,-2180,1940
2.4972,45.0,478.497620,63283,102394,6355,0.166601,79.718254,-3530,150,-2090,2330
2.4972,45.0,480.926152,63927,103436,8405,0.190630,91.678787,2490,1100,2220,-440
2.4972,45.0,480.926152,63927,103436,8405,0.190630,91.678787,3590,-1100,1540,-3320
2.4972,45.0,480.926152,63927,103436,8405,0.190630,91.678787,-2490,2050,-270,3590
2.4972,45.0,480.926152,63927,103436,8405,0.190630,91.678787,-440,-2050,-1540,-1780
2.4972,45.0,480.926152,63927,103436,8405,0.190630,91.678787,-1780,2220,270,3320
2.4972,45.0,480.926152,63927,103436,8405,0.190630,91.678787,440,-2220,-1100,-2490
2.4972,45.0,480.926152,63927,103436,8405,0.190630,91.678787,1780,1540,2050,440
2.4972,45.0,480.926152,63927,103436,8405,0.190630,91.678787,3320,-1540,1100,-3590
2.4972,45.0,480.926152,63927,103436,8405,0.190630,91.678787,-3320,-270,-2220,1780
2.4972,45.0,480.926152,63927,103436,8405,0.190630,91.678787,-3590,270,-2050,2490
2.4972,45.0,481.959530,64202,103881,2605,0.105899,51.039201,2540,1070,2230,-500
2.4972,45.0,481.959530,64202,103881,2605,0.105899,51.039201,3610,-1070,1570,-3300
2.4972,45.0,481.959530,64202,103881,2605,0.105899,51.039201,-2540,2040,-310,3610
2.4972,45.0,481.959530,64202,103881,2605,0.105899,51.039201,-500,-2040,-1570,-1730
2.4972,45.0,481.959530,64202,103881,2605,0.105899,51.039201,-1730,2230,310,3300
2.4972,45.0,481.959530,64202,103881,2605,0.105899,51.039201,500,-2230,-1070,-2540
2.4972,45.0,481.959530,64202,103881,2605,0.105899,51.039201,1730,1570,2040,500
2.4972,45.0,481.959530,64202,103881,2605,0.105899,51.039201,3300,-1570,1070,-3610
2.4972,45.0,481.959530,64202,103881,2605,0.105899,51.039201,-3300,-310,-2230,1730
2.4972,45.0,481.959530,64202,103881,2605,0.105899,51.039201,-3610,310,-2040,2540
2.4972,45.0,482.881938,64448,104279,7855,0.183541,88.628438,3060,610,2270,-1280
2.4972,45.0,482.881938,64448,104279,7855,0.183541,88.628438,3670,-610,1890,-2880
2.4972,45.0,482.881938,64448,104279,7855,0.183541,88.628438,-3060,1780,-790,3670
2.4972,45.0,482.881938,64448,104279,7855,0.183541,88.628438,-1280,-1780,-1890,-990
2.4972,45.0,482.881938,64448,104279,7855,0.183541,88.628438,-990,2270,790,2880
2.4972,45.0,482.881938,64448,104279,7855,0.183541,88.628438,1280,-2270,-610,-3060
2.4972,45.0,482.881938,64448,104279,7855,0.183541,88.628438,990,1890,1780,1280
2.4972,45.0,482.881938,64448,104279,7855,0.183541,88.628438,2880,-1890,610,-3670
2.4972,45.0,482.881938,64448,104279,7855,0.183541,88.628438,-2880,-790,-2270,990
2.4972,45.0,482.881938,64448,104279,7855,0.183541,88.628438,-3670,790,-1780,3060
2.4972,45.0,485.113376,65045,105245,3025,0.113376,55.000000,3040,650,2280,-1230
2.4972,45.0,485.113376,65045,105245,3025,0.113376,55.000000,2930,760,2280,-1050
2.4972,45.0,485.113376,65045,105245,3025,0.113376,55.000000,3690,-760,1810,-3040
2.4972,45.0,485.113376,65045,105245,3025,0.113376,55.000000,3690,-650,1880,-2930
2.4972,45.0,485.113376,65045,105245,3025,0.113376,55.000000,-2930,1880,-650,3690
2.4972,45.0,485.113376,65045,105245,3025,0.113376,55.000000,-3040,1810,-760,3690
2.4972,45.0,485.113376,65045,105245,3025,0.113376,55.000000,-1050,-1880,-1810,-1230
2.4972,45.0,485.113376,65045,105245,3025,0.113376,55.000000,-1230,-1810,-1880,-1050
2.4972,45.0,485.113376,65045,105245,3025,0.113376,55.000000,-1050,2280,760,2930
2.4972,45.0,485.113376,65045,105245,3025,0.113376,55.000000,-1230,2280,650,3040
2.4972,45.0,485.113376,65045,105245,3025,0.113376,55.000000,1050,-2280,-760,-2930
2.4972,45.0,485.113376,65045,105245,3025,0.113376,55.000000,1230,-2280,-650,-3040
2.4972,45.0,485.113376,65045,105245,3025,0.113376,55.000000,1050,1880,1810,1230
2.4972,45.0,485.113376,65045,105245,3025,0.113376,55.000000,1230,1810,1880,1050
2.4972,45.0,485.113376,65045,105245,3025,0.113376,55.000000,2930,-1880,650,-3690
2.4972,45.0,485.113376,65045,105245,3025,0.113376,55.000000,3040,-1810,760,-3690
2.4972,45.0,485.113376,65045,105245,3025,0.113376,55.000000,-2930,-760,-2280,1050
2.4972,45.0,485.113376,65045,105245,3025,0.113376,55.000000,-3040,-650,-2280,1230
2.4972,45.0,485.113376,65045,105245,3025,0.113376,55.000000,-3690,760,-1810,3040
2.4972,45.0,485.113376,65045,105245,3025,0.113376,55.000000,-3690,650,-1880,2930
2.4972,45.0,485.113376,65045,105245,3025,0.113376,55.000000,0,2170,1340,2170
2.4972,45.0,485.113376,65045,105245,3025,0.113376,55.000000,2170,-2170,0,-3510
2.4972,45.0,485.113376,65045,105245,3025,0.113376,55.000000,-3510,1340,-1340,3510
2.4972,45.0,485.113376,65045,105245,3025,0.113376,55.000000,3510,0,2170,-2170
2.4972,45.0,485.113376,65045,105245,3025,0.113376,55.000000,-2170,-1340,-2170,0
2.4972,45.0,485.571803,65168,105444,5680,0.155210,75.365775,160,2140,1420,2040
2.4972,45.0,485.571803,65168,105444,5680,0.155210,75.365775,2300,-2140,100,-3560
2.4972,45.0,485.571803,65168,105444,5680,0.155210,75.365775,-3560,1260,-1420,3460
2.4972,45.0,485.571803,65168,105444,5680,0.155210,75.365775,3560,-100,2140,-2300
2.4972,45.0,485.571803,65168,105444,5680,0.155210,75.365775,2040,-2200,-100,-3460
2.4972,45.0,485.571803,65168,105444,5680,0.155210,75.365775,3460,100,2200,-2040
2.4972,45.0,485.571803,65168,105444,5680,0.155210,75.365775,-2040,-1420,-2140,-160
2.4972,45.0,485.571803,65168,105444,5680,0.155210,75.365775,-160,2200,1260,2300
2.4972,45.0,485.571803,65168,105444,5680,0.155210,75.365775,-2300,-1260,-2200,160
2.4972,45.0,485.571803,65168,105444,5680,0.155210,75.365775,-3460,1420,-1260,3560
2.4972,45.0,485.571803,65168,105444,5680,0.155210,75.365775,2300,1260,2200,-160
2.4972,45.0,485.571803,65168,105444,5680,0.155210,75.365775,3560,-1260,1420,-3460
2.4972,45.0,485.571803,65168,105444,5680,0.155210,75.365775,-2300,2140,-100,3560
2.4972,45.0,485.571803,65168,105444,5680,0.155210,75.365775,-160,-2140,-1420,-2040
2.4972,45.0,485.571803,65168,105444,5680,0.155210,75.365775,-2040,2200,100,3460
2.4972,45.0,485.571803,65168,105444,5680,0.155210,75.365775,160,-2200,-1260,-2300
2.4972,45.0,485.571803,65168,105444,5680,0.155210,75.365775,2040,1420,2140,160
2.4972,45.0,485.571803,65168,105444,5680,0.155210,75.365775,3460,-1420,1260,-3560
2.4972,45.0,485.571803,65168,105444,5680,0.155210,75.365775,-3460,-100,-2200,2040
2.4972,45.0,485.571803,65168,105444,5680,0.155210,75.365775,-3560,100,-2140,2300
2.4972,45.0,486.312639,65367,105766,4055,0.130942,63.678882,260,2120,1470,1960
2.4972,45.0,486.312639,65367,105766,4055,0.130942,63.678882,2380,-2120,160,-3590
2.4972,45.0,486.312639,65367,105766,4055,0.130942,63.678882,-3590,1210,-1470,3430
2.4972,45.0,486.312639,65367,105766,4055,0.130942,63.678882,3590,-160,2120,-2380
2.4972,45.0,486.312639,65367,105766,4055,0.130942,63.678882,1960,-2220,-160,-3430
2.4972,45.0,486.312639,65367,105766,4055,0.130942,63.678882,3430,160,2220,-1960
2.4972,45.0,486.312639,65367,105766,4055,0.130942,63.678882,-1960,-1470,-2120,-260
2.4972,45.0,486.312639,65367,105766,4055,0.130942,63.678882,-260,2220,1210,2380
2.4972,45.0,486.312639,65367,105766,4055,0.130942,63.678882,-2380,-1210,-2220,260
2.4972,45.0,486.312639,65367,105766,4055,0.130942,63.678882,-3430,1470,-1210,3590
2.4972,45.0,486.312639,65367,105766,4055,0.130942,63.678882,2380,1210,2220,-260
2.4972,45.0,486.312639,65367,105766,4055,0.130942,63.678882,3590,-1210,1470,-3430
2.4972,45.0,486.312639,65367,105766,4055,0.130942,63.678882,-2380,2120,-160,3590
2.4972,45.0,486.312639,65367,105766,4055,0.130942,63.678882,-260,-2120,-1470,-1960
2.4972,45.0,486.312639,65367,105766,4055,0.130942,63.678882,-1960,2220,160,3430
2.4972,45.0,486.312639,65367,105766,4055,0.130942,63.678882,260,-2220,-1210,-2380
2.4972,45.0,486.312639,65367,105766,4055,0.130942,63.678882,1960,1470,2120,260
2.4972,45.0,486.312639,65367,105766,4055,0.130942,63.678882,3430,-1470,1210,-3590
2.4972,45.0,486.312639,65367,105766,4055,0.130942,63.678882,-3430,-160,-2220,1960
2.4972,45.0,486.312639,65367,105766,4055,0.130942,63.678882,-3590,160,-2120,2380
2.4972,45.0,488.246849,65888,106609,3455,0.120388,58.779248,420,2090,1550,1830
2.4972,45.0,488.246849,65888,106609,3455,0.120388,58.779248,2510,-2090,260,-3640
2.4972,45.0,488.246849,65888,106609,3455,0.120388,58.779248,-3640,1130,-1550,3380
2.4972,45.0,488.246849,65888,106609,3455,0.120388,58.779248,3640,-260,2090,-2510
2.4972,45.0,488.246849,65888,106609,3455,0.120388,58.779248,1830,-2250,-260,-3380
2.4972,45.0,488.246849,65888,106609,3455,0.120388,58.779248,3380,260,2250,-1830
2.4972,45.0,488.246849,65888,106609,3455,0.120388,58.779248,-1830,-1550,-2090,-420
2.4972,45.0,488.246849,65888,106609,3455,0.120388,58.779248,-420,2250,1130,2510
2.4972,45.0,488.246849,65888,106609,3455,0.120388,58.779248,-2510,-1130,-2250,420
2.4972,45.0,488.246849,65888,106609,3455,0.120388,58.779248,-3380,1550,-1130,3640
2.4972,45.0,488.246849,65888,106609,3455,0.120388,58.779248,2510,1130,2250,-420
2.4972,45.0,488.246849,65888,106609,3455,0.120388,58.779248,3640,-1130,1550,-3380
2.4972,45.0,488.246849,65888,106609,3455,0.120388,58.779248,-2510,2090,-260,3640
2.4972,45.0,488.246849,65888,106609,3455,0.120388,58.779248,-420,-2090,-1550,-1830
2.4972,45.0,488.246849,65888,106609,3455,0.120388,58.779248,-1830,2250,260,3380
2.4972,45.0,488.246849,65888,106609,3455,0.120388,58.779248,420,-2250,-1130,-2510
2.4972,45.0,488.246849,65888,106609,3455,0.120388,58.779248,1830,1550,2090,420
2.4972,45.0,488.246849,65888,106609,3455,0.120388,58.779248,3380,-1550,1130,-3640
2.4972,45.0,488.246849,65888,106609,3455,0.120388,58.779248,-3380,-260,-2250,1830
2.4972,45.0,488.246849,65888,106609,3455,0.120388,58.779248,-3640,260,-2090,2510
2.4972,45.0,489.892815,66333,107329,7205,0.173267,84.882271,2590,1080,2270,-520
2.4972,45.0,489.892815,66333,107329,7205,0.173267,84.882271,3670,-1080,1600,-3350
2.4972,45.0,489.892815,66333,107329,7205,0.173267,84.882271,-2590,2070,-320,3670
2.4972,45.0,489.892815,66333,107329,7205,0.173267,84.882271,-520,-2070,-1600,-1750
2.4972,45.0,489.892815,66333,107329,7205,0.173267,84.882271,-1750,2270,320,3350
2.4972,45.0,489.892815,66333,107329,7205,0.173267,84.882271,520,-2270,-1080,-2590
2.4972,45.0,489.892815,66333,107329,7205,0.173267,84.882271,1750,1600,2070,520
2.4972,45.0,489.892815,66333,107329,7205,0.173267,84.882271,3350,-1600,1080,-3670
2.4972,45.0,489.892815,66333,107329,7205,0.173267,84.882271,-3350,-320,-2270,1750
2.4972,45.0,489.892815,66333,107329,7205,0.173267,84.882271,-3670,320,-2070,2590
2.4972,45.0,489.892815,66333,107329,7205,0.173267,84.882271,50,2180,1380,2150
2.4972,45.0,489.892815,66333,107329,7205,0.173267,84.882271,2230,-2180,30,-3560
2.4972,45.0,489.892815,66333,107329,7205,0.173267,84.882271,-3560,1330,-1380,3530
2.4972,45.0,489.892815,66333,107329,7205,0.173267,84.882271,3560,-30,2180,-2230
2.4972,45.0,489.892815,66333,107329,7205,0.173267,84.882271,2150,-2200,-30,-3530
2.4972,45.0,489.892815,66333,107329,7205,0.173267,84.882271,3530,30,2200,-2150
2.4972,45.0,489.892815,66333,107329,7205,0.173267,84.882271,-2150,-1380,-2180,-50
2.4972,45.0,489.892815,66333,107329,7205,0.173267,84.882271,-50,2200,1330,2230
2.4972,45.0,489.892815,66333,107329,7205,0.173267,84.882271,-2230,-1330,-2200,50
2.4972,45.0,489.892815,66333,107329,7205,0.173267,84.882271,-3530,1380,-1330,3560
2.4972,45.0,490.627126,66532,107651,5555,0.151911,74.531872,2830,890,2300,-860
2.4972,45.0,490.627126,66532,107651,5555,0.151911,74.531872,3190,530,2300,-1440
2.4972,45.0,490.627126,66532,107651,5555,0.151911,74.531872,3720,-890,1750,-3190
2.4972,45.0,490.627126,66532,107651,5555,0.151911,74.531872,3720,-530,1970,-2830
2.4972,45.0,490.627126,66532,107651,5555,0.151911,74.531872,-2830,1970,-530,3720
2.4972,45.0,490.627126,66532,107651,5555,0.151911,74.531872,-3190,1750,-890,3720
2.4972,45.0,490.627126,66532,107651,5555,0.151911,74.531872,-1440,-1750,-1970,-860
2.4972,45.0,490.627126,66532,107651,5555,0.151911,74.531872,-860,-1970,-1750,-1440
2.4972,45.0,490.627126,66532,107651,5555,0.151911,74.531872,-1440,2300,530,3190
2.4972,45.0,490.627126,66532,107651,5555,0.151911,74.531872,-860,2300,890,2830
2.4972,45.0,490.627126,66532,107651,5555,0.151911,74.531872,860,-2300,-890,-2830
2.4972,45.0,490.627126,66532,107651,5555,0.151911,74.531872,1440,-2300,-530,-3190
2.4972,45.0,490.627126,66532,107651,5555,0.151911,74.531872,860,1970,1750,1440
2.4972,45.0,490.627126,66532,107651,5555,0.151911,74.531872,1440,1750,1970,860
2.4972,45.0,490.627126,66532,107651,5555,0.151911,74.531872,3190,-1750,890,-3720
2.4972,45.0,490.627126,66532,107651,5555,0.151911,74.531872,2830,-1970,530,-3720
2.4972,45.0,490.627126,66532,107651,5555,0.151911,74.531872,-3190,-530,-2300,1440
2.4972,45.0,490.627126,66532,107651,5555,0.151911,74.531872,-2830,-890,-2300,860
2.4972,45.0,490.627126,66532,107651,5555,0.151911,74.531872,-3720,530,-1970,2830
2.4972,45.0,490.627126,66532,107651,5555,0.151911,74.531872,-3720,890,-1750,3190
2.4972,45.0,490.627126,66532,107651,5555,0.151911,74.531872,210,2150,1460,2020
2.4972,45.0,490.627126,66532,107651,5555,0.151911,74.531872,2360,-2150,130,-3610
2.4972,45.0,490.627126,66532,107651,5555,0.151911,74.531872,-3610,1250,-1460,3480
2.4972,45.0,490.627126,66532,107651,5555,0.151911,74.531872,3610,-130,2150,-2360
2.4972,45.0,490.627126,66532,107651,5555,0.151911,74.531872,2020,-2230,-130,-3480
2.4972,45.0,490.627126,66532,107651,5555,0.151911,74.531872,3480,130,2230,-2020
2.4972,45.0,490.627126,66532,107651,5555,0.151911,74.531872,-2020,-1460,-2150,-210
2.4972,45.0,490.627126,66532,107651,5555,0.151911,74.531872,-210,2230,1250,2360
2.4972,45.0,490.627126,66532,107651,5555,0.151911,74.531872,-2360,-1250,-2230,210
2.4972,45.0,490.627126,66532,107651,5555,0.151911,74.531872,-3480,1460,-1250,3610
2.4972,45.0,490.627126,66532,107651,5555,0.151911,74.531872,2360,1250,2230,-210
2.4972,45.0,490.627126,66532,107651,5555,0.151911,74.531872,3610,-1250,1460,-3480
2.4972,45.0,490.627126,66532,107651,5555,0.151911,74.531872,-2360,2150,-130,3610
2.4972,45.0,490.627126,66532,107651,5555,0.151911,74.531872,-210,-2150,-1460,-2020
2.4972,45.0,490.627126,66532,107651,5555,0.151911,74.531872,-2020,2230,130,3480
2.4972,45.0,490.627126,66532,107651,5555,0.151911,74.531872,210,-2230,-1250,-2360
2.4972,45.0,490.627126,66532,107651,5555,0.151911,74.531872,2020,1460,2150,210
2.4972,45.0,490.627126,66532,107651,5555,0.151911,74.531872,3480,-1460,1250,-3610
2.4972,45.0,490.627126,66532,107651,5555,0.151911,74.531872,-3480,-130,-2230,2020
2.4972,45.0,490.627126,66532,107651,5555,0.151911,74.531872,-3610,130,-2150,2360
2.4972,45.0,492.544394,67053,108494,4955,0.142915,70.391761,3170,570,2310,-1390
2.4972,45.0,492.544394,67053,108494,4955,0.142915,70.391761,3740,-570,1960,-2880
2.4972,45.0,492.544394,67053,108494,4955,0.142915,70.391761,-3170,1780,-860,3740
2.4972,45.0,492.544394,67053,108494,4955,0.142915,70.391761,-1390,-1780,-1960,-920
2.4972,45.0,492.544394,67053,108494,4955,0.142915,70.391761,-920,2310,860,2880
2.4972,45.0,492.544394,67053,108494,4955,0.142915,70.391761,1390,-2310,-570,-3170
2.4972,45.0,492.544394,67053,108494,4955,0.142915,70.391761,920,1960,1780,1390
2.4972,45.0,492.544394,67053,108494,4955,0.142915,70.391761,2880,-1960,570,-3740
2.4972,45.0,492.544394,67053,108494,4955,0.142915,70.391761,-2880,-860,-2310,920
2.4972,45.0,492.544394,67053,108494,4955,0.142915,70.391761,-3740,860,-1780,3170
2.4972,45.0,492.544394,67053,108494,4955,0.142915,70.391761,2880,860,2310,-920
2.4972,45.0,492.544394,67053,108494,4955,0.142915,70.391761,3740,-860,1780,-3170
2.4972,45.0,492.544394,67053,108494,4955,0.142915,70.391761,-2880,1960,-570,3740
2.4972,45.0,492.544394,67053,108494,4955,0.142915,70.391761,-920,-1960,-1780,-1390
2.4972,45.0,492.544394,67053,108494,4955,0.142915,70.391761,-1390,2310,570,3170
2.4972,45.0,492.544394,67053,108494,4955,0.142915,70.391761,920,-2310,-860,-2880
2.4972,45.0,492.544394,67053,108494,4955,0.142915,70.391761,1390,1780,1960,920
2.4972,45.0,492.544394,67053,108494,4955,0.142915,70.391761,3170,-1780,860,-3740
2.4972,45.0,492.544394,67053,108494,4955,0.142915,70.391761,-3170,-570,-2310,1390
2.4972,45.0,492.544394,67053,108494,4955,0.142915,70.391761,-3740,570,-1960,2880
2.4972,45.0,493.274758,67252,108816,3280,0.116104,57.271284,680,2040,1680,1620
2.4972,45.0,493.274758,67252,108816,3280,0.116104,57.271284,2720,-2040,420,-3720
2.4972,45.0,493.274758,67252,108816,3280,0.116104,57.271284,-3720,1000,-1680,3300
2.4972,45.0,493.274758,67252,108816,3280,0.116104,57.271284,3720,-420,2040,-2720
2.4972,45.0,493.274758,67252,108816,3280,0.116104,57.271284,1620,-2300,-420,-3300
2.4972,45.0,493.274758,67252,108816,3280,0.116104,57.271284,3300,420,2300,-1620
2.4972,45.0,493.274758,67252,108816,3280,0.116104,57.271284,-1620,-1680,-2040,-680
2.4972,45.0,493.274758,67252,108816,3280,0.116104,57.271284,-680,2300,1000,2720
2.4972,45.0,493.274758,67252,108816,3280,0.116104,57.271284,-2720,-1000,-2300,680
2.4972,45.0,493.274758,67252,108816,3280,0.116104,57.271284,-3300,1680,-1000,3720
2.4972,45.0,493.274758,67252,108816,3280,0.116104,57.271284,2720,1000,2300,-680
2.4972,45.0,493.274758,67252,108816,3280,0.116104,57.271284,3720,-1000,1680,-3300
2.4972,45.0,493.274758,67252,108816,3280,0.116104,57.271284,-2720,2040,-420,3720
2.4972,45.0,493.274758,67252,108816,3280,0.116104,57.271284,-680,-2040,-1680,-1620
2.4972,45.0,493.274758,67252,108816,3280,0.116104,57.271284,-1620,2300,420,3300
2.4972,45.0,493.274758,67252,108816,3280,0.116104,57.271284,680,-2300,-1000,-2720
2.4972,45.0,493.274758,67252,108816,3280,0.116104,57.271284,1620,1680,2040,680
2.4972,45.0,493.274758,67252,108816,3280,0.116104,57.271284,3300,-1680,1000,-3720
2.4972,45.0,493.274758,67252,108816,3280,0.116104,57.271284,-3300,-420,-2300,1620
2.4972,45.0,493.274758,67252,108816,3280,0.116104,57.271284,-3720,420,-2040,2720
2.4972,45.0,493.725607,67375,109015,6025,0.157215,77.620873,470,2100,1590,1810
2.4972,45.0,493.725607,67375,109015,6025,0.157215,77.620873,2570,-2100,290,-3690
2.4972,45.0,493.725607,67375,109015,6025,0.157215,77.620873,-3690,1120,-1590,3400
2.4972,45.0,493.725607,67375,109015,6025,0.157215,77.620873,3690,-290,2100,-2570
2.4972,45.0,493.725607,67375,109015,6025,0.157215,77.620873,1810,-2280,-290,-3400
2.4972,45.0,493.725607,67375,109015,6025,0.157215,77.620873,3400,290,2280,-1810
2.4972,45.0,493.725607,67375,109015,6025,0.157215,77.620873,-1810,-1590,-2100,-470
2.4972,45.0,493.725607,67375,109015,6025,0.157215,77.620873,-470,2280,1120,2570
2.4972,45.0,493.725607,67375,109015,6025,0.157215,77.620873,-2570,-1120,-2280,470
2.4972,45.0,493.725607,67375,109015,6025,0.157215,77.620873,-3400,1590,-1120,3690
2.4972,45.0,493.725607,67375,109015,6025,0.157215,77.620873,2570,1120,2280,-470
2.4972,45.0,493.725607,67375,109015,6025,0.157215,77.620873,3690,-1120,1590,-3400
2.4972,45.0,493.725607,67375,109015,6025,0.157215,77.620873,-2570,2100,-290,3690
2.4972,45.0,493.725607,67375,109015,6025,0.157215,77.620873,-470,-2100,-1590,-1810
2.4972,45.0,493.725607,67375,109015,6025,0.157215,77.620873,-1810,2280,290,3400
2.4972,45.0,493.725607,67375,109015,6025,0.157215,77.620873,470,-2280,-1120,-2570
2.4972,45.0,493.725607,67375,109015,6025,0.157215,77.620873,1810,1590,2100,470
2.4972,45.0,493.725607,67375,109015,6025,0.157215,77.620873,3400,-1590,1120,-3690
2.4972,45.0,493.725607,67375,109015,6025,0.157215,77.620873,-3400,-290,-2280,1810
2.4972,45.0,493.725607,67375,109015,6025,0.157215,77.620873,-3690,290,-2100,2570
2.4972,45.0,496.804764,68218,110379,6505,0.162345,80.653580,630,2070,1670,1680
2.4972,45.0,496.804764,68218,110379,6505,0.162345,80.653580,2700,-2070,390,-3740
2.4972,45.0,496.804764,68218,110379,6505,0.162345,80.653580,-3740,1040,-1670,3350
2.4972,45.0,496.804764,68218,110379,6505,0.162345,80.653580,3740,-390,2070,-2700
2.4972,45.0,496.804764,68218,110379,6505,0.162345,80.653580,1680,-2310,-390,-3350
2.4972,45.0,496.804764,68218,110379,6505,0.162345,80.653580,3350,390,2310,-1680
2.4972,45.0,496.804764,68218,110379,6505,0.162345,80.653580,-1680,-1670,-2070,-630
2.4972,45.0,496.804764,68218,110379,6505,0.162345,80.653580,-630,2310,1040,2700
2.4972,45.0,496.804764,68218,110379,6505,0.162345,80.653580,-2700,-1040,-2310,630
2.4972,45.0,496.804764,68218,110379,6505,0.162345,80.653580,-3350,1670,-1040,3740
2.4972,45.0,496.804764,68218,110379,6505,0.162345,80.653580,2700,1040,2310,-630
2.4972,45.0,496.804764,68218,110379,6505,0.162345,80.653580,3740,-1040,1670,-3350
2.4972,45.0,496.804764,68218,110379,6505,0.162345,80.653580,-2700,2070,-390,3740
2.4972,45.0,496.804764,68218,110379,6505,0.162345,80.653580,-630,-2070,-1670,-1680
2.4972,45.0,496.804764,68218,110379,6505,0.162345,80.653580,-1680,2310,390,3350
2.4972,45.0,496.804764,68218,110379,6505,0.162345,80.653580,630,-2310,-1040,-2700
2.4972,45.0,496.804764,68218,110379,6505,0.162345,80.653580,1680,1670,2070,630
2.4972,45.0,496.804764,68218,110379,6505,0.162345,80.653580,3350,-1670,1040,-3740
2.4972,45.0,496.804764,68218,110379,6505,0.162345,80.653580,-3350,-390,-2310,1680
2.4972,45.0,496.804764,68218,110379,6505,0.162345,80.653580,-3740,390,-2070,2700
2.4972,45.0,497.528874,68417,110701,4805,0.139325,69.318107,2850,920,2330,-840
2.4972,45.0,497.528874,68417,110701,4805,0.139325,69.318107,3250,520,2330,-1490
2.4972,45.0,497.528874,68417,110701,4805,0.139325,69.318107,3770,-920,1760,-3250
2.4972,45.0,497.528874,68417,110701,4805,0.139325,69.318107,3770,-520,2010,-2850
2.4972,45.0,497.528874,68417,110701,4805,0.139325,69.318107,-2850,2010,-520,3770
2.4972,45.0,497.528874,68417,110701,4805,0.139325,69.318107,-3250,1760,-920,3770
2.4972,45.0,497.528874,68417,110701,4805,0.139325,69.318107,-1490,-1760,-2010,-840
2.4972,45.0,497.528874,68417,110701,4805,0.139325,69.318107,-840,-2010,-1760,-1490
2.4972,45.0,497.528874,68417,110701,4805,0.139325,69.318107,-1490,2330,520,3250
2.4972,45.0,497.528874,68417,110701,4805,0.139325,69.318107,-840,2330,920,2850
2.4972,45.0,497.528874,68417,110701,4805,0.139325,69.318107,840,-2330,-920,-2850
2.4972,45.0,497.528874,68417,110701,4805,0.139325,69.318107,1490,-2330,-520,-3250
2.4972,45.0,497.528874,68417,110701,4805,0.139325,69.318107,840,2010,1760,1490
2.4972,45.0,497.528874,68417,110701,4805,0.139325,69.318107,1490,1760,2010,840
2.4972,45.0,497.528874,68417,110701,4805,0.139325,69.318107,3250,-1760,920,-3770
2.4972,45.0,497.528874,68417,110701,4805,0.139325,69.318107,2850,-2010,520,-3770
2.4972,45.0,497.528874,68417,110701,4805,0.139325,69.318107,-3250,-520,-2330,1490
2.4972,45.0,497.528874,68417,110701,4805,0.139325,69.318107,-2850,-920,-2330,840
2.4972,45.0,497.528874,68417,110701,4805,0.139325,69.318107,-3770,520,-2010,2850
2.4972,45.0,497.528874,68417,110701,4805,0.139325,69.318107,-3770,920,-1760,3250
2.4972,45.0,497.528874,68417,110701,4805,0.139325,69.318107,30,2220,1390,2200
2.4972,45.0,497.528874,68417,110701,4805,0.139325,69.318107,2250,-2220,20,-3610
2.4972,45.0,497.528874,68417,110701,4805,0.139325,69.318107,-3610,1360,-1390,3590
2.4972,45.0,497.528874,68417,110701,4805,0.139325,69.318107,3610,-20,2220,-2250
2.4972,45.0,497.528874,68417,110701,4805,0.139325,69.318107,2200,-2230,-20,-3590
2.4972,45.0,497.528874,68417,110701,4805,0.139325,69.318107,3590,20,2230,-2200
2.4972,45.0,497.528874,68417,110701,4805,0.139325,69.318107,-2200,-1390,-2220,-30
2.4972,45.0,497.528874,68417,110701,4805,0.139325,69.318107,-30,2230,1360,2250
2.4972,45.0,497.528874,68417,110701,4805,0.139325,69.318107,-2250,-1360,-2230,30
2.4972,45.0,497.528874,68417,110701,4805,0.139325,69.318107,-3590,1390,-1360,3610
2.4972,45.0,497.528874,68417,110701,4805,0.139325,69.318107,2250,1360,2230,-30
2.4972,45.0,497.528874,68417,110701,4805,0.139325,69.318107,2200,1390,2220,30
2.4972,45.0,497.528874,68417,110701,4805,0.139325,69.318107,3610,-1360,1390,-3590
2.4972,45.0,497.528874,68417,110701,4805,0.139325,69.318107,3590,-1390,1360,-3610
2.4972,45.0,497.528874,68417,110701,4805,0.139325,69.318107,-2250,2220,-20,3610
2.4972,45.0,497.528874,68417,110701,4805,0.139325,69.318107,-2200,2230,20,3590
2.4972,45.0,497.528874,68417,110701,4805,0.139325,69.318107,-30,-2220,-1390,-2200
2.4972,45.0,497.528874,68417,110701,4805,0.139325,69.318107,30,-2230,-1360,-2250
2.4972,45.0,497.528874,68417,110701,4805,0.139325,69.318107,-3590,-20,-2230,2200
2.4972,45.0,497.528874,68417,110701,4805,0.139325,69.318107,-3610,20,-2220,2250
2.4972,45.0,499.144233,68862,111421,8705,0.186921,93.300589,3320,450,2330,-1600
2.4972,45.0,499.144233,68862,111421,8705,0.186921,93.300589,3770,-450,2050,-2780
2.4972,45.0,499.144233,68862,111421,8705,0.186921,93.300589,-3320,1720,-990,3770
2.4972,45.0,499.144233,68862,111421,8705,0.186921,93.300589,-1600,-1720,-2050,-730
2.4972,45.0,499.144233,68862,111421,8705,0.186921,93.300589,-730,2330,990,2780
2.4972,45.0,499.144233,68862,111421,8705,0.186921,93.300589,1600,-2330,-450,-3320
2.4972,45.0,499.144233,68862,111421,8705,0.186921,93.300589,730,2050,1720,1600
2.4972,45.0,499.144233,68862,111421,8705,0.186921,93.300589,2780,-2050,450,-3770
2.4972,45.0,499.144233,68862,111421,8705,0.186921,93.300589,-2780,-990,-2330,730
2.4972,45.0,499.144233,68862,111421,8705,0.186921,93.300589,-3770,990,-1720,3320
2.4972,45.0,500.584637,69260,112065,5275,0.145089,72.629195,3220,580,2350,-1410
2.4972,45.0,500.584637,69260,112065,5275,0.145089,72.629195,3800,-580,1990,-2930
2.4972,45.0,500.584637,69260,112065,5275,0.145089,72.629195,-3220,1810,-870,3800
2.4972,45.0,500.584637,69260,112065,5275,0.145089,72.629195,-1410,-1810,-1990,-940
2.4972,45.0,500.584637,69260,112065,5275,0.145089,72.629195,-940,2350,870,2930
2.4972,45.0,500.584637,69260,112065,5275,0.145089,72.629195,1410,-2350,-580,-3220
2.4972,45.0,500.584637,69260,112065,5275,0.145089,72.629195,940,1990,1810,1410
2.4972,45.0,500.584637,69260,112065,5275,0.145089,72.629195,2930,-1990,580,-3800
2.4972,45.0,500.584637,69260,112065,5275,0.145089,72.629195,-2930,-870,-2350,940
2.4972,45.0,500.584637,69260,112065,5275,0.145089,72.629195,-3800,870,-1810,3220
2.4972,45.0,500.584637,69260,112065,5275,0.145089,72.629195,2930,870,2350,-940
2.4972,45.0,500.584637,69260,112065,5275,0.145089,72.629195,3800,-870,1810,-3220
2.4972,45.0,500.584637,69260,112065,5275,0.145089,72.629195,-2930,1990,-580,3800
2.4972,45.0,500.584637,69260,112065,5275,0.145089,72.629195,-940,-1990,-1810,-1410
2.4972,45.0,500.584637,69260,112065,5275,0.145089,72.629195,-1410,2350,580,3220
2.4972,45.0,500.584637,69260,112065,5275,0.145089,72.629195,940,-2350,-870,-2930
2.4972,45.0,500.584637,69260,112065,5275,0.145089,72.629195,1410,1810,1990,940
2.4972,45.0,500.584637,69260,112065,5275,0.145089,72.629195,3220,-1810,870,-3800
2.4972,45.0,500.584637,69260,112065,5275,0.145089,72.629195,-3220,-580,-2350,1410
2.4972,45.0,500.584637,69260,112065,5275,0.145089,72.629195,-3800,580,-1990,2930
2.4972,45.0,503.621859,70103,113429,5755,0.150632,75.861716,2910,910,2360,-890
2.4972,45.0,503.621859,70103,113429,5755,0.150632,75.861716,3270,550,2360,-1470
2.4972,45.0,503.621859,70103,113429,5755,0.150632,75.861716,3820,-910,1800,-3270
2.4972,45.0,503.621859,70103,113429,5755,0.150632,75.861716,3820,-550,2020,-2910
2.4972,45.0,503.621859,70103,113429,5755,0.150632,75.861716,-2910,2020,-550,3820
2.4972,45.0,503.621859,70103,113429,5755,0.150632,75.861716,-3270,1800,-910,3820
2.4972,45.0,503.621859,70103,113429,5755,0.150632,75.861716,-1470,-1800,-2020,-890
2.4972,45.0,503.621859,70103,113429,5755,0.150632,75.861716,-890,-2020,-1800,-1470
2.4972,45.0,503.621859,70103,113429,5755,0.150632,75.861716,-1470,2360,550,3270
2.4972,45.0,503.621859,70103,113429,5755,0.150632,75.861716,-890,2360,910,2910
2.4972,45.0,503.621859,70103,113429,5755,0.150632,75.861716,890,-2360,-910,-2910
2.4972,45.0,503.621859,70103,113429,5755,0.150632,75.861716,1470,-2360,-550,-3270
2.4972,45.0,503.621859,70103,113429,5755,0.150632,75.861716,890,2020,1800,1470
2.4972,45.0,503.621859,70103,113429,5755,0.150632,75.861716,1470,1800,2020,890
2.4972,45.0,503.621859,70103,113429,5755,0.150632,75.861716,3270,-1800,910,-3820
2.4972,45.0,503.621859,70103,113429,5755,0.150632,75.861716,2910,-2020,550,-3820
2.4972,45.0,503.621859,70103,113429,5755,0.150632,75.861716,-3270,-550,-2360,1470
2.4972,45.0,503.621859,70103,113429,5755,0.150632,75.861716,-2910,-910,-2360,890
2.4972,45.0,503.621859,70103,113429,5755,0.150632,75.861716,-3820,550,-2020,2910
2.4972,45.0,503.621859,70103,113429,5755,0.150632,75.861716,-3820,910,-1800,3270
2.4972,45.0,504.777152,70425,113950,6875,0.164262,82.915620,650,2100,1700,1700
2.4972,45.0,504.777152,70425,113950,6875,0.164262,82.915620,2750,-2100,400,-3800
2.4972,45.0,504.777152,70425,113950,6875,0.164262,82.915620,-3800,1050,-1700,3400
2.4972,45.0,504.777152,70425,113950,6875,0.164262,82.915620,3800,-400,2100,-2750
2.4972,45.0,504.777152,70425,113950,6875,0.164262,82.915620,1700,-2350,-400,-3400
2.4972,45.0,504.777152,70425,113950,6875,0.164262,82.915620,3400,400,2350,-1700
2.4972,45.0,504.777152,70425,113950,6875,0.164262,82.915620,-1700,-1700,-2100,-650
2.4972,45.0,504.777152,70425,113950,6875,0.164262,82.915620,-650,2350,1050,2750
2.4972,45.0,504.777152,70425,113950,6875,0.164262,82.915620,-2750,-1050,-2350,650
2.4972,45.0,504.777152,70425,113950,6875,0.164262,82.915620,-3400,1700,-1050,3800
2.4972,45.0,504.777152,70425,113950,6875,0.164262,82.915620,2750,1050,2350,-650
2.4972,45.0,504.777152,70425,113950,6875,0.164262,82.915620,3800,-1050,1700,-3400
2.4972,45.0,504.777152,70425,113950,6875,0.164262,82.915620,-2750,2100,-400,3800
2.4972,45.0,504.777152,70425,113950,6875,0.164262,82.915620,-650,-2100,-1700,-1700
2.4972,45.0,504.777152,70425,113950,6875,0.164262,82.915620,-1700,2350,400,3400
2.4972,45.0,504.777152,70425,113950,6875,0.164262,82.915620,650,-2350,-1050,-2750
2.4972,45.0,504.777152,70425,113950,6875,0.164262,82.915620,1700,1700,2100,650
2.4972,45.0,504.777152,70425,113950,6875,0.164262,82.915620,3400,-1700,1050,-3800
2.4972,45.0,504.777152,70425,113950,6875,0.164262,82.915620,-3400,-400,-2350,1700
2.4972,45.0,504.777152,70425,113950,6875,0.164262,82.915620,-3800,400,-2100,2750
2.4972,45.0,505.929806,70747,114471,8005,0.176844,89.470666,210,2220,1500,2090
2.4972,45.0,505.929806,70747,114471,8005,0.176844,89.470666,2430,-2220,130,-3720
2.4972,45.0,505.929806,70747,114471,8005,0.176844,89.470666,-3720,1290,-1500,3590
2.4972,45.0,505.929806,70747,114471,8005,0.176844,89.470666,3720,-130,2220,-2430
2.4972,45.0,505.929806,70747,114471,8005,0.176844,89.470666,2090,-2300,-130,-3590
2.4972,45.0,505.929806,70747,114471,8005,0.176844,89.470666,3590,130,2300,-2090
2.4972,45.0,505.929806,70747,114471,8005,0.176844,89.470666,-2090,-1500,-2220,-210
2.4972,45.0,505.929806,70747,114471,8005,0.176844,89.470666,-210,2300,1290,2430
2.4972,45.0,505.929806,70747,114471,8005,0.176844,89.470666,-2430,-1290,-2300,210
2.4972,45.0,505.929806,70747,114471,8005,0.176844,89.470666,-3590,1500,-1290,3720
2.4972,45.0,506.201528,70823,114594,3355,0.114425,57.922362,3170,680,2380,-1280
2.4972,45.0,506.201528,70823,114594,3355,0.114425,57.922362,3850,-680,1960,-3060
2.4972,45.0,506.201528,70823,114594,3355,0.114425,57.922362,-3170,1890,-790,3850
2.4972,45.0,506.201528,70823,114594,3355,0.114425,57.922362,-1280,-1890,-1960,-1100
2.4972,45.0,506.201528,70823,114594,3355,0.114425,57.922362,-1100,2380,790,3060
2.4972,45.0,506.201528,70823,114594,3355,0.114425,57.922362,1280,-2380,-680,-3170
2.4972,45.0,506.201528,70823,114594,3355,0.114425,57.922362,1100,1960,1890,1280
2.4972,45.0,506.201528,70823,114594,3355,0.114425,57.922362,3060,-1960,680,-3850
2.4972,45.0,506.201528,70823,114594,3355,0.114425,57.922362,-3060,-790,-2380,1100
2.4972,45.0,506.201528,70823,114594,3355,0.114425,57.922362,-3850,790,-1890,3170
2.4972,45.0,506.201528,70823,114594,3355,0.114425,57.922362,3060,790,2380,-1100
2.4972,45.0,506.201528,70823,114594,3355,0.114425,57.922362,3850,-790,1890,-3170
2.4972,45.0,506.201528,70823,114594,3355,0.114425,57.922362,-3060,1960,-680,3850
2.4972,45.0,506.201528,70823,114594,3355,0.114425,57.922362,-1100,-1960,-1890,-1280
2.4972,45.0,506.201528,70823,114594,3355,0.114425,57.922362,-1280,2380,680,3170
2.4972,45.0,506.201528,70823,114594,3355,0.114425,57.922362,1100,-2380,-790,-3060
2.4972,45.0,506.201528,70823,114594,3355,0.114425,57.922362,1280,1890,1960,1100
2.4972,45.0,506.201528,70823,114594,3355,0.114425,57.922362,3170,-1890,790,-3850
2.4972,45.0,506.201528,70823,114594,3355,0.114425,57.922362,-3170,-680,-2380,1280
2.4972,45.0,506.201528,70823,114594,3355,0.114425,57.922362,-3850,680,-1960,3060
2.4972,45.0,506.201528,70823,114594,3355,0.114425,57.922362,3380,440,2360,-1650
2.4972,45.0,506.201528,70823,114594,3355,0.114425,57.922362,3820,-440,2090,-2800
2.4972,45.0,506.201528,70823,114594,3355,0.114425,57.922362,-3380,1730,-1020,3820
2.4972,45.0,506.201528,70823,114594,3355,0.114425,57.922362,-1650,-1730,-2090,-710
2.4972,45.0,506.201528,70823,114594,3355,0.114425,57.922362,-710,2360,1020,2800
2.4972,45.0,506.201528,70823,114594,3355,0.114425,57.922362,1650,-2360,-440,-3380
2.4972,45.0,506.201528,70823,114594,3355,0.114425,57.922362,710,2090,1730,1650
2.4972,45.0,506.201528,70823,114594,3355,0.114425,57.922362,2800,-2090,440,-3820
2.4972,45.0,506.201528,70823,114594,3355,0.114425,57.922362,-2800,-1020,-2360,710
2.4972,45.0,506.201528,70823,114594,3355,0.114425,57.922362,-3820,1020,-1730,3380
2.4972,45.0,506.201528,70823,114594,3355,0.114425,57.922362,2800,1020,2360,-710
2.4972,45.0,506.201528,70823,114594,3355,0.114425,57.922362,3820,-1020,1730,-3380
2.4972,45.0,506.201528,70823,114594,3355,0.114425,57.922362,-2800,2090,-440,3820
2.4972,45.0,506.201528,70823,114594,3355,0.114425,57.922362,-710,-2090,-1730,-1650
2.4972,45.0,506.201528,70823,114594,3355,0.114425,57.922362,-1650,2360,440,3380
2.4972,45.0,506.201528,70823,114594,3355,0.114425,57.922362,710,-2360,-1020,-2800
2.4972,45.0,506.201528,70823,114594,3355,0.114425,57.922362,1650,1730,2090,710
2.4972,45.0,506.201528,70823,114594,3355,0.114425,57.922362,3380,-1730,1020,-3820
2.4972,45.0,506.201528,70823,114594,3355,0.114425,57.922362,-3380,-440,-2360,1650
2.4972,45.0,506.201528,70823,114594,3355,0.114425,57.922362,-3820,440,-2090,2800
2.4972,45.0,508.935131,71590,115835,8525,0.181420,92.330927,3220,650,2390,-1340
2.4972,45.0,508.935131,71590,115835,8525,0.181420,92.330927,3870,-650,1990,-3040
2.4972,45.0,508.935131,71590,115835,8525,0.181420,92.330927,-3220,1880,-830,3870
2.4972,45.0,508.935131,71590,115835,8525,0.181420,92.330927,-1340,-1880,-1990,-1050
2.4972,45.0,508.935131,71590,115835,8525,0.181420,92.330927,-1050,2390,830,3040
2.4972,45.0,508.935131,71590,115835,8525,0.181420,92.330927,1340,-2390,-650,-3220
2.4972,45.0,508.935131,71590,115835,8525,0.181420,92.330927,1050,1990,1880,1340
2.4972,45.0,508.935131,71590,115835,8525,0.181420,92.330927,3040,-1990,650,-3870
2.4972,45.0,508.935131,71590,115835,8525,0.181420,92.330927,-3040,-830,-2390,1050
2.4972,45.0,508.935131,71590,115835,8525,0.181420,92.330927,-3870,830,-1880,3220
2.4972,45.0,510.347902,71988,116479,4955,0.137929,70.391761,160,2250,1490,2150
2.4972,45.0,510.347902,71988,116479,4955,0.137929,70.391761,2410,-2250,100,-3740
2.4972,45.0,510.347902,71988,116479,4955,0.137929,70.391761,-3740,1330,-1490,3640
2.4972,45.0,510.347902,71988,116479,4955,0.137929,70.391761,3740,-100,2250,-2410
2.4972,45.0,510.347902,71988,116479,4955,0.137929,70.391761,2150,-2310,-100,-3640
2.4972,45.0,510.347902,71988,116479,4955,0.137929,70.391761,3640,100,2310,-2150
2.4972,45.0,510.347902,71988,116479,4955,0.137929,70.391761,-2150,-1490,-2250,-160
2.4972,45.0,510.347902,71988,116479,4955,0.137929,70.391761,-160,2310,1330,2410
2.4972,45.0,510.347902,71988,116479,4955,0.137929,70.391761,-2410,-1330,-2310,160
2.4972,45.0,510.347902,71988,116479,4955,0.137929,70.391761,-3640,1490,-1330,3740
2.4972,45.0,510.347902,71988,116479,4955,0.137929,70.391761,2410,1330,2310,-160
2.4972,45.0,510.347902,71988,116479,4955,0.137929,70.391761,3740,-1330,1490,-3640
2.4972,45.0,510.347902,71988,116479,4955,0.137929,70.391761,-2410,2250,-100,3740
2.4972,45.0,510.347902,71988,116479,4955,0.137929,70.391761,-160,-2250,-1490,-2150
2.4972,45.0,510.347902,71988,116479,4955,0.137929,70.391761,-2150,2310,100,3640
2.4972,45.0,510.347902,71988,116479,4955,0.137929,70.391761,160,-2310,-1330,-2410
2.4972,45.0,510.347902,71988,116479,4955,0.137929,70.391761,2150,1490,2250,160
2.4972,45.0,510.347902,71988,116479,4955,0.137929,70.391761,3640,-1490,1330,-3740
2.4972,45.0,510.347902,71988,116479,4955,0.137929,70.391761,-3640,-100,-2310,2150
2.4972,45.0,510.347902,71988,116479,4955,0.137929,70.391761,-3740,100,-2250,2410
2.4972,45.0,511.052823,72187,116801,3155,0.109909,56.169387,260,2230,1540,2070
2.4972,45.0,511.052823,72187,116801,3155,0.109909,56.169387,2490,-2230,160,-3770
2.4972,45.0,511.052823,72187,116801,3155,0.109909,56.169387,-3770,1280,-1540,3610
2.4972,45.0,511.052823,72187,116801,3155,0.109909,56.169387,3770,-160,2230,-2490
2.4972,45.0,511.052823,72187,116801,3155,0.109909,56.169387,2070,-2330,-160,-3610
2.4972,45.0,511.052823,72187,116801,3155,0.109909,56.169387,3610,160,2330,-2070
2.4972,45.0,511.052823,72187,116801,3155,0.109909,56.169387,-2070,-1540,-2230,-260
2.4972,45.0,511.052823,72187,116801,3155,0.109909,56.169387,-260,2330,1280,2490
2.4972,45.0,511.052823,72187,116801,3155,0.109909,56.169387,-2490,-1280,-2330,260
2.4972,45.0,511.052823,72187,116801,3155,0.109909,56.169387,-3610,1540,-1280,3770
2.4972,45.0,512.625567,72632,117521,7255,0.166157,85.176288,3190,710,2410,-1260
2.4972,45.0,512.625567,72632,117521,7255,0.166157,85.176288,3120,780,2410,-1150
2.4972,45.0,512.625567,72632,117521,7255,0.166157,85.176288,3900,-710,1970,-3120
2.4972,45.0,512.625567,72632,117521,7255,0.166157,85.176288,3900,-780,1930,-3190
2.4972,45.0,512.625567,72632,117521,7255,0.166157,85.176288,-3190,1930,-780,3900
2.4972,45.0,512.625567,72632,117521,7255,0.166157,85.176288,-3120,1970,-710,3900
2.4972,45.0,512.625567,72632,117521,7255,0.166157,85.176288,-1150,-1970,-1930,-1260
2.4972,45.0,512.625567,72632,117521,7255,0.166157,85.176288,-1260,-1930,-1970,-1150
2.4972,45.0,512.625567,72632,117521,7255,0.166157,85.176288,-1150,2410,780,3120
2.4972,45.0,512.625567,72632,117521,7255,0.166157,85.176288,-1260,2410,710,3190
2.4972,45.0,512.625567,72632,117521,7255,0.166157,85.176288,1150,-2410,-780,-3120
2.4972,45.0,512.625567,72632,117521,7255,0.166157,85.176288,1260,-2410,-710,-3190
2.4972,45.0,512.625567,72632,117521,7255,0.166157,85.176288,1150,1970,1930,1260
2.4972,45.0,512.625567,72632,117521,7255,0.166157,85.176288,1260,1930,1970,1150
2.4972,45.0,512.625567,72632,117521,7255,0.166157,85.176288,3120,-1970,710,-3900
2.4972,45.0,512.625567,72632,117521,7255,0.166157,85.176288,3190,-1930,780,-3900
2.4972,45.0,512.625567,72632,117521,7255,0.166157,85.176288,-3120,-780,-2410,1150
2.4972,45.0,512.625567,72632,117521,7255,0.166157,85.176288,-3190,-710,-2410,1260
2.4972,45.0,512.625567,72632,117521,7255,0.166157,85.176288,-3900,780,-1930,3190
2.4972,45.0,512.625567,72632,117521,7255,0.166157,85.176288,-3900,710,-1970,3120
2.4972,45.0,514.460859,73153,118364,6605,0.157973,81.271151,520,2180,1670,1860
2.4972,45.0,514.460859,73153,118364,6605,0.157973,81.271151,2700,-2180,320,-3850
2.4972,45.0,514.460859,73153,118364,6605,0.157973,81.271151,-3850,1150,-1670,3530
2.4972,45.0,514.460859,73153,118364,6605,0.157973,81.271151,3850,-320,2180,-2700
2.4972,45.0,514.460859,73153,118364,6605,0.157973,81.271151,1860,-2380,-320,-3530
2.4972,45.0,514.460859,73153,118364,6605,0.157973,81.271151,3530,320,2380,-1860
2.4972,45.0,514.460859,73153,118364,6605,0.157973,81.271151,-1860,-1670,-2180,-520
2.4972,45.0,514.460859,73153,118364,6605,0.157973,81.271151,-520,2380,1150,2700
2.4972,45.0,514.460859,73153,118364,6605,0.157973,81.271151,-2700,-1150,-2380,520
2.4972,45.0,514.460859,73153,118364,6605,0.157973,81.271151,-3530,1670,-1150,3850
2.4972,45.0,514.460859,73153,118364,6605,0.157973,81.271151,2700,1150,2380,-520
2.4972,45.0,514.460859,73153,118364,6605,0.157973,81.271151,3850,-1150,1670,-3530
2.4972,45.0,514.460859,73153,118364,6605,0.157973,81.271151,-2700,2180,-320,3850
2.4972,45.0,514.460859,73153,118364,6605,0.157973,81.271151,-520,-2180,-1670,-1860
2.4972,45.0,514.460859,73153,118364,6605,0.157973,81.271151,-1860,2380,320,3530
2.4972,45.0,514.460859,73153,118364,6605,0.157973,81.271151,520,-2380,-1150,-2700
2.4972,45.0,514.460859,73153,118364,6605,0.157973,81.271151,1860,1670,2180,520
2.4972,45.0,514.460859,73153,118364,6605,0.157973,81.271151,3530,-1670,1150,-3850
2.4972,45.0,514.460859,73153,118364,6605,0.157973,81.271151,-3530,-320,-2380,1860
2.4972,45.0,514.460859,73153,118364,6605,0.157973,81.271151,-3850,320,-2180,2700
2.4972,45.0,515.591865,73475,118885,7775,0.171019,88.175960,2750,1120,2390,-580
2.4972,45.0,515.591865,73475,118885,7775,0.171019,88.175960,3870,-1120,1700,-3510
2.4972,45.0,515.591865,73475,118885,7775,0.171019,88.175960,-2750,2170,-360,3870
2.4972,45.0,515.591865,73475,118885,7775,0.171019,88.175960,-580,-2170,-1700,-1810
2.4972,45.0,515.591865,73475,118885,7775,0.171019,88.175960,-1810,2390,360,3510
2.4972,45.0,515.591865,73475,118885,7775,0.171019,88.175960,580,-2390,-1120,-2750
2.4972,45.0,515.591865,73475,118885,7775,0.171019,88.175960,1810,1700,2170,580
2.4972,45.0,515.591865,73475,118885,7775,0.171019,88.175960,3510,-1700,1120,-3870
2.4972,45.0,515.591865,73475,118885,7775,0.171019,88.175960,-3510,-360,-2390,1810
2.4972,45.0,515.591865,73475,118885,7775,0.171019,88.175960,-3870,360,-2170,2750
